feat,side,mode,n,y3,mkt,res,lo,hi,res_ex,n_ex,roi_lin,roi_mul,abs_res
f_pos_avg_3,最上位,事前指定,2266,19.72639011473963,21.19206918179346,-1.4656790670538322,-3.104140881040057,0.17278274693239282,-1.2301390577062894,2343,64.6955244314943,65.06559870071204,1.4656790670538322
f_pos_avg_3,最下位,事前指定,2038,21.197252208047104,20.202236863268915,0.9950153447781884,-0.7794374307756211,2.769468120331998,-0.010092150171781,2571,76.3838228876964,73.34276592095858,0.9950153447781884
f_pos_avg_3,最大残差(q3),データ選択,2126,23.18908748824083,22.100747839413803,1.0883396488270247,-0.7056822215075682,2.8823615191616176,0.22288295566424143,2480,76.82711333192837,73.34218856329103,1.0883396488270247
f_pos_avg_3,最小残差(q9),データ選択,2266,19.72639011473963,21.19206918179346,-1.4656790670538322,-3.104140881040057,0.17278274693239282,-1.2301390577062894,2343,64.6955244314943,65.06559870071204,1.4656790670538322
f_pos_std_3,最上位,事前指定,2549,20.24323264025108,21.527229710781263,-1.2839970705301824,-2.843890246885185,0.2758961058248206,0.5401714451769679,2060,65.55851391498165,65.73079678918879,1.2839970705301824
f_pos_std_3,最下位,事前指定,2100,22.428571428571427,21.756169586209403,0.6724018423620248,-1.1116116105020504,2.4564152952261002,1.5679766249411116,2509,74.85140875121962,72.06034760139478,0.6724018423620248
f_pos_std_3,最大残差(q3),データ選択,1370,31.45985401459854,30.62590941891596,0.8339445956825842,-1.624988157535779,3.292877348900947,-1.5024719119133527,3236,75.61873682949228,71.8033794700055,0.8339445956825842
f_pos_std_3,最小残差(q7),データ選択,2065,12.54237288135593,15.583146123722727,-3.0407732423667957,-4.469288036399896,-1.6122584483336952,-1.6956159375124291,2539,57.213827098757726,56.260260761601465,3.0407732423667957
f_p_front,最上位,事前指定,1998,21.42142142142142,21.16390676791775,0.257514653503671,-1.5414994010794243,2.0565287080867662,-0.3636250823361886,2611,72.88069460414245,70.7505175569566,0.257514653503671
f_p_front,最大残差(q6),データ選択,2340,23.162393162393162,22.460943544485513,0.7014496179076513,-1.0078837564295864,2.410782992244889,-0.407545897962433,2266,74.98938568506135,72.08295941996536,0.7014496179076513
f_p_front,最小残差(q2),データ選択,3196,18.39799749687109,20.139144536517392,-1.7411470396463042,-3.0844945413030187,-0.3977995379895898,-0.9206045997797813,1408,63.38705156168006,63.8567354586193,1.7411470396463042
f_p_mid,最上位,事前指定,1963,21.85430463576159,21.490201047820822,0.36410358794076725,-1.4640679691555922,2.1922751450371267,1.4704775656332492,2646,73.38699204271865,71.08429979972851,0.36410358794076725
f_p_mid,最大残差(q6),データ選択,996,36.64658634538153,34.62147722294603,2.025109122435498,-0.9673496485764717,5.017567893447467,-0.758553713365831,3610,81.27676833156862,73.9886507166258,2.025109122435498
f_p_mid,最小残差(q1),データ選択,2977,20.859926100100772,22.923176696001153,-2.0632505959003815,-3.5228082761113098,-0.6036929156894533,-2.211382500073669,1628,61.857059669473195,63.608497798274385,2.0632505959003815
f_p_back,最上位,事前指定,2505,15.728542914171657,18.56922881715864,-2.8406859029869835,-4.266413984346047,-1.4149578216279197,-1.281212810683932,2104,58.164241960811836,59.20682870172241,2.8406859029869835
f_p_back,最大残差(q4),データ選択,2258,30.159433126660762,29.05052320289132,1.108909923769441,-0.7841291036582676,3.00194895119715,0.5386743449259102,2349,76.92482213790485,72.5682068040609,1.108909923769441
f_p_back,最小残差(q9),データ選択,2505,15.728542914171657,18.56922881715864,-2.8406859029869835,-4.266413984346047,-1.4149578216279197,-1.281212810683932,2104,58.164241960811836,59.20682870172241,2.8406859029869835
f_last1_pos3c,最上位,事前指定,2583,19.008904374758036,20.522749873683637,-1.5138454989256034,-3.027027086873505,-0.0006639109777015761,0.8168272030240398,2026,64.46673388010339,64.74387808523701,1.5138454989256034
f_last1_pos3c,最下位,事前指定,1856,22.467672413793103,22.676909337011093,-0.20923692321799248,-2.108073277723758,1.689599431287773,0.2793795239796393,2753,70.66362461471454,69.2550416983382,0.20923692321799248
f_last1_pos3c,最大残差(q5),データ選択,2158,20.6209453197405,19.902150433850583,0.7187948858899174,-0.9882211376855079,2.4258109094653424,-0.8416205485163059,2446,75.07177570797711,72.42453938033992,0.7187948858899174
f_last1_pos3c,最小残差(q7),データ選択,2222,22.367236723672367,24.06782975853778,-1.7005930348654137,-3.4332505776124127,0.032064507881585325,-0.8446790254663467,2382,63.57968308438929,64.96098163691207,1.7005930348654137
f_last2_pos3c,最上位,事前指定,2776,21.289625360230545,21.404861594590383,-0.11523623435983621,-1.6380484072638284,1.4075759385441557,-0.8789984814172508,1833,71.11012788679078,69.52368302424398,0.11523623435983621
f_last2_pos3c,最下位,事前指定,1931,21.439668565510097,21.88138459849009,-0.44171603297999407,-2.2722408521591713,1.3888087861991831,1.312478419110061,2678,69.55934884334503,68.48893981016941,0.44171603297999407
f_last2_pos3c,最大残差(q1),データ選択,2323,22.040464916056823,21.429106949615008,0.611357966441814,-1.0743271888979842,2.297043121781612,-0.03531267544651939,2282,74.56145034059863,71.89419984952059,0.611357966441814
f_last2_pos3c,最小残差(q7),データ選択,2345,15.223880597014924,16.625835831362142,-1.4019552343472186,-2.856021164995364,0.05211069630092702,-0.8423840796843884,2259,64.99821263685072,64.00575974195448,1.4019552343472186
f_last3_pos3c,最上位,事前指定,2809,21.965112139551444,21.630548317518848,0.3345638220325964,-1.1964930371255325,1.8656206811907252,-1.9745508424820368,1800,73.24667815465484,70.98115665015935,0.3345638220325964
f_last3_pos3c,最下位,事前指定,2184,22.06959706959707,21.755923916221388,0.313673153375682,-1.4256505570858287,2.0529968638371927,0.5791377493857636,2425,73.1474474785345,70.90780612698376,0.313673153375682
f_last3_pos3c,最大残差(q3),データ選択,2145,26.293706293706293,25.552337062263753,0.7413692314425402,-1.1216640512037985,2.604402514088879,1.2548451765613422,2461,75.17900384935207,71.9280614313892,0.7413692314425402
f_last3_pos3c,最小残差(q7),データ選択,2971,14.776169639851902,16.471314251678795,-1.6951446118268931,-2.971190241488638,-0.41909898216514807,-0.43220823437530864,1633,63.60556309382226,62.70624444678889,1.6951446118268931
f_late_speed,最上位,事前指定,2184,20.741758241758244,21.216734733389107,-0.474976491630863,-2.1754691264375268,1.225516143175801,0.2704274031406967,2425,69.40136166475341,68.33515709734786,0.474976491630863
f_late_speed,最下位,事前指定,2259,22.000885347498894,22.060982975916428,-0.06009762841753252,-1.7683926348145436,1.6481973779794785,0.08885071858087956,2350,71.37203626501673,69.70958127609403,0.06009762841753252
f_late_speed,最大残差(q8),データ選択,2319,22.639068564036222,22.082144729217635,0.5569238348185873,-1.1463944929038536,2.2602421625410285,0.7285353442283149,2286,74.3028882153883,71.66291644363291,0.5569238348185873
f_late_speed,最小残差(q5),データ選択,2080,15.432692307692308,16.755285844899348,-1.3225935372070396,-2.8751467877769334,0.22995971336285392,-1.3489171003800926,2524,65.37518069826656,64.38238071814719,1.3225935372070396
f_last1_3f,最上位,事前指定,2181,20.72443833104081,21.841531745684893,-1.1170934146440854,-2.8182304004515535,0.5840435711633829,0.31436978974961616,2428,66.3513062804406,66.32493802207584,1.1170934146440854
f_last1_3f,最下位,事前指定,2317,21.579628830384117,21.577737826957446,0.001891003426671145,-1.6731655969757329,1.6769476038290754,0.3164452659584871,2292,71.66648226627669,69.90612581080484,0.001891003426671145
f_last1_3f,最大残差(q8),データ選択,2278,22.56365232660228,21.52932069418683,1.0343316324154528,-0.6822179070303904,2.750881171861296,0.6772809881791353,2327,76.5705752539734,73.25820075945833,1.0343316324154528
f_last1_3f,最小残差(q4),データ選択,2251,20.613060861839184,21.880680920472955,-1.2676200586337698,-2.9387649104501548,0.40352479318261514,-1.0249376113409618,2356,65.6363047214896,65.85046230871204,1.2676200586337698
f_last2_3f,最上位,事前指定,2364,21.362098138747886,21.68808552578713,-0.3259873870392449,-1.9782164111506728,1.326241637072183,0.4727530344603853,2245,70.10905991156359,68.84935316780498,0.3259873870392449
f_last2_3f,最下位,事前指定,2345,21.705756929637527,22.418573239964772,-0.7128163103272467,-2.381357877461613,0.9557252568071197,0.4629542347958149,2264,68.27162252594559,67.67747408104225,0.7128163103272467
f_last2_3f,最大残差(q8),データ選択,2389,22.771033905399747,22.071543585415636,0.6994903199841113,-0.9821359447388102,2.3811165847070326,0.8511718403301616,2216,74.98007901992453,72.11526750848535,0.6994903199841113
f_last2_3f,最小残差(q5),データ選択,1886,7.423117709437964,9.075793096150205,-1.6526753867122421,-2.835797784979912,-0.46955298844457216,-0.6182479169548671,2718,63.807291913116856,57.171414375875536,1.6526753867122421
f_last3_3f,最上位,事前指定,2420,22.066115702479337,21.50856477340008,0.5575509290792563,-1.0946942566228444,2.209796114781357,0.5649228790823774,2189,74.30586691312648,71.71196701654581,0.5575509290792563
f_last3_3f,最下位,事前指定,2313,21.6169476869866,22.575170349596313,-0.9582226626097146,-2.635776730326249,0.7193314051068203,0.7113163662655603,2296,67.10594235260386,66.93303394485275,0.9582226626097146
f_last3_3f,最大残差(q8),データ選択,2414,22.535211267605636,21.938044024669626,0.5971672429360086,-1.0695826113576414,2.2639170972296587,1.5327814964837678,2191,74.49404440394605,71.80272160244951,0.5971672429360086
f_last3_3f,最小残差(q6),データ選択,4142,21.84934814099469,23.468705718399942,-1.6193575774052533,-2.877809326832473,-0.3609058279780337,0.13397480375856446,464,63.96555150732505,65.07684971558183,1.6193575774052533
f_recent,最上位,事前指定,2018,24.62834489593657,23.90168320139941,0.726661694537159,-1.1531620452950526,2.6064854343693704,1.498237803991445,2591,75.10914304905151,72.02510775999131,0.726661694537159
f_recent,最下位,事前指定,2159,15.516442797591479,18.06361483395692,-2.5471720363654415,-4.074428347189659,-1.0199157255412237,-2.1452759776883212,2450,59.558432827264156,60.043316995043455,2.5471720363654415
f_recent,最大残差(q7),データ選択,2256,24.601063829787233,23.071960907587375,1.5291029221998598,-0.2481370675517447,3.3063429119514645,0.5880204878436657,2348,78.92073888044933,74.53264889750314,1.5291029221998598
f_recent,最小残差(q0),データ選択,2159,15.516442797591479,18.06361483395692,-2.5471720363654415,-4.074428347189659,-1.0199157255412237,-2.1452759776883212,2450,59.558432827264156,60.043316995043455,2.5471720363654415
f_recent_fukusho,最上位,事前指定,2328,25.42955326460481,24.09748273712688,1.332070527477927,-0.43688665586002573,3.1010277108158797,1.3560363415146743,2281,77.98483500552015,73.7639608496223,1.332070527477927
f_recent_fukusho,最下位,事前指定,1040,33.75,35.965278345927246,-2.2152783459272465,-5.089162326643132,0.6586056347886391,-0.3033503230018775,3569,61.134927856845586,65.59451527968365,2.2152783459272465
f_recent_fukusho,最大残差(q9),データ選択,2328,25.42955326460481,24.09748273712688,1.332070527477927,-0.43688665586002573,3.1010277108158797,1.3560363415146743,2281,77.98483500552015,73.7639608496223,1.332070527477927
f_recent_fukusho,最小残差(q0),データ選択,1040,33.75,35.965278345927246,-2.2152783459272465,-5.089162326643132,0.6586056347886391,-0.3033503230018775,3569,61.134927856845586,65.59451527968365,2.2152783459272465
f_career_runs,最上位,事前指定,4580,20.91703056768559,21.33897878246876,-0.42194821478317157,-1.5998656004712726,0.7559691709049295,7.749228007399289,29,69.65324597977994,68.51782606777908,0.42194821478317157
f_career_runs,最下位,事前指定,1818,21.067106710671066,22.33939886713455,-1.272292156463481,-3.1468143668290063,0.602230053902044,-1.1967532263752716,2791,65.61411225679848,65.91899664956362,1.272292156463481
f_career_runs,最大残差(q5),データ選択,2585,22.127659574468083,21.04356219740289,1.0840973770651963,-0.5161427338788982,2.684337488009291,0.5438442495683871,2019,76.80696254105969,73.5010256222784,1.0840973770651963
f_career_runs,最小残差(q1),データ選択,1748,17.73455377574371,21.027986010351146,-3.293432234607438,-5.084055483137854,-1.5028089860770217,-0.6720776284747904,2857,56.01369688561468,58.95216538161396,3.293432234607438
f_last1_rank,最上位,事前指定,2509,18.65284974093264,20.938077457047463,-2.285227716114821,-3.8094542172977626,-0.7610012149318794,-1.3706472193793924,2100,60.8026683484546,62.27096062500903,2.285227716114821
f_last1_rank,最下位,事前指定,1892,20.243128964059196,20.301135817007196,-0.058006852948000454,-1.8685896101935067,1.7525759042975058,0.33589088734728434,2717,71.38196744849701,69.70027329221313,0.058006852948000454
f_last1_rank,最大残差(q2),データ選択,2017,25.979176995537927,25.152695315704666,0.826481679833263,-1.0873016680094898,2.740265027676016,1.0109330624002517,2587,75.58328797920801,72.19681426563754,0.826481679833263
f_last1_rank,最小残差(q9),データ選択,2509,18.65284974093264,20.938077457047463,-2.285227716114821,-3.8094542172977626,-0.7610012149318794,-1.3706472193793924,2100,60.8026683484546,62.27096062500903,2.285227716114821
f_last2_rank,最上位,事前指定,2759,19.86226893802102,20.551489819563564,-0.6892208815425432,-2.1779413898757274,0.7994996267906408,-2.5386926631150386,1850,68.38370081267293,67.5558127881336,0.6892208815425432
f_last2_rank,最下位,事前指定,1867,21.424745581146222,22.230871704764425,-0.8061261236182005,-2.667290138697151,1.05503789146075,-0.40734869936958906,2742,67.82840091281355,67.36531684455558,0.8061261236182005
f_last2_rank,最大残差(q3),データ選択,1691,36.25073920756949,34.765870661854784,1.484868545714707,-0.8064226041608638,3.7761596955902776,-0.35184621375734526,2915,78.71062559214486,72.88546561238114,1.484868545714707
f_last2_rank,最小残差(q7),データ選択,2099,16.769890424011432,18.61529895495517,-1.8454085309437374,-3.4436971158830243,-0.24711994600445042,0.20779249740532357,2505,62.89180947801725,62.97053533627885,1.8454085309437374
f_last3_rank,最上位,事前指定,2670,19.625468164794007,20.516293233245545,-0.8908250684515368,-2.397326961078767,0.6156768241756935,-0.3754422430466253,1939,67.4260809248552,66.86491605102138,0.8908250684515368
f_last3_rank,最下位,事前指定,1818,22.992299229922992,22.739992926141266,0.25230630378172414,-1.681965102180516,2.1865777097439643,0.4688070983999537,2791,72.8559549429632,70.67555919615387,0.25230630378172414
f_last3_rank,最大残差(q1),データ選択,1938,23.323013415892675,21.040553391465483,2.282460024427191,0.3996606974065027,4.1652593514478795,0.8510260468053366,2667,82.49918511602917,77.48268818975909,2.282460024427191
f_last3_rank,最小残差(q6),データ選択,2269,8.990744821507272,11.145583868588096,-2.154839047080824,-3.3318471135629606,-0.9778309805986876,0.38578296125922895,2337,61.42201452636609,56.38583589995181,2.154839047080824
f_dist_fukusho,最上位,事前指定,2241,25.34582775546631,23.757748381355277,1.5880793741110315,-0.21292772578588393,3.389086474007947,-0.18007232766422687,2368,79.2008770270274,74.57244397358285,1.5880793741110315
f_dist_fukusho,最下位,事前指定,2024,20.158102766798418,21.033674754246544,-0.875571987448126,-2.623369306588511,0.8722253316922588,0.18993544584860467,2585,67.49853305962141,66.99026203753257,0.875571987448126
f_dist_fukusho,最大残差(q9),データ選択,2241,25.34582775546631,23.757748381355277,1.5880793741110315,-0.21292772578588393,3.389086474007947,-0.18007232766422687,2368,79.2008770270274,74.57244397358285,1.5880793741110315
f_dist_fukusho,最小残差(q6),データ選択,2203,23.694961416250568,24.981500840036297,-1.286539423785729,-3.0621733481816436,0.48909450061018545,-1.5042567366171933,2403,65.5464377370178,66.30017201934888,1.286539423785729
f_course_fukusho,最上位,事前指定,2375,24.54736842105263,23.75849438768296,0.7888740333696714,-0.9419938933848858,2.519741960124229,-0.11896033885331891,2234,75.40465165850594,72.22095073167294,0.7888740333696714
f_course_fukusho,最下位,事前指定,1788,20.52572706935123,20.08412365462373,0.4416034147274983,-1.4305217057919395,2.313728535246936,1.5403226796070286,2821,73.75511621995562,71.43693928698482,0.4416034147274983
f_course_fukusho,最大残差(q9),データ選択,2375,24.54736842105263,23.75849438768296,0.7888740333696714,-0.9419938933848858,2.519741960124229,-0.11896033885331891,2234,75.40465165850594,72.22095073167294,0.7888740333696714
f_course_fukusho,最小残差(q5),データ選択,2127,33.568406205923836,35.68052198677578,-2.1121157808519477,-4.119012501539321,-0.10521906016457461,-0.9471369581989921,2477,61.62495004095325,65.76225523448706,2.1121157808519477
f_perf_highpace,最上位,事前指定,2578,24.74786656322731,23.414973462754375,1.3328931004729343,-0.3329837999002869,2.9987700008461555,0.24705078880457865,2031,77.98874222724645,73.87904477112734,1.3328931004729343
f_perf_highpace,最下位,事前指定,2173,20.24850437183617,20.075946251555298,0.17255812028087458,-1.517073784112032,1.8621900246737813,0.26783909248714877,2436,72.47715107133416,70.50080917016295,0.17255812028087458
f_perf_highpace,最大残差(q9),データ選択,2578,24.74786656322731,23.414973462754375,1.3328931004729343,-0.3329837999002869,2.9987700008461555,0.24705078880457865,2031,77.98874222724645,73.87904477112734,1.3328931004729343
f_perf_highpace,最小残差(q5),データ選択,2237,24.8547161376844,27.655764536350098,-2.801048398665698,-4.591977311250225,-1.0101194860811713,-0.3904787229753348,2367,58.35252010633794,62.82034458821827,2.801048398665698
f_perf_slowpace,最上位,事前指定,2291,26.931470973374072,24.689573728758564,2.2418972446155094,0.4253832568784979,4.058411232352521,1.567648457917978,2318,82.30651191192368,76.2471576755531,2.2418972446155094
f_perf_slowpace,最下位,事前指定,2344,19.453924914675767,20.11064455520556,-0.6567196405297931,-2.259238232013168,0.9457989509535817,0.2538650424240424,2265,68.53808170748349,67.61739275949013,0.6567196405297931
f_perf_slowpace,最大残差(q9),データ選択,2291,26.931470973374072,24.689573728758564,2.2418972446155094,0.4253832568784979,4.058411232352521,1.567648457917978,2318,82.30651191192368,76.2471576755531,2.2418972446155094
f_perf_slowpace,最小残差(q2),データ選択,2299,22.140060896041756,23.79523446198626,-1.6551735659445037,-3.352373558192329,0.04202642630332143,-0.7345878866476391,2305,63.795425561763615,65.03782339718693,1.6551735659445037
f_jockey,最上位,事前指定,2295,22.91938997821351,21.479081238801616,1.4403087394118912,-0.2793363547614145,3.159953833585197,4.341247856251304,2314,78.4989665122065,74.58723870288358,1.4403087394118912
f_jockey,最下位,事前指定,2251,19.235895157707684,20.89892610338739,-1.6630309456797026,-3.2913282971742994,-0.03473359418510591,-3.8727922753094863,2358,63.75810300802142,64.33771117578287,1.6630309456797026
f_jockey,最大残差(q9),データ選択,2295,22.91938997821351,21.479081238801616,1.4403087394118912,-0.2793363547614145,3.159953833585197,4.341247856251304,2314,78.4989665122065,74.58723870288358,1.4403087394118912
f_jockey,最小残差(q2),データ選択,2219,19.648490310950876,21.572581415307337,-1.9240911043564597,-3.5773430185980093,-0.27083919011490987,-1.1158581583386478,2385,62.51806725430682,63.66551347262117,1.9240911043564597
f_jockey_rate,最上位,事前指定,2295,22.91938997821351,21.479081238801616,1.4403087394118912,-0.2793363547614145,3.159953833585197,4.341247856251304,2314,78.4989665122065,74.58723870288358,1.4403087394118912
f_jockey_rate,最下位,事前指定,2251,19.235895157707684,20.89892610338739,-1.6630309456797026,-3.2913282971742994,-0.03473359418510591,-3.8727922753094863,2358,63.75810300802142,64.33771117578287,1.6630309456797026
f_jockey_rate,最大残差(q9),データ選択,2295,22.91938997821351,21.479081238801616,1.4403087394118912,-0.2793363547614145,3.159953833585197,4.341247856251304,2314,78.4989665122065,74.58723870288358,1.4403087394118912
f_jockey_rate,最小残差(q2),データ選択,2219,19.648490310950876,21.572581415307337,-1.9240911043564597,-3.5773430185980093,-0.27083919011490987,-1.1158581583386478,2385,62.51806725430682,63.66551347262117,1.9240911043564597
f_trainer,最上位,事前指定,2309,22.52057167605024,22.472884777239077,0.04768689881116117,-1.6561460566018398,1.7515198542241621,1.2540450398859537,2300,71.88401276935302,70.04832604981253,0.04768689881116117
f_trainer,最下位,事前指定,2177,20.946256316031235,22.86398291833792,-1.9177266023066852,-3.627117095491138,-0.20833610912223266,-1.1863794242105874,2432,62.54829863904325,64.03710682080138,1.9177266023066852
f_trainer,最大残差(q6),データ選択,2217,23.906179521876407,21.745095619766076,2.1610839021103336,0.38565613516975694,3.93651166905091,-0.6307381661393191,2389,81.9226485350241,76.84684297548917,2.1610839021103336
f_trainer,最小残差(q0),データ選択,2177,20.946256316031235,22.86398291833792,-1.9177266023066852,-3.627117095491138,-0.20833610912223266,-1.1863794242105874,2432,62.54829863904325,64.03710682080138,1.9177266023066852
f_post,最上位,事前指定,2354,22.769753610875107,22.155722950638253,0.6140306602368528,-1.0800173639453592,2.3080786844190646,-0.49355615063854386,2255,74.57414563612505,71.83723054066805,0.6140306602368528
f_post,最下位,事前指定,2319,19.27554980595084,21.574517875253317,-2.298968069302476,-3.904472957455903,-0.6934631811490493,-0.0033119891655775113,2290,60.73740167081324,62.451496678933026,2.298968069302476
f_post,最大残差(q6),データ選択,2162,23.496762257169287,21.884967381988666,1.6117948751806221,-0.17540096811879113,3.3989907184800354,1.2708291088370516,2444,79.31352565710796,75.04802968670855,1.6117948751806221
f_post,最小残差(q0),データ選択,2319,19.27554980595084,21.574517875253317,-2.298968069302476,-3.904472957455903,-0.6934631811490493,-0.0033119891655775113,2290,60.73740167081324,62.451496678933026,2.298968069302476
f_days_since_last,最下位,事前指定,809,24.598269468479607,25.89405941210397,-1.2957899436243647,-4.263522388358332,1.6719425011096025,-1.690558756016125,3800,65.50249776778428,66.40206575887426,1.2957899436243647
f_days_since_last,最大残差(q5),データ選択,2514,24.184566428003183,23.044388329253522,1.1401780987496613,-0.5336906422446854,2.814046839744008,1.2485590974488732,2090,77.0733459690609,73.35847535477559,1.1401780987496613
f_days_since_last,最小残差(q1),データ選択,2966,19.521240728253538,21.287872108730504,-1.7666313804769658,-3.19310860725413,-0.3401541536998016,1.8595834577659343,1639,63.26600094273442,64.0991603075868,1.7666313804769658
f_interval_score,最上位,事前指定,3198,20.57535959974984,22.174840960914956,-1.5994813611651142,-3.0005783101520875,-0.19838441217814085,-2.192359142007383,1411,64.05996353446571,64.85808121724503,1.5994813611651142
f_interval_score,最小残差(q9),データ選択,3198,20.57535959974984,22.174840960914956,-1.5994813611651142,-3.0005783101520875,-0.19838441217814085,-2.192359142007383,1411,64.05996353446571,64.85808121724503,1.5994813611651142
f_blood,最上位,事前指定,2611,22.098812715434697,22.37225989046559,-0.27344717503089144,-1.8649563420974768,1.3180619920356942,0.23942562900623743,1998,70.35862591860327,69.04564028720205,0.27344717503089144
f_blood,最下位,事前指定,1672,22.667464114832537,23.33731893787906,-0.6698548230465257,-2.6767307759692964,1.3370211298762453,0.03325997389516944,2937,68.47568959052902,67.89364904530858,0.6698548230465257
f_blood,最大残差(q1),データ選択,2118,23.79603399433428,23.031754082040877,0.764279912293403,-1.0492894530475245,2.5778492776343302,0.25684373080158696,2487,75.28782958339367,72.21954395132093,0.764279912293403
f_blood,最小残差(q2),データ選択,2309,18.23300129926375,19.397006291588255,-1.164004992324505,-2.7389384706356186,0.4109284859866087,-0.18618665092473563,2295,66.1284762864586,65.70533471297747,1.164004992324505
f_weight_load,最上位,事前指定,2914,19.080301990391217,20.234027162705438,-1.1537251723142212,-2.5804198673300416,0.27296952270159935,-0.8540141110964822,1695,66.17730543150745,65.91436783215323,1.1537251723142212
f_weight_load,最下位,事前指定,815,26.625766871165645,27.68440830668506,-1.058641435519414,-4.093232098087075,1.9759492270482464,-0.20559758659610405,3794,66.62895318128278,67.22705010260458,1.058641435519414
f_weight_load,最大残差(q6),データ選択,1178,6.536502546689304,5.914819961820142,0.621682584869162,-0.7898053094388772,2.033170479177201,-0.33419791468722315,3428,74.61049227812853,77.24690370338543,0.621682584869162
f_weight_load,最小残差(q5),データ選択,2078,30.702598652550527,32.040190304104485,-1.3375916515539543,-3.3208502321020563,0.6456669289941477,-0.8931609259315715,2526,65.30393965511873,66.98186326122901,1.3375916515539543
f_pace,最上位,事前指定,2305,22.0824295010846,22.373344526112852,-0.2909150250282516,-1.9843235201002023,1.4024934700436988,0.04024070342849018,2304,70.27565363111582,68.99110771410412,0.2909150250282516
f_pace,最下位,事前指定,2219,20.234339792699412,22.225452107434403,-1.9911123147349912,-3.6627029201939854,-0.319521709275997,-0.717091785206625,2390,62.199716505008794,63.6378663827756,1.9911123147349912
f_pace,最大残差(q4),データ選択,2192,23.12956204379562,22.290703715966757,0.8388583278288647,-0.9263630522339507,2.60407970789168,0.4670919822431452,2415,75.64207705718711,72.53052247530601,0.8388583278288647
f_pace,最小残差(q0),データ選択,2219,20.234339792699412,22.225452107434403,-1.9911123147349912,-3.6627029201939854,-0.319521709275997,-0.717091785206625,2390,62.199716505008794,63.6378663827756,1.9911123147349912
f_speed_avg,最上位,事前指定,2466,22.871046228710462,23.71846162750075,-0.8474153987902883,-2.5051357579530458,0.8103049603724694,-0.28456564160250497,2143,67.63227685574614,67.4026063112474,0.8474153987902883
f_speed_avg,最下位,事前指定,2273,19.885613726352837,21.278750819211297,-1.3931370928584568,-3.03403328832571,0.2477591026087964,0.4310567400718085,2336,65.04009880892234,65.32359024652483,1.3931370928584568
f_speed_avg,最大残差(q1),データ選択,2246,21.861086375779163,21.30381972836824,0.5572666474109228,-1.1520430240923916,2.2665763189142374,-1.0557185308233934,2359,74.30451657520189,71.72844856700294,0.5572666474109228
f_speed_avg,最小残差(q3),データ選択,2202,20.52679382379655,22.165337343441582,-1.638543519645033,-3.325556177451984,0.04846913816191778,-0.44552160415016195,2404,63.8744182816861,64.73273409068702,1.638543519645033
f_speed_max,最上位,事前指定,2272,22.66725352112676,21.695136153617852,0.9721173675089068,-0.7494858913263855,2.693720626344199,0.8630635266458686,2337,76.27505749566731,73.03208469897255,0.9721173675089068
f_speed_max,最下位,事前指定,2134,20.056232427366446,21.256128583930543,-1.1998961565640953,-2.8988275702782387,0.4990352571500478,-0.14309861165178184,2475,65.95799325632055,65.95418545467224,1.1998961565640953
f_speed_max,最大残差(q5),データ選択,2509,23.236349143084894,21.924011346361418,1.3123377967234755,-0.34026125096641024,2.9649368444133612,0.5013923251616037,2095,77.89110453443652,74.08410712080732,1.3123377967234755
f_speed_max,最小残差(q2),データ選択,2076,19.460500963391137,21.13845293472823,-1.6779519713370938,-3.3809881211726722,0.025084178498484766,0.5848955265117667,2528,63.68722813614881,64.35139891937078,1.6779519713370938
f_speed_last,最上位,事前指定,2710,18.634686346863468,20.279532698165863,-1.6448463513023925,-3.110907621902985,-0.1787850807018001,0.4951916010848434,1899,63.84447983131364,64.2305024988847,1.6448463513023925
f_speed_last,最下位,事前指定,2331,20.634920634920633,21.887333257609313,-1.2524126226886785,-2.895274543724005,0.3904492983466483,0.5100447371052752,2278,65.70854004222878,65.90025999990183,1.2524126226886785
f_speed_last,最大残差(q2),データ選択,2235,22.863534675615213,22.160671282865717,0.7028633927494948,-1.0382171453126068,2.4439439308115967,0.6466654627659968,2369,74.99610111556011,72.11699742422408,0.7028633927494948
f_speed_last,最小残差(q9),データ選択,2710,18.634686346863468,20.279532698165863,-1.6448463513023925,-3.110907621902985,-0.1787850807018001,0.4951916010848434,1899,63.84447983131364,64.2305024988847,1.6448463513023925
f_speed_trend,最上位,事前指定,2220,19.864864864864863,20.948741039325064,-1.0838761744601992,-2.743592548050466,0.5758401991300677,-1.4563394890826058,2389,66.50908817131406,66.28341299591487,1.0838761744601992
f_speed_trend,最下位,事前指定,2548,22.95918367346939,21.995617152325075,0.9635665211443128,-0.6694666959783703,2.596599738266996,0.4254900478460083,2061,76.23444097543549,72.96212366588988,0.9635665211443128
f_speed_trend,最大残差(q1),データ選択,2309,23.21351234300563,21.763530094183942,1.449982248821688,-0.2721120724640116,3.1720765701073876,-0.3989237173244009,2296,78.54491568190302,74.55704592747671,1.449982248821688
f_speed_trend,最小残差(q5),データ選択,3163,16.092317420170723,17.866679672388805,-1.7743622522180813,-3.054971500604857,-0.4937530038313058,-0.9287694217219922,1441,63.22927930196412,62.95814377913111,1.7743622522180813
f_age,最上位,事前指定,2712,21.718289085545724,22.917822682378326,-1.1995335968326026,-2.7513994889627083,0.352332295297503,-2.268537437935661,1897,65.95971541504514,66.24138898879475,1.1995335968326026
f_age,最下位,事前指定,525,9.523809523809524,10.173061082415392,-0.6492515586058691,-3.1602643393748524,1.8617612221631141,-0.017225268226198076,4084,68.57355509662213,65.43893527435944,0.6492515586058691
f_age,最大残差(q6),データ選択,1367,26.70080468178493,24.694570371878502,2.006234309906427,-0.3389857079861378,4.351454327798992,-0.015373780292007866,3239,81.18711297205553,75.57881020607493,2.006234309906427
f_age,最小残差(q5),データ選択,3174,25.771896660365467,27.38679559176666,-1.614898931401193,-3.1365321566289484,-0.09326570617343766,1.3940794350228076,1430,63.986730075844335,65.77825326527507,1.614898931401193
f_track_cond,最上位,事前指定,2300,22.17391304347826,22.14853900342567,0.025374040052589253,-1.6723844888188024,1.723132568923981,0.13087895874500932,2309,71.7780266902498,69.98007956639496,0.025374040052589253
f_track_cond,最大残差(q9),データ選択,2300,22.17391304347826,22.14853900342567,0.025374040052589253,-1.6723844888188024,1.723132568923981,0.13087895874500932,2309,71.7780266902498,69.98007956639496,0.025374040052589253
f_track_cond,最小残差(q7),データ選択,1859,20.97902097902098,22.264174195516475,-1.2851532164954937,-3.136041422628997,0.5657349896380099,-0.2343160623186763,2745,65.55302222164642,65.8651676705294,1.2851532164954937
f_heavy_track_rate,最上位,事前指定,2816,28.693181818181817,26.88981569879079,1.8033661193910255,0.13268090051245585,3.4740513382695952,1.5687457230952495,1793,80.22348906710738,74.58784513651767,1.8033661193910255
f_heavy_track_rate,最大残差(q9),データ選択,2816,28.693181818181817,26.88981569879079,1.8033661193910255,0.13268090051245585,3.4740513382695952,1.5687457230952495,1793,80.22348906710738,74.58784513651767,1.8033661193910255
f_heavy_track_rate,最小残差(q6),データ選択,2822,19.808646350106308,21.79800385402705,-1.9893575039207438,-3.459870063505739,-0.518844944335749,-1.6767491997309036,1784,62.20805185637647,63.520696167627754,1.9893575039207438
f_class_level,最上位,事前指定,2726,21.496698459280996,22.209902214272013,-0.7132037549910153,-2.2553408672472823,0.8289333572652517,-0.08461857815069695,1883,68.26978216379268,67.65537316675638,0.7132037549910153
f_class_level,最下位,事前指定,1183,27.64158918005072,27.53456317266849,0.10702600738222712,-2.4415037745232233,2.6555557892876775,-0.31970617411292424,3426,72.16587353506559,70.17169916839079,0.10702600738222712
f_class_level,最大残差(q0),データ選択,1183,27.64158918005072,27.53456317266849,0.10702600738222712,-2.4415037745232233,2.6555557892876775,-0.31970617411292424,3426,72.16587353506559,70.17169916839079,0.10702600738222712
f_class_level,最小残差(q9),データ選択,2726,21.496698459280996,22.209902214272013,-0.7132037549910153,-2.2553408672472823,0.8289333572652517,-0.08461857815069695,1883,68.26978216379268,67.65537316675638,0.7132037549910153
f_class_jump,最上位,事前指定,2762,18.89934829833454,19.08232630910803,-0.18297801077349074,-1.6430686634142502,1.2771126418672685,-0.36467804351504873,1847,70.78835444882593,69.22973775073945,0.18297801077349074
f_class_jump,最下位,事前指定,1125,18.755555555555556,18.60817580455828,0.1473797509972785,-2.1337060080844186,2.4284655100789756,-0.5183248716547545,3484,72.35755381723708,70.45361926407566,0.1473797509972785
f_class_jump,最大残差(q3),データ選択,1074,36.778398510242084,36.224353247921776,0.5540452623203074,-2.3298739101974792,3.4379644348380936,-0.5717591985933773,3532,74.28921499602147,70.96910849646189,0.5540452623203074
f_class_jump,最小残差(q8),データ選択,1563,25.399872040946896,27.093611634590065,-1.6937395936431676,-3.851792725468245,0.4643135381819097,0.9726745194836961,3042,63.61223693019496,65.53024674626592,1.6937395936431676
f_finish_time_avg,最上位,事前指定,1824,21.984649122807017,22.459658412690285,-0.47500928988326585,-2.375621245041222,1.4256026652746905,-0.5421929854207613,1942,69.4012058730545,68.42165385809787,0.47500928988326585
f_finish_time_avg,最下位,事前指定,2070,21.884057971014492,22.644887613653804,-0.7608296426393102,-2.5419967404494628,1.0203374551708426,-0.09548532658761877,1698,68.04355919746328,67.55147909197741,0.7608296426393102
f_finish_time_avg,最大残差(q5),データ選択,1924,24.012474012474012,23.401156264671048,0.6113177478029669,-1.2974062943986637,2.5200417900045973,-0.39136190159958784,1839,74.5612593020641,71.72602560694571,0.6113177478029669
f_finish_time_avg,最小残差(q4),データ選択,1738,20.425776754890677,21.44163696949402,-1.0158602146033395,-2.911285543019148,0.8795651138124694,0.8488096073172496,2026,66.83216398063415,66.58828321728417,1.0158602146033395
f_time_diff_avg,最上位,事前指定,1734,18.281430219146483,20.700950477470904,-2.419520258324423,-4.238789545676193,-0.6002509709726533,-1.7768803573152414,1966,60.164778772959,61.730111074323034,2.419520258324423
f_time_diff_avg,最下位,事前指定,1767,24.3350311262026,23.166126201242577,1.1689049249600263,-0.8318835565965328,3.1696934065165854,1.403353616303682,1933,77.20979839356013,73.42697958842696,1.1689049249600263
f_time_diff_avg,最大残差(q0),データ選択,1767,24.3350311262026,23.166126201242577,1.1689049249600263,-0.8318835565965328,3.1696934065165854,1.403353616303682,1933,77.20979839356013,73.42697958842696,1.1689049249600263
f_time_diff_avg,最小残差(q9),データ選択,1734,18.281430219146483,20.700950477470904,-2.419520258324423,-4.238789545676193,-0.6002509709726533,-1.7768803573152414,1966,60.164778772959,61.730111074323034,2.419520258324423
f_weight_trend_avg,最上位,事前指定,1134,20.54673721340388,21.526804971139864,-0.9800677577359834,-3.3317402841737747,1.371604768701808,-1.5035372649520289,837,67.00217815075409,66.71760779838952,0.9800677577359834
f_weight_trend_avg,最下位,事前指定,1280,20.703125,21.504986807790257,-0.8018618077902578,-3.0215760826682585,1.4178524670877426,1.074217178658271,691,67.84865641299628,67.29362126256993,0.8018618077902578
f_weight_trend_avg,最大残差(q6),データ選択,493,29.411764705882355,26.240615824462637,3.1711488814197164,-0.8510108672009862,7.193308630040419,-0.09323667816720782,1478,86.72045718674366,78.34733630849449,3.1711488814197164
f_weight_trend_avg,最小残差(q4),データ選択,605,30.57851239669421,31.837816854891294,-1.2593044581970803,-4.930719803387758,2.412110886993597,0.4669819137607806,1365,65.67580382356387,67.13519417084491,1.2593044581970803
f_weight_last_diff,最上位,事前指定,1000,22.2,22.68459851438407,-0.4845985143840714,-3.060459119308181,2.091262090540038,-1.1791421428702904,971,69.35565705667567,68.40676501354135,0.4845985143840714
f_weight_last_diff,最下位,事前指定,968,19.421487603305785,20.977684547174608,-1.5561969438688235,-4.048318727513418,0.9359248397757707,0.055400168642558145,1003,64.2655645166231,64.71457707442352,1.5561969438688235
f_weight_last_diff,最大残差(q4),データ選択,451,32.8159645232816,29.036479583760254,3.7794849395213435,-0.5540612559257925,8.11303113496848,0.3776301961145867,1519,89.61005346272638,78.9984169244917,3.7794849395213435
f_weight_last_diff,最小残差(q0),データ選択,968,19.421487603305785,20.977684547174608,-1.5561969438688235,-4.048318727513418,0.9359248397757707,0.055400168642558145,1003,64.2655645166231,64.71457707442352,1.5561969438688235
f_competitiveness,最上位,事前指定,2381,21.335573288534228,22.940756539322596,-1.6051832507883668,-3.250758410898744,0.040391909322010644,-0.8462578789893066,2228,64.03287955875527,65.00904058295629,1.6051832507883668
f_competitiveness,最下位,事前指定,2433,22.44143033292232,21.852242824316328,0.5891875086059928,-1.0685859393479593,2.2469609565599447,0.07269987054496219,2176,74.45614066587846,71.78466727112014,0.5891875086059928
f_competitiveness,最大残差(q3),データ選択,2305,23.080260303687634,21.849734666070965,1.2305256376166696,-0.48959877958617737,2.9506500548195165,-0.6800584398067661,2301,77.50249677867919,73.83660350498307,1.2305256376166696
f_competitiveness,最小残差(q8),データ選択,1619,18.65348980852378,20.735430283268155,-2.0819404747443757,-3.979442102772545,-0.18443884671620658,-0.5616148969833812,2986,61.768282744964225,62.88169185801459,2.0819404747443757
f_competitive_best,最上位,事前指定,2338,21.471343028229256,23.049644925082383,-1.5783018968531266,-3.2427777843910706,0.08617399068481757,-0.7323224105328846,2271,64.16056598994766,65.11366585261446,1.5783018968531266
f_competitive_best,最下位,事前指定,2139,23.515661524076673,23.883485794166067,-0.36782427008939245,-2.1651034223611476,1.429454882182363,0.6820215109829331,2470,69.91033471707539,68.82348559582836,0.36782427008939245
f_competitive_best,最大残差(q1),データ選択,2059,16.172899465760075,14.81109616980108,1.3618032959589965,-0.22862489028290622,2.952231482200899,0.9174771930491765,2546,78.12606565580523,76.32694161838072,1.3618032959589965
f_competitive_best,最小残差(q8),データ選択,1596,17.606516290726816,20.46074349997428,-2.8542272092474645,-4.722854886804295,-0.9855995316906345,-0.5120667499254494,3009,58.09992075607455,60.14910888860669,2.8542272092474645
f_speed_fig_last,最上位,事前指定,1755,22.450142450142447,22.343446400312494,0.10669604982995462,-1.8454736319518386,2.058865731611748,0.06574978958435729,2011,72.16430623669228,70.23379156238894,0.10669604982995462
f_speed_fig_last,最下位,事前指定,1815,20.05509641873278,21.171502811594223,-1.116406392861441,-2.9585586618393416,0.7257458761164597,-2.1395460606834753,1953,66.35456963390816,66.21406388316095,1.116406392861441
f_speed_fig_last,最大残差(q7),データ選択,1944,23.765432098765434,23.22264822045053,0.5427838783149008,-1.34937138470347,2.4349391413332717,-0.17230234944781986,1819,74.23572342199579,71.53377547358275,0.5427838783149008
f_speed_fig_last,最小残差(q0),データ選択,1815,20.05509641873278,21.171502811594223,-1.116406392861441,-2.9585586618393416,0.7257458761164597,-2.1395460606834753,1953,66.35456963390816,66.21406388316095,1.116406392861441
f_speed_fig_avg,最上位,事前指定,1834,24.263904034896402,23.174909137221984,1.0889948976744168,-0.8729563105880489,3.0509461059368825,1.2067982240475172,1932,76.83022576395348,73.1846188477685,1.0889948976744168
f_speed_fig_avg,最下位,事前指定,1753,19.566457501426125,21.122488028975056,-1.5560305275489295,-3.4131498710191788,0.30108881592131986,-2.1255839958830762,2015,64.26635499414259,64.75067603179757,1.5560305275489295
f_speed_fig_avg,最大残差(q9),データ選択,1834,24.263904034896402,23.174909137221984,1.0889948976744168,-0.8729563105880489,3.0509461059368825,1.2067982240475172,1932,76.83022576395348,73.1846188477685,1.0889948976744168
f_speed_fig_avg,最小残差(q4),データ選択,1936,20.24793388429752,22.034879393584,-1.7869455092864805,-3.576993701766301,0.003102683193340061,0.8083016657488479,1828,63.16950883088922,64.23137396088973,1.7869455092864805
f_speed_fig_max,最上位,事前指定,1792,22.321428571428573,23.015950651676484,-0.6945220802479113,-2.6224849988812027,1.2334408383853803,1.1436174032536135,1974,68.35852011882243,67.79071960815172,0.6945220802479113
f_speed_fig_max,最下位,事前指定,1670,18.742514970059883,21.00426066131354,-2.261745691253661,-4.133476794485181,-0.39001458802214084,-1.9074186735323546,2098,60.91420796654512,62.37314502672222,2.261745691253661
f_speed_fig_max,最大残差(q7),データ選択,1879,24.05534858967536,23.25637220888959,0.798976380785768,-1.1336464475715697,2.7315992091431056,0.9539086614221953,1884,75.4526378087324,72.3014256615474,0.798976380785768
f_speed_fig_max,最小残差(q0),データ選択,1670,18.742514970059883,21.00426066131354,-2.261745691253661,-4.133476794485181,-0.39001458802214084,-1.9074186735323546,2098,60.91420796654512,62.37314502672222,2.261745691253661
f_same_course_rate,最上位,事前指定,2375,24.54736842105263,23.75849438768296,0.7888740333696714,-0.9419938933848858,2.519741960124229,-0.11896033885331891,2234,75.40465165850594,72.22095073167294,0.7888740333696714
f_same_course_rate,最下位,事前指定,1788,20.52572706935123,20.08412365462373,0.4416034147274983,-1.4305217057919395,2.313728535246936,1.5403226796070286,2821,73.75511621995562,71.43693928698482,0.4416034147274983
f_same_course_rate,最大残差(q9),データ選択,2375,24.54736842105263,23.75849438768296,0.7888740333696714,-0.9419938933848858,2.519741960124229,-0.11896033885331891,2234,75.40465165850594,72.22095073167294,0.7888740333696714
f_same_course_rate,最小残差(q5),データ選択,2127,33.568406205923836,35.68052198677578,-2.1121157808519477,-4.119012501539321,-0.10521906016457461,-0.9471369581989921,2477,61.62495004095325,65.76225523448706,2.1121157808519477
f_same_turn_rate,最上位,事前指定,2250,24.444444444444443,23.11335730210755,1.3310871423368953,-0.4446885204058888,3.1068628050796794,0.7845704623709648,2359,77.98016392610026,73.92550741691106,1.3310871423368953
f_same_turn_rate,最下位,事前指定,2238,21.224307417336906,21.374467519501312,-0.15016010216440667,-1.8442595816932648,1.5439393773644516,-0.47616456052749223,2371,70.94423951471907,69.40893788901569,0.15016010216440667
f_same_turn_rate,最大残差(q9),データ選択,2250,24.444444444444443,23.11335730210755,1.3310871423368953,-0.4446885204058888,3.1068628050796794,0.7845704623709648,2359,77.98016392610026,73.92550741691106,1.3310871423368953
f_same_turn_rate,最小残差(q4),データ選択,1711,26.125073056691996,27.753133738220882,-1.6280606815288867,-3.709713771907464,0.45359240884969054,-0.4140159731292059,2896,63.9242117627378,65.79951020622423,1.6280606815288867
f_straight_match,最上位,事前指定,2233,25.1679355127631,23.770193818805964,1.3977416939571385,-0.40228675673057124,3.1977701446448483,0.8759377474119895,2376,78.29677304629641,74.01027967009283,1.3977416939571385
f_straight_match,最下位,事前指定,2141,20.364315740308268,20.31646339957191,0.04785234073635958,-1.6579806394794816,1.7536853209522008,-0.09285907144563343,2468,71.88479861849771,70.06463882279542,0.04785234073635958
f_straight_match,最大残差(q9),データ選択,2233,25.1679355127631,23.770193818805964,1.3977416939571385,-0.40228675673057124,3.1977701446448483,0.8759377474119895,2376,78.29677304629641,74.01027967009283,1.3977416939571385
f_straight_match,最小残差(q1),データ選択,2103,17.1659533999049,19.403514834097546,-2.2375614341926475,-3.849226671814429,-0.6258961965708663,1.0514822404752322,2502,61.02908318758493,61.83931895394455,2.2375614341926475
f_uphill_match,最上位,事前指定,2230,26.23318385650224,23.6719988238974,2.56118503260484,0.7353578816321049,4.387012183577576,0.8063870892744213,2379,83.823128904873,77.46281018391852,2.56118503260484
f_uphill_match,最下位,事前指定,2213,20.650700406687754,21.123291109522203,-0.4725907028344467,-2.159160451472603,1.2139790458037094,0.06305786465482244,2396,69.41269416153638,68.33612958052562,0.4725907028344467
f_uphill_match,最大残差(q9),データ選択,2230,26.23318385650224,23.6719988238974,2.56118503260484,0.7353578816321049,4.387012183577576,0.8063870892744213,2379,83.823128904873,77.46281018391852,2.56118503260484
f_uphill_match,最小残差(q5),データ選択,2223,16.599190283400812,17.7462717493091,-1.1470814659082866,-2.6938129482328934,0.3996500164163199,-0.29211574723425615,2381,66.20886303693564,65.38181186450552,1.1470814659082866
f_agari_at_similar,最上位,事前指定,4597,19.94779203828584,21.86387374743495,-1.9160817091491116,-3.0712703051570305,-0.7608931131411927,1.4629663571195772,12,62.556111881541725,63.774181994614025,1.9160817091491116
f_agari_at_similar,最下位,事前指定,2318,21.74288179465056,22.066445934029204,-0.32356413937864037,-2.0028314484872807,1.3557031697300002,0.029228815615711667,2291,70.12057033795146,68.87504412762326,0.32356413937864037
f_agari_at_similar,最大残差(q3),データ選択,2204,23.5480943738657,22.119022716463448,1.4290716574022504,-0.3423514992057981,3.200494814010299,-0.12768425136883144,2402,78.44559037266069,74.41611764827505,1.4290716574022504
f_agari_at_similar,最小残差(q9),データ選択,4597,19.94779203828584,21.86387374743495,-1.9160817091491116,-3.0712703051570305,-0.7608931131411927,1.4629663571195772,12,62.556111881541725,63.774181994614025,1.9160817091491116
f_course_coverage,最上位,事前指定,2658,23.589164785553045,23.32642600632385,0.2627387792291963,-1.351293955572277,1.8767715140306693,-0.4842361892284319,1951,72.90550920133869,70.68732338435139,0.2627387792291963
f_course_coverage,最大残差(q8),データ選択,2857,25.51627581379069,23.45816497116401,2.0581108426266814,0.45950908271151025,3.6567126025418526,2.858551350860883,1748,81.43352650247674,76.032702539881,2.0581108426266814
f_course_type_rate,最上位,事前指定,2329,24.98926577930442,23.288233569826843,1.7010322094775794,-0.057335838345235146,3.459400257300394,1.1159906297329825,2280,79.73740299501851,75.00567497899614,1.7010322094775794
f_course_type_rate,最下位,事前指定,2117,20.831365139348136,20.86191686080463,-0.03055172145649543,-1.7604919030056312,1.6993884600926403,-0.18365261098973462,2492,71.51237932308165,69.79763331221874,0.03055172145649543
f_course_type_rate,最大残差(q9),データ選択,2329,24.98926577930442,23.288233569826843,1.7010322094775794,-0.057335838345235146,3.459400257300394,1.1159906297329825,2280,79.73740299501851,75.00567497899614,1.7010322094775794
f_course_type_rate,最小残差(q1),データ選択,1825,17.863013698630137,19.64856066559166,-1.7855469669615238,-3.542950052713785,-0.028143881209262478,0.8616557829201288,2780,63.176151906932766,63.547894361586714,1.7855469669615238
f_tight_vs_spacious,最上位,事前指定,2283,24.310118265440213,22.85651863037475,1.4535996350654612,-0.3060068939400131,3.2132061640709355,0.8334658398564676,2326,78.56209826656095,74.34541078780246,1.4535996350654612
f_tight_vs_spacious,最下位,事前指定,2211,22.026232473993666,21.910260424962935,0.11597204903073255,-1.6114802699285604,1.8434243679900255,1.5362858730708084,2398,72.20836723289598,70.26998401981622,0.11597204903073255
f_tight_vs_spacious,最大残差(q9),データ選択,2283,24.310118265440213,22.85651863037475,1.4535996350654612,-0.3060068939400131,3.2132061640709355,0.8334658398564676,2326,78.56209826656095,74.34541078780246,1.4535996350654612
f_uphill_severity_rate,最上位,事前指定,2258,25.50930026572188,23.416648606324156,2.0926516593977236,0.2946321388892952,3.890671179906152,0.9561977009490435,2351,81.59759538213919,76.14668172850304,2.0926516593977236
f_uphill_severity_rate,最下位,事前指定,2124,20.66854990583804,20.37516177405391,0.29338813178412804,-1.428704527418408,2.015480790986664,-0.8892001471988348,2485,73.05109362597462,70.90651129248093,0.29338813178412804
f_uphill_severity_rate,最大残差(q9),データ選択,2258,25.50930026572188,23.416648606324156,2.0926516593977236,0.2946321388892952,3.890671179906152,0.9561977009490435,2351,81.59759538213919,76.14668172850304,2.0926516593977236
f_uphill_severity_rate,最小残差(q5),データ選択,1891,20.465362242199895,22.289888429276495,-1.8245261870766,-3.6429628490385286,-0.006089525114671535,-0.7989970130664492,2713,62.991000611386156,64.17837510800884,1.8245261870766
f_corner_position_change,最上位,事前指定,2576,24.301242236024844,23.520749708445162,0.780492527579682,-0.8758179746330766,2.436803029792441,1.6439752862810408,2033,75.36483950600349,72.21950207174865,0.780492527579682
f_corner_position_change,最下位,事前指定,2147,18.537494177922685,20.584919856079317,-2.0474256781566336,-3.69120852984767,-0.40364282646559735,-0.14254439878300662,2462,61.932228028756,62.94757774605168,2.0474256781566336
f_corner_position_change,最大残差(q1),データ選択,794,10.327455919395465,8.393193109437759,1.934262809957707,-0.18250021477888057,4.051025834694295,-0.1108330889274256,3811,80.84524834729912,86.00888355041086,1.934262809957707
f_corner_position_change,最小残差(q0),データ選択,2147,18.537494177922685,20.584919856079317,-2.0474256781566336,-3.69120852984767,-0.40364282646559735,-0.14254439878300662,2462,61.932228028756,62.94757774605168,2.0474256781566336
f_agari_rank_at_type,最上位,事前指定,2355,19.447983014861997,20.660318292778072,-1.212335277916074,-2.810921658492866,0.3862511026607176,-1.6380946911716543,2254,65.89890742989866,65.79830927454996,1.212335277916074
f_agari_rank_at_type,最下位,事前指定,2180,21.880733944954127,22.00122905502648,-0.12049511007235225,-1.856047965549882,1.6150577454051773,1.096969712613574,2429,71.08514822715634,69.51717555992022,0.12049511007235225
f_agari_rank_at_type,最大残差(q2),データ選択,2046,25.513196480938415,23.453906584756464,2.059289896181951,0.17031858419123624,3.948261208172666,-0.05078633575004987,2558,81.43912700686427,76.03732996773651,2.059289896181951
f_agari_rank_at_type,最小残差(q6),データ選択,2477,12.959224868792896,14.825101557836447,-1.8658766890435525,-3.1885237034386735,-0.5432296746484313,1.6487777519491875,2129,62.794585727043135,61.102435945863554,1.8658766890435525
f_course_hill_diff,最上位,事前指定,2103,22.44412743699477,22.6610080086041,-0.21688057160932916,-2.000060397829464,1.5662992546108054,0.327520312224977,2506,70.62731728485569,69.23101157946125,0.21688057160932916
f_course_hill_diff,最下位,事前指定,2811,20.526503023834934,21.426988879441062,-0.9004858556061257,-2.3936044155350875,0.5926327043228361,0.007208359496632677,1798,67.38019218587091,66.96239819038398,0.9004858556061257
f_course_hill_diff,最大残差(q6),データ選択,2202,22.524977293369663,22.384976502607813,0.14000079076185168,-1.6048586639439424,1.8848602454676457,-0.04529545097875787,2404,72.3225037561188,70.33717067440806,0.14000079076185168
f_course_hill_diff,最小残差(q8),データ選択,1676,20.286396181384248,21.280170365628255,-0.993774184244009,-2.9190268682054294,0.9314784997174116,-0.07982504235169163,2929,66.93707262484097,66.63570209800314,0.993774184244009
f_course_corner_tight,最上位,事前指定,4345,21.449942462600692,21.82189122190308,-0.37194875930238736,-1.5924760666190723,0.8485785480142976,0.031821724707120636,264,69.89074339331367,68.70857172227397,0.37194875930238736
f_course_corner_tight,最大残差(q4),データ選択,1413,21.86836518046709,21.974461859962695,-0.1060966794956042,-2.261391101731879,2.0491977427406707,0.1830828914658661,3194,71.15354077239589,69.56251014727897,0.1060966794956042
f_course_corner_tight,最小残差(q7),データ選択,2482,20.588235294117645,21.40384019421193,-0.8156049000942855,-2.406374078500499,0.7751642783119279,-0.08642001255130538,2122,67.78337672455216,67.23642271670448,0.8156049000942855
f_style_course_fit,最上位,事前指定,2494,23.576583801122695,24.34954046303804,-0.7729566619153444,-2.4389049203945175,0.8929915965638288,0.0522988008020947,2115,67.98595585590212,67.68108047870973,0.7729566619153444
f_style_course_fit,最下位,事前指定,1253,29.928172386272944,30.165248284142887,-0.23707589786994276,-2.7727437039187115,2.298591908178826,0.4243471900710921,3356,70.53138948511777,69.35063918900943,0.23707589786994276
f_style_course_fit,最大残差(q4),データ選択,2305,21.518438177874184,20.763727745548344,0.7547104323258419,-0.9229721605369404,2.4323930251886243,0.37311589467040884,2302,75.24237455354776,72.44069307140124,0.7547104323258419
f_style_course_fit,最小残差(q2),データ選択,1981,21.403331650681473,22.663176061210986,-1.2598444105295148,-3.066005960338439,0.5463171392794095,-1.0799036074887192,2623,65.67323904998482,66.01426377052522,1.2598444105295148
f_pace_fit,最上位,事前指定,2644,25.983358547655065,25.228615041111563,0.7547435065435038,-0.9168769472637555,2.4263639603507627,0.5057413947413436,1965,75.24253165608165,71.99114020018224,0.7547435065435038
f_pace_fit,最大残差(q9),データ選択,2644,25.983358547655065,25.228615041111563,0.7547435065435038,-0.9168769472637555,2.4263639603507627,0.5057413947413436,1965,75.24253165608165,71.99114020018224,0.7547435065435038
f_pace_fit,最小残差(q7),データ選択,1859,24.098977945131793,25.654764633460108,-1.5557866883283173,-3.4999802498823565,0.38840687322572176,-1.3593073838805618,2745,64.2675132304405,65.66104123082411,1.5557866883283173
f_style_total_fit,最上位,事前指定,2344,24.18941979522184,24.028431743287264,0.16098805193457966,-1.5726359202549416,1.894612024124101,0.0897852065771837,2265,72.42219324668926,70.36832289974025,0.16098805193457966
f_style_total_fit,最下位,事前指定,1676,26.014319809069214,25.372782058419958,0.641537750649257,-1.4588483570569584,2.7419238583554724,0.056638822487353746,2933,74.70480431558397,71.66738556564796,0.641537750649257
f_style_total_fit,最大残差(q5),データ選択,2216,22.111913357400724,21.117561878995296,0.994351478405428,-0.7335535678765926,2.722256524687449,0.7865615347100036,2388,76.38066952242579,73.1913443672526,0.994351478405428
f_style_total_fit,最小残差(q2),データ選択,2310,19.393939393939394,21.020211370493396,-1.6262719765540001,-3.2386502847955168,-0.013893668312483287,0.5836044601071899,2294,63.932708111368505,64.49204243204257,1.6262719765540001
f_pace_prob_fast,最上位,事前指定,2443,22.390503479328693,22.41828901002852,-0.027785530699825367,-1.6808268167475409,1.6252557553478901,0.13874945826151674,2166,71.52551872917583,69.81336499431116,0.027785530699825367
f_pace_prob_fast,最下位,事前指定,2217,21.60577356788453,21.90572470466407,-0.29995113677954155,-2.0131200076446008,1.4132177340855177,-0.2668896188249531,2392,70.23273210029718,68.94287190934953,0.29995113677954155
f_pace_prob_fast,最大残差(q7),データ選択,2392,21.57190635451505,21.526582836589757,0.045323517925291434,-1.6030498007378036,1.6936968365883862,-0.42085911983047175,2212,71.87278671014514,70.04717216973206,0.045323517925291434
f_pace_prob_fast,最小残差(q2),データ選択,2083,20.307249159865577,21.091192684859955,-0.7839435249943766,-2.5115562495634327,0.9436691995746797,0.20661041875416897,2521,67.93376825627672,67.30187038182801,0.7839435249943766
f_pace_prob_slow,最上位,事前指定,2032,22.687007874015748,22.86327944678384,-0.17627157276808858,-1.9972679053936377,1.6447247598574606,0.18343104882139472,2577,70.82021002935159,69.36108418238213,0.17627157276808858
f_pace_prob_slow,最下位,事前指定,2361,22.15163066497247,22.35753694103655,-0.20590627606408007,-1.880986798290445,1.4691742461622845,0.31031294125783426,2248,70.67944518869562,69.25624175709349,0.20590627606408007
f_pace_prob_slow,最大残差(q2),データ選択,2210,22.171945701357465,21.63855726337565,0.533388437981816,-1.1985399241323869,2.2653168000960187,0.1694387454466345,2394,74.19109508041363,71.62302854396091,0.533388437981816
f_pace_prob_slow,最小残差(q3),データ選択,2152,20.353159851301115,21.457099727867593,-1.1039398765664787,-2.8050605985431494,0.5971808454101919,-0.36271168605089277,2454,66.41378558630923,66.30373590323684,1.1039398765664787
f_pace_x_style,最上位,事前指定,2332,21.69811320754717,21.729824822849757,-0.03171161530258759,-1.7046844815395643,1.6412612509343891,0.01049860444126971,2277,71.50686982731271,69.79799080628943,0.03171161530258759
f_pace_x_style,最下位,事前指定,2210,23.122171945701357,22.58040942985098,0.5417625158503775,-1.2160590986346809,2.2995841303354356,-0.0853900343582209,2399,74.2308719502893,71.57708207309469,0.5417625158503775
f_pace_x_style,最大残差(q6),データ選択,2152,22.118959107806692,21.422685817612987,0.6962732901937052,-1.057337279089016,2.4498838594764267,0.21921917045796546,2454,74.9647981284201,72.17186746792159,0.6962732901937052
f_pace_x_style,最小残差(q4),データ選択,2422,16.928158546655656,18.796826562140335,-1.8686680154846784,-3.3621527218928717,-0.3751833090764851,-0.8064431359183333,2185,62.78132692644778,62.95096028573954,1.8686680154846784
f_agari_ability,最上位,事前指定,2035,21.326781326781326,22.064832008255827,-0.7380506814745003,-2.5177637181633026,1.041662355214302,1.9855328609001606,2574,68.15175926299612,67.5619018619419,0.7380506814745003
f_agari_ability,最下位,事前指定,2221,18.190004502476363,21.085085343308553,-2.8950808408321898,-4.499439193802054,-1.2907224878623254,-2.5991925233826234,2388,57.905866006047106,60.302403050344225,2.8950808408321898
f_agari_ability,最大残差(q8),データ選択,2195,25.011389521640094,22.806620017417206,2.2047695042228863,0.39298987583023504,4.016549132615538,1.9199391634799001,2410,82.13015514505872,76.65739711660409,2.2047695042228863
f_agari_ability,最小残差(q0),データ選択,2221,18.190004502476363,21.085085343308553,-2.8950808408321898,-4.499439193802054,-1.2907224878623254,-2.5991925233826234,2388,57.905866006047106,60.302403050344225,2.8950808408321898
f_stamina_score,最上位,事前指定,2310,22.813852813852815,22.739120690627086,0.07473212322572642,-1.6365400197027706,1.7860042661542237,1.523919202753024,2299,72.0124775853222,70.12972635945556,0.07473212322572642
f_stamina_score,最下位,事前指定,2181,17.835855112333793,18.215866384975623,-0.3800112726418309,-1.9866431378560199,1.2266205925723583,-1.8138191674964639,2428,69.8524464549513,68.44177740458325,0.3800112726418309
f_stamina_score,最大残差(q4),データ選択,1345,44.1635687732342,44.04361740553412,0.11995136770007742,-2.5339564626831916,2.7738591980833465,-0.33355956558052263,3262,72.22726899657538,70.09037038953987,0.11995136770007742
f_stamina_score,最小残差(q5),データ選択,3689,25.589590674979668,26.72509380275219,-1.1355031277725247,-2.5436574743547915,0.2726512188097423,0.8020766032720679,915,66.2638601430805,66.93006959612148,1.1355031277725247
f_speed_score,最上位,事前指定,2115,22.5531914893617,21.59814898682389,0.9550425025378118,-0.8261327482078529,2.7362177532834764,0.5308569350774534,2494,76.19395188705461,72.99088852790668,0.9550425025378118
f_speed_score,最下位,事前指定,2252,20.159857904085257,21.83879256421804,-1.678934660132783,-3.3359489823634534,-0.021920337902112674,-1.731575378636696,2357,63.68256036436929,64.52618950208965,1.678934660132783
f_speed_score,最大残差(q9),データ選択,2115,22.5531914893617,21.59814898682389,0.9550425025378118,-0.8261327482078529,2.7362177532834764,0.5308569350774534,2494,76.19395188705461,72.99088852790668,0.9550425025378118
f_speed_score,最小残差(q0),データ選択,2252,20.159857904085257,21.83879256421804,-1.678934660132783,-3.3359489823634534,-0.021920337902112674,-1.731575378636696,2357,63.68256036436929,64.52618950208965,1.678934660132783
f_optimal_distance,最上位,事前指定,3264,22.089460784313726,22.365060686872397,-0.2755999025586736,-1.6988186591611192,1.1476188540437717,-0.01166954351544125,1345,70.3484004628463,69.03863711533953,0.2755999025586736
f_optimal_distance,最下位,事前指定,515,21.74757281553398,19.931271237813956,1.8163015777200253,-1.7466240925762841,5.379227248016335,-0.7869580404984144,4094,80.28493249417012,76.26986365635125,1.8163015777200253
f_optimal_distance,最大残差(q0),データ選択,515,21.74757281553398,19.931271237813956,1.8163015777200253,-1.7466240925762841,5.379227248016335,-0.7869580404984144,4094,80.28493249417012,76.26986365635125,1.8163015777200253
f_optimal_distance,最小残差(q1),データ選択,3437,21.9959266802444,23.691441201544766,-1.6955145213003675,-3.0803432925968455,-0.3106857500038893,0.0389556573840516,1168,63.60380602382326,64.89749871564725,1.6955145213003675
f_dist_vs_optimal,最上位,事前指定,2524,18.343898573692552,20.39557168128325,-2.0516731075906987,-3.5615847606798616,-0.5417614545015357,-0.31165229842319286,2085,61.91205273894419,62.868476076000505,2.0516731075906987
f_dist_vs_optimal,最下位,事前指定,1996,18.837675350701403,18.89960165564072,-0.0619263049393165,-1.7773313999548552,1.653478790076222,0.23171671759471824,2613,71.36335005153825,69.67096614023258,0.0619263049393165
f_dist_vs_optimal,最大残差(q2),データ選択,2632,16.98328267477204,16.70524599101556,0.27803668375648016,-1.1564837080857595,1.71255707559872,-0.35036849165803186,1972,72.97817424784328,71.06339287700585,0.27803668375648016
f_dist_vs_optimal,最小残差(q9),データ選択,2524,18.343898573692552,20.39557168128325,-2.0516731075906987,-3.5615847606798616,-0.5417614545015357,-0.31165229842319286,2085,61.91205273894419,62.868476076000505,2.0516731075906987
f_dist_change,最上位,事前指定,2644,21.06656580937973,23.274565046195782,-2.207999236816055,-3.762363194108753,-0.6536352795233564,-0.8806059031213648,1965,61.169503625123745,63.26876343995659,2.207999236816055
f_dist_change,最下位,事前指定,1889,16.83430386447856,17.24268933243672,-0.40838546795815833,-2.0957533836122764,1.2789824476959595,0.024731439029807012,2720,69.71766902719875,68.24444942665791,0.40838546795815833
f_dist_change,最大残差(q7),データ選択,3015,29.65174129353234,29.209848806206352,0.44189248732598996,-1.1883949812487613,2.072179955900741,-0.8574545859351412,1589,73.75648931479846,70.95746130591145,0.44189248732598996
f_dist_change,最小残差(q9),データ選択,2644,21.06656580937973,23.274565046195782,-2.207999236816055,-3.762363194108753,-0.6536352795233564,-0.8806059031213648,1965,61.169503625123745,63.26876343995659,2.207999236816055
f_speed_x_shortening,最上位,事前指定,2290,20.91703056768559,21.234726755528428,-0.3176961878428364,-1.9835229300380088,1.348130554352336,0.8992750376309228,2319,70.14844310774653,68.85421477347559,0.3176961878428364
f_speed_x_shortening,最大残差(q4),データ選択,4581,22.46234446627374,21.958830862538644,0.5035136037350951,-0.7050229747442391,1.7120501822144294,-4.320236064826021,26,74.0491896177417,71.50279939862949,0.5035136037350951
f_speed_x_shortening,最小残差(q3),データ選択,559,11.627906976744185,13.310815199691707,-1.6829082229475198,-4.340317900856071,0.974501454961032,-0.2833228625272133,4047,63.66368594099929,61.06242821951609,1.6829082229475198
f_stamina_x_extension,最上位,事前指定,2312,20.588235294117645,22.431930766282314,-1.8436954721646692,-3.491911532140371,-0.19547941218896758,-0.9611071621399431,2297,62.89994650721783,64.15487200156561,1.8436954721646692
f_stamina_x_extension,最大残差(q3),データ選択,812,9.852216748768473,8.854472912461441,0.9977438363070329,-1.0521084258350775,3.047596098449143,-0.00237307233634243,3794,76.39678322245841,77.77650432130285,0.9977438363070329
f_stamina_x_extension,最小残差(q9),データ選択,2312,20.588235294117645,22.431930766282314,-1.8436954721646692,-3.491911532140371,-0.19547941218896758,-0.9611071621399431,2297,62.89994650721783,64.15487200156561,1.8436954721646692
f_dist_confidence,最上位,事前指定,3839,20.395936441781714,22.033931130492164,-1.6379946887104508,-2.912631507299416,-0.36335787012148546,-1.7715920980108129,770,63.877025228625364,64.70365859079897,1.6379946887104508
f_dist_confidence,最下位,事前指定,1873,21.99679658302189,23.245253345260586,-1.2484567622386948,-3.124414806963002,0.6275012824856121,-1.0538164267908434,2736,65.72733037936621,66.1458087083711,1.2484567622386948
f_dist_confidence,最大残差(q8),データ選択,454,20.92511013215859,18.73775291466432,2.1873572174942706,-1.5544492301704707,5.929163665159011,-0.06240511307759877,4151,82.0474467830978,78.0597975060922,2.1873572174942706
f_dist_confidence,最小残差(q7),データ選択,2395,21.5866388308977,23.422300856170068,-1.8356620252723639,-3.483410279730348,-0.18791377081437988,1.1357385919448182,2209,62.938105379956276,64.42176896051025,1.8356620252723639
f_course_stamina_demand,最上位,事前指定,2103,22.44412743699477,22.6610080086041,-0.21688057160932916,-2.000060397829464,1.5662992546108054,0.327520312224977,2506,70.62731728485569,69.23101157946125,0.21688057160932916
f_course_stamina_demand,最下位,事前指定,2811,20.526503023834934,21.426988879441062,-0.9004858556061257,-2.3936044155350875,0.5926327043228361,0.007208359496632677,1798,67.38019218587091,66.96239819038398,0.9004858556061257
f_course_stamina_demand,最大残差(q6),データ選択,2202,22.524977293369663,22.384976502607813,0.14000079076185168,-1.6048586639439424,1.8848602454676457,-0.04529545097875787,2404,72.3225037561188,70.33717067440806,0.14000079076185168
f_course_stamina_demand,最小残差(q8),データ選択,1676,20.286396181384248,21.280170365628255,-0.993774184244009,-2.9190268682054294,0.9314784997174116,-0.07982504235169163,2929,66.93707262484097,66.63570209800314,0.993774184244009
f_course_speed_demand,最上位,事前指定,2447,19.98365345320801,21.032172415788008,-1.0485189625800002,-2.632922818354467,0.5358848931944666,-0.14702702739037565,2162,66.677034927745,66.4152684166223,1.0485189625800002
f_course_speed_demand,最下位,事前指定,2721,21.35244395442852,21.272838494750538,0.07960545967798105,-1.460172899551687,1.6193838189076488,0.18287875674068144,1888,72.03562593347041,70.16157400822952,0.07960545967798105
f_course_speed_demand,最大残差(q3),データ選択,2180,23.486238532110093,23.338194296476455,0.14804423563363756,-1.6314817516032445,1.9275702228705196,-0.2813326972911173,2426,72.36071011925978,70.34340585819673,0.14804423563363756
f_course_speed_demand,最小残差(q9),データ選択,2447,19.98365345320801,21.032172415788008,-1.0485189625800002,-2.632922818354467,0.5358848931944666,-0.14702702739037565,2162,66.677034927745,66.4152684166223,1.0485189625800002
f_course_fit_score,最上位,事前指定,1781,20.774845592363842,21.431051925604944,-0.6562063332411022,-2.5403957542586957,1.227983087776491,0.8728933302284247,2828,68.54051991710477,67.75970269435301,0.6562063332411022
f_course_fit_score,最下位,事前指定,3271,21.339040048914704,22.01437279706124,-0.6753327481465371,-2.079383671927328,0.7287181756342539,-0.42603256172905335,1338,68.44966944630396,67.75568457795244,0.6753327481465371
f_course_fit_score,最大残差(q8),データ選択,1705,23.636363636363637,22.946902244500016,0.6894613918636189,-1.327174588704564,2.706097372431802,0.5221520042483468,2900,74.93244161135219,72.00021164415855,0.6894613918636189
f_course_fit_score,最小残差(q1),データ選択,2088,20.545977011494255,21.46402101484494,-0.9180440033506848,-2.6510982983156555,0.8150102916142857,-0.3257809979995807,2517,67.29679098408425,66.91028638623534,0.9180440033506848
f_pl_rating,最上位,事前指定,2353,27.58181045473863,24.348914295930896,3.232896158807735,1.4270517693598188,5.038740548255651,2.3478100030752627,2256,87.01375675433675,79.18088368763226,3.232896158807735
f_pl_rating,最下位,事前指定,2163,14.979195561719832,17.76470216119954,-2.7855065994797092,-4.289460976288999,-1.2815522226704197,-2.397736696688546,2446,58.42634365247139,58.93967488242515,2.7855065994797092
f_pl_rating,最大残差(q9),データ選択,2353,27.58181045473863,24.348914295930896,3.232896158807735,1.4270517693598188,5.038740548255651,2.3478100030752627,2256,87.01375675433675,79.18088368763226,3.232896158807735
f_pl_rating,最小残差(q0),データ選択,2163,14.979195561719832,17.76470216119954,-2.7855065994797092,-4.289460976288999,-1.2815522226704197,-2.397736696688546,2446,58.42634365247139,58.93967488242515,2.7855065994797092
f_pl_rating_n,最上位,事前指定,2953,19.776498476125973,20.669122120200758,-0.8926236440747859,-2.3292699312817158,0.5440226431321442,-1.3111393577037695,1656,67.41753769064478,66.88127514279637,0.8926236440747859
f_pl_rating_n,最下位,事前指定,1818,21.067106710671066,22.33939886713455,-1.272292156463481,-3.1468143668290063,0.602230053902044,-1.1967532263752716,2791,65.61411225679848,65.91899664956362,1.272292156463481
f_pl_rating_n,最大残差(q5),データ選択,2587,22.149207576343255,21.03108454540278,1.118123030940474,-0.4820556217565577,2.7183016836375056,0.5450408177254618,2017,76.96858439696726,73.61625151779555,1.118123030940474
f_pl_rating_n,最小残差(q1),データ選択,1748,17.73455377574371,21.027986010351146,-3.293432234607438,-5.084055483137854,-1.5028089860770217,-0.6720776284747904,2857,56.01369688561468,58.95216538161396,3.293432234607438
rl_f_speed_avg_rank,最上位,事前指定,2528,18.275316455696203,19.21733044091646,-0.942013985220258,-2.4485399230390996,0.5645119525985836,-1.4008590757305373,2081,67.18293357020379,66.47357312092117,0.942013985220258
rl_f_speed_avg_rank,最下位,事前指定,1758,19.852104664391355,20.30982640675017,-0.45772174235881313,-2.322365945151751,1.4069224604341246,-1.5459411025989995,2851,69.48332172379564,68.3246665062461,0.45772174235881313
rl_f_speed_avg_rank,最大残差(q4),データ選択,2473,21.957137080469067,21.155647307484625,0.8014897729844428,-0.8300530084653273,2.433032554434213,-0.18194321566748495,2134,75.46457642167611,72.54818817960687,0.8014897729844428
rl_f_speed_avg_rank,最小残差(q8),データ選択,2134,21.836925960637302,23.865678456550008,-2.0287524959127055,-3.7816455907514808,-0.2758594010739299,-0.06992498561653737,2471,62.02092564441465,63.95800259471032,2.0287524959127055
rl_f_speed_avg_vs_field,最上位,事前指定,2209,20.32593933906745,21.075601783580662,-0.7496624445132105,-2.427855818210207,0.9285309291837858,-0.37244920396855563,2400,68.09660338856226,67.41364609136343,0.7496624445132105
rl_f_speed_avg_vs_field,最下位,事前指定,2196,19.854280510018217,21.36313083014399,-1.5088503201257764,-3.177277077532822,0.15957643728126936,-1.5825289142070513,2413,64.49046097940257,64.96305334104062,1.5088503201257764
rl_f_speed_avg_vs_field,最大残差(q6),データ選択,2351,23.01148447469162,21.821105407834622,1.1903790668570002,-0.5110547001667576,2.891812833880758,0.6294188342170465,2255,77.31180056757076,73.71316597936554,1.1903790668570002
rl_f_speed_avg_vs_field,最小残差(q3),データ選択,2088,19.588122605363985,21.348259890122065,-1.7601372847580814,-3.4624813143781727,-0.05779325513798983,0.6295151229592899,2518,63.29684789739912,64.13683256444156,1.7601372847580814
rl_f_speed_last_rank,最上位,事前指定,2407,19.567926879933527,20.860807734275923,-1.2928808543423957,-2.8777925345058986,0.2920308258211073,-0.699708919818906,2202,65.51631594187363,65.56783928648916,1.2928808543423957
rl_f_speed_last_rank,最下位,事前指定,1795,21.72701949860724,22.167239785332047,-0.4402202867248045,-2.348007165997039,1.4675665925474304,-0.2342499217842159,2814,69.56645363805718,68.51185252020304,0.4402202867248045
rl_f_speed_last_rank,最大残差(q4),データ選択,2173,23.055683387022547,21.75396444372498,1.3017189432975722,-0.46921956406301546,3.07265745065816,-0.4000228777567144,2434,77.84066498066348,74.08269296945306,1.3017189432975722
rl_f_speed_last_rank,最小残差(q1),データ選択,2181,20.541036221916553,22.623020045125926,-2.081983823209374,-3.7775348388756984,-0.38643280754304987,-1.179270190315476,2424,61.76807683975548,63.46714227578606,2.081983823209374
rl_f_speed_last_vs_field,最上位,事前指定,2232,18.63799283154122,21.19925070491437,-2.561257873373149,-4.176804040834716,-0.945711705911582,-1.154472682991492,2377,59.49152510147755,61.454799372824986,2.561257873373149
rl_f_speed_last_vs_field,最下位,事前指定,2316,20.03454231433506,21.787672133555805,-1.7531298192207445,-3.3832803894193217,-0.12297924902216706,0.2280972816942256,2293,63.33013335870147,64.2755453261665,1.7531298192207445
rl_f_speed_last_vs_field,最大残差(q8),データ選択,2302,22.06776715899218,21.39911552545137,0.6686516335408066,-1.0254566574753958,2.3627599245570092,0.6012303667129265,2303,74.83359525931884,72.08414397216153,0.6686516335408066
rl_f_speed_last_vs_field,最小残差(q9),データ選択,2232,18.63799283154122,21.19925070491437,-2.561257873373149,-4.176804040834716,-0.945711705911582,-1.154472682991492,2377,59.49152510147755,61.454799372824986,2.561257873373149
rl_f_recent_rank,最上位,事前指定,2440,17.663934426229506,20.05865136002966,-2.3947169338001535,-3.9079294865759593,-0.8815043810243475,-1.3235397471756671,2169,60.282594564449276,61.554936781732714,2.3947169338001535
rl_f_recent_rank,最下位,事前指定,1415,17.73851590106007,16.925640030731838,0.8128758703282307,-1.1774984621630828,2.803250202819544,1.4378935781952984,3194,75.5186603840591,73.25703838866805,0.8128758703282307
rl_f_recent_rank,最大残差(q2),データ選択,2605,24.760076775431862,23.417667214783815,1.3424095606480446,-0.3150859962329182,2.9999051175290075,0.639644226612418,1999,78.03394541307821,73.90699298647732,1.3424095606480446
rl_f_recent_rank,最小残差(q9),データ選択,2440,17.663934426229506,20.05865136002966,-2.3947169338001535,-3.9079294865759593,-0.8815043810243475,-1.3235397471756671,2169,60.282594564449276,61.554936781732714,2.3947169338001535
rl_f_recent_vs_field,最上位,事前指定,2161,25.21980564553448,23.921362376692436,1.2984432688420395,-0.5325757290715893,3.1294622667556684,3.0261742876654285,2448,77.82510552699969,73.6941478024049,1.2984432688420395
rl_f_recent_vs_field,最下位,事前指定,2192,16.286496350364963,19.304151883807492,-3.017655533442529,-4.563434483765925,-1.4718765831191325,-1.9941581128184476,2417,57.323636216147996,58.97312152032091,3.017655533442529
rl_f_recent_vs_field,最大残差(q7),データ選択,2076,25.385356454720615,23.443470651684297,1.9418858030363166,0.06971243053823928,3.814059175534394,0.11248475787367651,2528,80.8814575644225,75.69000522785164,1.9418858030363166
rl_f_recent_vs_field,最小残差(q0),データ選択,2192,16.286496350364963,19.304151883807492,-3.017655533442529,-4.563434483765925,-1.4718765831191325,-1.9941581128184476,2417,57.323636216147996,58.97312152032091,3.017655533442529
rl_f_recent_fukusho_rank,最上位,事前指定,2549,18.517065515888582,19.599526391563803,-1.08246087567522,-2.590423459359024,0.42550170800858367,-1.2857536447053701,2060,66.51581084054271,66.03949777672864,1.08246087567522
rl_f_recent_fukusho_rank,最下位,事前指定,1459,15.764222069910899,16.613187032932185,-0.848964963021287,-2.7188417618016363,1.020911835759062,1.411075804286821,3150,67.62491642564889,66.32797912299709,0.848964963021287
rl_f_recent_fukusho_rank,最大残差(q3),データ選択,2428,22.61120263591433,21.642125362445398,0.9690772734689324,-0.6948433706391572,2.632997917577022,-1.0841960614800943,2178,76.26061704897744,73.02993757688061,0.9690772734689324
rl_f_recent_fukusho_rank,最小残差(q4),データ選択,2400,19.875,21.008636550964425,-1.133636550964423,-2.7302068301096916,0.46293372818084544,0.6622400676589618,2207,66.27272638291899,66.1281609889255,1.133636550964423
rl_f_recent_fukusho_vs_field,最上位,事前指定,2254,23.735581188997337,23.622374536085328,0.1132066529120096,-1.6432605021565139,1.8696738079805328,1.4561330351943873,2355,72.19523160133205,70.23498516529155,0.1132066529120096
rl_f_recent_fukusho_vs_field,最下位,事前指定,2129,18.74119304837952,20.21304287751885,-1.4718498291393267,-3.129535099930991,0.18583544165233756,-0.8140739007354431,2480,64.66621331158821,64.810103160605,1.4718498291393267
rl_f_recent_fukusho_vs_field,最大残差(q2),データ選択,2310,20.82251082251082,20.17099111859702,0.6515197039138027,-1.0043169517354564,2.307356359563062,-0.2994658926516791,2294,74.75221859359057,72.15775853233048,0.6515197039138027
rl_f_recent_fukusho_vs_field,最小残差(q0),データ選択,2129,18.74119304837952,20.21304287751885,-1.4718498291393267,-3.129535099930991,0.18583544165233756,-0.8140739007354431,2480,64.66621331158821,64.810103160605,1.4718498291393267
rl_f_late_speed_rank,最上位,事前指定,2475,18.98989898989899,19.67156348116816,-0.6816644912691711,-2.226916738669228,0.8635877561308861,-0.6750513053865537,2134,68.41959366647144,67.47780575065478,0.6816644912691711
rl_f_late_speed_rank,最下位,事前指定,1910,20.26178010471204,20.748266847042135,-0.4864867423300917,-2.289136915680663,1.3161634310204797,0.20450428647662,2699,69.34668797393206,68.26104752558061,0.4864867423300917
rl_f_late_speed_rank,最大残差(q3),データ選択,2348,22.487223168654175,21.59808322627603,0.8891399423781421,-0.7995953814430139,2.577875266199298,0.49369413633855164,2258,75.88091472629618,72.77761100469417,0.8891399423781421
rl_f_late_speed_rank,最小残差(q2),データ選択,2171,21.971441731920773,23.002542751812964,-1.0311010198921915,-2.772836620094829,0.7106345803104461,-0.251944720020425,2433,66.7597701555121,66.76669590974748,1.0311010198921915
rl_f_late_speed_vs_field,最上位,事前指定,2323,20.361601377529055,21.62078420216611,-1.2591828246370533,-2.896748366607471,0.37838271733336426,-0.4793384360849501,2286,65.676381582974,65.82906165571404,1.2591828246370533
rl_f_late_speed_vs_field,最下位,事前指定,2265,20.353200883002206,21.14804912277746,-0.7948482397752532,-2.4529931842447894,0.863296704694283,-0.03175807004947295,2344,67.88197086106756,67.2728124217165,0.7948482397752532
rl_f_late_speed_vs_field,最大残差(q5),データ選択,2154,24.512534818941504,23.25099939807534,1.261535420866164,-0.5550873548574178,3.0781581965897455,0.42918598284178155,2450,77.64979324911428,73.69258217717059,1.261535420866164
rl_f_late_speed_vs_field,最小残差(q3),データ選択,2077,18.391911410688493,20.246788126328536,-1.8548767156400414,-3.5210411477619763,-0.18871228351810632,-0.15022765812637007,2529,62.84683560070981,63.49622466465993,1.8548767156400414
cl_f_jockey_rank,最上位,事前指定,2594,17.694680030840402,20.325816291744385,-2.6311362609039826,-4.099745973877891,-1.1625265479300748,-2.2917070898524323,2015,59.15960276070609,60.85158482211174,2.6311362609039826
cl_f_jockey_rank,最下位,事前指定,1606,17.68368617683686,17.005213219583155,0.678472957253709,-1.187531417274415,2.5444773317818328,2.0901905499418616,3003,74.88024654695512,72.68886592597495,0.678472957253709
cl_f_jockey_rank,最大残差(q2),データ選択,2635,28.083491461100568,26.360060358292888,1.723431102807682,0.007477230740573493,3.4393849748747907,0.4698225725380756,1969,79.84379773833649,74.47008946295367,1.723431102807682
cl_f_jockey_rank,最小残差(q9),データ選択,2594,17.694680030840402,20.325816291744385,-2.6311362609039826,-4.099745973877891,-1.1625265479300748,-2.2917070898524323,2015,59.15960276070609,60.85158482211174,2.6311362609039826
cl_f_jockey_vs_field,最上位,事前指定,2184,22.344322344322347,21.908330248783926,0.4359920955384178,-1.3110362652869616,2.1830204563637974,3.549458956968235,2425,73.7284624538075,71.29106208150333,0.4359920955384178
cl_f_jockey_vs_field,最下位,事前指定,2449,17.72151898734177,20.660825583033766,-2.939306595691993,-4.451666948658099,-1.426946242725887,-2.8957646590050015,2160,57.69579367046304,59.95569597336963,2.939306595691993
cl_f_jockey_vs_field,最大残差(q7),データ選択,2200,24.09090909090909,22.827208234218013,1.2637008566910772,-0.5232730890604804,3.050674802442635,1.9339250301671136,2404,77.66007906928262,73.76962299447095,1.2637008566910772
cl_f_jockey_vs_field,最小残差(q0),データ選択,2449,17.72151898734177,20.660825583033766,-2.939306595691993,-4.451666948658099,-1.426946242725887,-2.8957646590050015,2160,57.69579367046304,59.95569597336963,2.939306595691993
cl_f_trainer_rank,最上位,事前指定,2603,19.78486361890127,20.162057108118084,-0.37719348921681495,-1.9076242313252305,1.1532372528916006,-0.967128581899887,2006,69.86583092622014,68.5923048201446,0.37719348921681495
cl_f_trainer_rank,最下位,事前指定,1769,18.824194460146977,17.913537012955878,0.9106574471910961,-0.9109871862312452,2.7323020806134375,0.6371109446779211,2840,75.98312287415771,73.45345544057658,0.9106574471910961
cl_f_trainer_rank,最大残差(q2),データ選択,1855,23.342318059299192,22.20990524674654,1.1324128125526522,-0.7926014288642884,3.057427053969593,1.3390087988989718,2749,77.03646085962511,73.46397988726339,1.1324128125526522
cl_f_trainer_rank,最小残差(q7),データ選択,2228,21.63375224416517,23.819343232078673,-2.185590987913505,-3.8953264925242603,-0.47585548330274974,-1.0604625810710366,2376,61.27594280741086,63.48618713510929,2.185590987913505
cl_f_trainer_vs_field,最上位,事前指定,2234,22.0680393912265,22.16188455290754,-0.09384516168104151,-1.8135509909308758,1.625860667568793,0.8617399431667366,2375,71.21173548201506,69.60400636345504,0.09384516168104151
cl_f_trainer_vs_field,最下位,事前指定,2346,18.925831202046037,21.15263604708012,-2.2268048450340805,-3.8119199374096344,-0.6416897526585266,-0.8246353993765415,2263,61.08017698608812,62.54140609608,2.2268048450340805
cl_f_trainer_vs_field,最大残差(q7),データ選択,2167,23.165666820489157,21.756485734359373,1.4091810861297822,-0.3671613124464552,3.1855234847060196,1.25747669893381,2437,78.35111015911647,74.42746638970793,1.4091810861297822
cl_f_trainer_vs_field,最小残差(q0),データ選択,2346,18.925831202046037,21.15263604708012,-2.2268048450340805,-3.8119199374096344,-0.6416897526585266,-0.8246353993765415,2263,61.08017698608812,62.54140609608,2.2268048450340805
cl_f_dist_fukusho_rank,最上位,事前指定,2484,17.632850241545896,19.06940237527351,-1.4365521337276144,-2.9352654084102388,0.06216114095501002,-0.17437996424063962,2125,64.83387736479384,64.63423486633415,1.4365521337276144
cl_f_dist_fukusho_rank,最下位,事前指定,1616,15.965346534653465,16.32233940641912,-0.35699287176565175,-2.142879044102266,1.4288933005709623,1.2095769918827937,2993,69.96178385911315,68.37118718003099,0.35699287176565175
cl_f_dist_fukusho_rank,最大残差(q1),データ選択,2021,24.096981692231566,22.799619976019788,1.2973617162117812,-0.5672300474011742,3.161953479824737,-0.11458647359689211,2584,77.81996815200597,73.87750418904284,1.2973617162117812
cl_f_dist_fukusho_rank,最小残差(q9),データ選択,2484,17.632850241545896,19.06940237527351,-1.4365521337276144,-2.9352654084102388,0.06216114095501002,-0.17437996424063962,2125,64.83387736479384,64.63423486633415,1.4365521337276144
cl_f_dist_fukusho_vs_field,最上位,事前指定,2229,24.315836698070882,22.92353615313091,1.3923005449399728,-0.3886348003003115,3.173235890180257,0.08508556922755539,2380,78.27092758846487,74.1454971798935,1.3923005449399728
cl_f_dist_fukusho_vs_field,最下位,事前指定,2244,19.518716577540108,21.46547005099238,-1.946753473452273,-3.586654813375855,-0.3068521335286909,-0.09415373803945415,2365,62.41042100110171,63.56060619818467,1.946753473452273
cl_f_dist_fukusho_vs_field,最大残差(q9),データ選択,2229,24.315836698070882,22.92353615313091,1.3923005449399728,-0.3886348003003115,3.173235890180257,0.08508556922755539,2380,78.27092758846487,74.1454971798935,1.3923005449399728
cl_f_dist_fukusho_vs_field,最小残差(q0),データ選択,2244,19.518716577540108,21.46547005099238,-1.946753473452273,-3.586654813375855,-0.3068521335286909,-0.09415373803945415,2365,62.41042100110171,63.56060619818467,1.946753473452273
cl_f_course_fukusho_rank,最上位,事前指定,2393,21.18679481821981,20.82345925253485,0.36333556568495795,-1.273921401883374,2.0005925332532897,0.6198945317988591,2216,73.38334393700356,71.11964154626648,0.36333556568495795
cl_f_course_fukusho_rank,最下位,事前指定,1672,18.301435406698566,17.9623831445574,0.33905226214116513,-1.5144269717252943,2.1925314960076245,0.7041122056718918,2937,73.26799824517055,71.21941028831961,0.33905226214116513
cl_f_course_fukusho_rank,最大残差(q1),データ選択,2243,26.660722246990638,25.52035079622186,1.140371450768779,-0.6896058558565565,2.9703487573941145,0.2079928787527524,2362,77.0742643911517,73.02346664218027,1.140371450768779
cl_f_course_fukusho_rank,最小残差(q7),データ選択,2747,19.14816163087004,21.14842440191101,-2.0002627710409726,-3.4716779558020106,-0.5288475862799349,-2.5565557779854338,1857,62.15625183755539,63.288709955946906,2.0002627710409726
cl_f_course_fukusho_vs_field,最上位,事前指定,2278,24.056189640035118,22.8450814290888,1.2111082109463185,-0.5441411457977217,2.9663575676903586,0.9009055357938417,2331,77.41026400199502,73.60567573628143,1.2111082109463185
cl_f_course_fukusho_vs_field,最下位,事前指定,2237,22.75368797496647,22.2609943574484,0.4926936175180724,-1.2446585301219324,2.230045765158077,0.7023956901958589,2372,73.99779468321086,71.44706853213815,0.4926936175180724
cl_f_course_fukusho_vs_field,最大残差(q9),データ選択,2278,24.056189640035118,22.8450814290888,1.2111082109463185,-0.5441411457977217,2.9663575676903586,0.9009055357938417,2331,77.41026400199502,73.60567573628143,1.2111082109463185
cl_f_course_fukusho_vs_field,最小残差(q3),データ選択,2189,18.36455002284148,19.828866030845653,-1.4643160080041713,-3.0863603851399195,0.15772836913157695,0.5121449915695298,2417,64.7019989619802,64.73804627050949,1.4643160080041713
cl_f_blood_rank,最上位,事前指定,2401,19.408579758433987,20.897627562639716,-1.4890478042057287,-3.071028844599781,0.0929332361883235,0.026786839654080463,2208,64.5845229300228,64.91931780523929,1.4890478042057287
cl_f_blood_rank,最下位,事前指定,1905,20.10498687664042,20.880475559805454,-0.7754886831650348,-2.5752723843809577,1.0242950180508879,0.7812895024236849,2704,67.9739287549661,67.303954771146,0.7754886831650348
cl_f_blood_rank,最大残差(q5),データ選択,2475,21.373737373737374,20.602743549930715,0.7709938238066566,-0.8440805282312612,2.3860681758445743,0.04536186797038655,2129,75.31972066308163,72.51579086074034,0.7709938238066566
cl_f_blood_rank,最小残差(q9),データ選択,2401,19.408579758433987,20.897627562639716,-1.4890478042057287,-3.071028844599781,0.0929332361883235,0.026786839654080463,2208,64.5845229300228,64.91931780523929,1.4890478042057287
cl_f_blood_vs_field,最上位,事前指定,2080,21.009615384615383,21.460429076521123,-0.45081369190573817,-2.2015493169073728,1.2999219330958964,1.0145227176651201,2529,69.51613496344775,68.4316287502058,0.45081369190573817
cl_f_blood_vs_field,最下位,事前指定,2110,19.24170616113744,20.69953005189025,-1.45782389075281,-3.1398401918844914,0.22419241037887128,-0.2441092411494511,2499,64.73283651892416,64.97709161955994,1.45782389075281
cl_f_blood_vs_field,最大残差(q3),データ選択,785,55.6687898089172,52.619418100507396,3.049371708409798,-0.4258452807533941,6.524588697572991,-0.04217253455507941,3821,86.14201561494654,73.95080652945856,3.049371708409798
cl_f_blood_vs_field,最小残差(q0),データ選択,2110,19.24170616113744,20.69953005189025,-1.45782389075281,-3.1398401918844914,0.22419241037887128,-0.2441092411494511,2499,64.73283651892416,64.97709161955994,1.45782389075281
cl_f_heavy_track_rank,最上位,事前指定,2330,19.871244635193133,20.616597569358053,-0.7453529341649195,-2.36561343322319,0.8749075648933508,-0.06336815523181327,2279,68.11707356271664,67.3729016306957,0.7453529341649195
cl_f_heavy_track_rank,最下位,事前指定,1619,21.556516368128477,18.979858903206274,2.5766574649221994,0.5735678830346309,4.579747046809768,1.2445969735782048,2990,83.89662295838045,79.38944656104036,2.5766574649221994
cl_f_heavy_track_rank,最大残差(q0),データ選択,1619,21.556516368128477,18.979858903206274,2.5766574649221994,0.5735678830346309,4.579747046809768,1.2445969735782048,2990,83.89662295838045,79.38944656104036,2.5766574649221994
cl_f_heavy_track_rank,最小残差(q2),データ選択,2177,18.695452457510335,20.07771672316468,-1.3822642656543427,-3.020031829395645,0.2555032980869594,1.6456358503062762,2427,65.09174473814188,65.08768625429589,1.3822642656543427
cl_f_heavy_track_vs_field,最上位,事前指定,2230,24.08071748878924,22.043747630073852,2.0369698587153846,0.2623129721999813,3.8116267452307877,1.4899052964182313,2379,81.33310682889808,76.35916454468722,2.0369698587153846
cl_f_heavy_track_vs_field,最下位,事前指定,2116,20.69943289224953,22.47836612016143,-1.7789332279118997,-3.5052306015636567,-0.052635854260142834,1.1277196461033174,2493,63.20756716741848,64.36812851226267,1.7789332279118997
cl_f_heavy_track_vs_field,最大残差(q9),データ選択,2230,24.08071748878924,22.043747630073852,2.0369698587153846,0.2623129721999813,3.8116267452307877,1.4899052964182313,2379,81.33310682889808,76.35916454468722,2.0369698587153846
cl_f_heavy_track_vs_field,最小残差(q0),データ選択,2116,20.69943289224953,22.47836612016143,-1.7789332279118997,-3.5052306015636567,-0.052635854260142834,1.1277196461033174,2493,63.20756716741848,64.36812851226267,1.7789332279118997
cl_f_weight_load_rank,最上位,事前指定,2423,21.584812216260836,21.4733963566662,0.11141585959463518,-1.5267338722168815,1.749565591406152,0.04712021346243711,2186,72.18672533307452,70.26267986937462,0.11141585959463518
cl_f_weight_load_rank,最下位,事前指定,1841,20.912547528517113,21.66975023475364,-0.7572027062365289,-2.614949159512167,1.1005437470391093,-0.7288289310464158,2768,68.0607871453765,67.45749519064381,0.7572027062365289
cl_f_weight_load_rank,最大残差(q7),データ選択,2239,22.51004912907548,21.502756692843132,1.0072924362323459,-0.7226830084064537,2.7372678808711455,-0.5005273975893287,2365,76.44213907210364,73.17445184347345,1.0072924362323459
cl_f_weight_load_rank,最小残差(q3),データ選択,2249,20.320142285460204,22.409020710600476,-2.08887842514027,-3.7519042405807124,-0.4258526096998272,1.3380500611148842,2357,61.73532748058372,63.38420424957551,2.08887842514027
cl_f_weight_load_vs_field,最上位,事前指定,2209,20.778632865550023,22.044406966450815,-1.2657741009007935,-2.957725425138837,0.42617722333724983,-1.0548326832729908,2400,65.64507302072124,65.88639193208425,1.2657741009007935
cl_f_weight_load_vs_field,最下位,事前指定,2229,22.117541498429787,21.546257859799276,0.5712836386305126,-1.151732275480045,2.2942995527410703,0.20589579859083829,2380,74.37109728349495,71.7533485768208,0.5712836386305126
cl_f_weight_load_vs_field,最大残差(q4),データ選択,2292,23.647469458987782,22.47949083273167,1.167978626256111,-0.5716350730014048,2.907592325513627,0.5448480280457413,2315,77.20539847471653,73.53183074664781,1.167978626256111
cl_f_weight_load_vs_field,最小残差(q8),データ選択,2346,20.92924126172208,22.502788839677994,-1.5735475779559138,-3.219725461855255,0.07263030594342701,-1.2285872493170675,2259,64.18314900470942,65.01211803644635,1.5735475779559138
rl_f_finish_time_rank,最上位,事前指定,2494,17.000801924619086,19.074028699909793,-2.0732267752907068,-3.5475051618316424,-0.5989483887497709,-1.0323281998587812,2115,61.80967281736915,62.30231028940909,2.0732267752907068
rl_f_finish_time_rank,最下位,事前指定,1883,21.136484333510356,21.71436320775452,-0.5778788742441643,-2.4219826378836284,1.2662248893952996,0.6713871346295225,2726,68.91257534734022,68.03976892054372,0.5778788742441643
rl_f_finish_time_rank,最大残差(q3),データ選択,2022,26.45895153313551,25.418966240193637,1.0399852929418751,-0.8827376994994158,2.962708285383166,0.4252784203518156,2584,76.59743014147391,72.75987129805809,1.0399852929418751
rl_f_finish_time_rank,最小残差(q9),データ選択,2494,17.000801924619086,19.074028699909793,-2.0732267752907068,-3.5475051618316424,-0.5989483887497709,-1.0323281998587812,2115,61.80967281736915,62.30231028940909,2.0732267752907068
rl_f_finish_time_vs_field,最上位,事前指定,1901,20.620725933719093,22.056022962254655,-1.4352970285355622,-3.254036739603758,0.38344268253263336,0.3623883133599043,1865,64.83983911445608,65.35125327143838,1.4352970285355622
rl_f_finish_time_vs_field,最下位,事前指定,1959,21.235324144971923,21.687297607105,-0.45197346213307343,-2.2630384958120637,1.3590915715459166,-0.3617719946229253,1809,69.51062605486791,68.44325118899316,0.45197346213307343
rl_f_finish_time_vs_field,最大残差(q6),データ選択,1830,23.60655737704918,22.461217346081515,1.1453400309676676,-0.8003555649474234,3.091035626882759,0.2592628836262517,1934,77.09786514709643,73.46433344333435,1.1453400309676676
rl_f_finish_time_vs_field,最小残差(q1),データ選択,1905,20.68241469816273,22.20008078735363,-1.5176660891909,-3.3365037764013032,0.30117159801950333,-1.0501563978490391,1859,64.44858607634323,65.12142010875584,1.5176660891909
rl_f_time_diff_rank,最上位,事前指定,2553,15.62867215041128,18.23537466228796,-2.6067025118766796,-4.015307255122913,-1.1980977686304464,-2.4156040785993262,2056,59.27566306858578,59.90796479619364,2.6067025118766796
rl_f_time_diff_rank,最下位,事前指定,1620,18.580246913580247,17.338458241805117,1.2417886717751292,-0.6522515399007276,3.135828883450986,0.9192360889014151,2989,77.55599619093186,74.90627143120453,1.2417886717751292
rl_f_time_diff_rank,最大残差(q2),データ選択,2388,28.559463986599663,26.994802606385772,1.5646613802138942,-0.24703863683328486,3.376361397261073,0.22217858274642122,2216,79.089641556016,73.95151436266029,1.5646613802138942
rl_f_time_diff_rank,最小残差(q9),データ選択,2553,15.62867215041128,18.23537466228796,-2.6067025118766796,-4.015307255122913,-1.1980977686304464,-2.4156040785993262,2056,59.27566306858578,59.90796479619364,2.6067025118766796
rl_f_time_diff_vs_field,最上位,事前指定,1766,24.23556058890147,22.51210038290288,1.7234602059985922,-0.27511255361699094,3.7220329656141753,1.7941820098878736,1934,79.84393597849332,75.25133845133323,1.7234602059985922
rl_f_time_diff_vs_field,最下位,事前指定,1824,17.214912280701753,20.832386265143423,-3.6174739844416686,-5.349969495636644,-1.8849784732466928,-2.6525488273895004,1876,54.47449857390208,57.76209950726776,3.6174739844416686
rl_f_time_diff_vs_field,最大残差(q8),データ選択,1815,25.123966942148762,23.04801037190569,2.0759565702430702,0.08054136619975605,4.071371774286384,1.4130613761614814,1882,81.5182937086546,76.19596055878522,2.0759565702430702
rl_f_time_diff_vs_field,最小残差(q0),データ選択,1824,17.214912280701753,20.832386265143423,-3.6174739844416686,-5.349969495636644,-1.8849784732466928,-2.6525488273895004,1876,54.47449857390208,57.76209950726776,3.6174739844416686
rl_f_speed_fig_last_rank,最上位,事前指定,2543,17.302398741643728,18.91509883055124,-1.6127000889075123,-3.0829206960322972,-0.14247948178272707,-1.23261219708434,2066,63.99717457768932,63.94033057270841,1.6127000889075123
rl_f_speed_fig_last_rank,最下位,事前指定,1656,18.478260869565215,18.111927890788003,0.3663329787772146,-1.5030279880699955,2.2356939456244245,1.7130766851149393,2953,73.39758164919178,71.31380174274827,0.3663329787772146
rl_f_speed_fig_last_rank,最大残差(q3),データ選択,2407,24.304113003739094,22.588846122343238,1.7152668813958578,0.001727637085596312,3.428806125706119,0.15991794822403926,2199,79.80501768663034,75.20780343361484,1.7152668813958578
rl_f_speed_fig_last_rank,最小残差(q8),データ選択,2180,20.596330275229356,22.34438644621744,-1.7480561709880826,-3.445686147706909,-0.050426194269255875,-1.4065535101158848,2425,63.354233187806614,64.43155150864517,1.7480561709880826
rl_f_speed_fig_last_vs_field,最上位,事前指定,1792,23.772321428571427,22.277161182082107,1.4951602464893188,-0.4758061166282801,3.466126609606918,1.8650392325389316,1974,78.75951117082427,74.5914281570878,1.4951602464893188
rl_f_speed_fig_last_vs_field,最下位,事前指定,1980,19.696969696969695,21.834544374467217,-2.1375746774975197,-3.889393351994884,-0.3857560030001552,-2.2732056499650515,1788,61.50402028188679,63.05687713036043,2.1375746774975197
rl_f_speed_fig_last_vs_field,最大残差(q5),データ選択,1913,24.35964453737585,22.577101712695928,1.7825428246799224,-0.14103977648934007,3.706125425849185,0.9106999375546071,1850,80.12457841722964,75.41885467987504,1.7825428246799224
rl_f_speed_fig_last_vs_field,最小残差(q1),データ選択,1796,19.320712694877507,22.34109236436062,-3.0203796694831113,-4.846357510921845,-1.1944018280443782,-1.6941466910415648,1968,57.310696569955226,60.449945568746514,3.0203796694831113
rl_f_speed_fig_avg_rank,最上位,事前指定,2524,16.44215530903328,18.51028174282714,-2.06812643379386,-3.5141800096026135,-0.6220728579851065,-1.2691059312926218,2085,61.83389943947917,62.09017626362119,2.06812643379386
rl_f_speed_fig_avg_rank,最下位,事前指定,1618,18.170580964153277,18.120574011809428,0.05000695234384789,-1.8289029410364233,1.9289168457241193,0.03626629226742284,2991,71.89503302363329,70.09290150337165,0.05000695234384789
rl_f_speed_fig_avg_rank,最大残差(q3),データ選択,2212,28.887884267631105,26.69284253505544,2.1950417325756644,0.30621040242017283,4.083873062731156,0.7157705704733314,2394,82.08394822973442,75.64811082429819,2.1950417325756644
rl_f_speed_fig_avg_rank,最小残差(q7),データ選択,2193,20.20063839489284,22.476316599805436,-2.2756782049125954,-3.9561027301463376,-0.5952536796788532,-1.7562751528043181,2411,60.848028526665175,62.822776923120614,2.2756782049125954
rl_f_speed_fig_avg_vs_field,最上位,事前指定,1827,24.575807334428024,22.468304908199936,2.107502426228086,0.13328023348982754,4.081724618966344,3.412209316461981,1939,81.66813652458342,76.45654354857808,2.107502426228086
rl_f_speed_fig_avg_vs_field,最下位,事前指定,1904,18.067226890756302,20.98974876662891,-2.922521875872608,-4.6507345100750355,-1.1943092416701804,-2.3455204689930538,1864,57.77552108960512,60.167426190051316,2.922521875872608
rl_f_speed_fig_avg_vs_field,最大残差(q9),データ選択,1827,24.575807334428024,22.468304908199936,2.107502426228086,0.13328023348982754,4.081724618966344,3.412209316461981,1939,81.66813652458342,76.45654354857808,2.107502426228086
rl_f_speed_fig_avg_vs_field,最小残差(q0),データ選択,1904,18.067226890756302,20.98974876662891,-2.922521875872608,-4.6507345100750355,-1.1943092416701804,-2.3455204689930538,1864,57.77552108960512,60.167426190051316,2.922521875872608
rl_f_speed_fig_max_rank,最上位,事前指定,2492,15.44943820224719,18.480499688891342,-3.0310614866441514,-4.450108052230307,-1.6120149210579955,-2.3453103448308035,2117,57.25995793844029,58.43541833374872,3.0310614866441514
rl_f_speed_fig_max_rank,最下位,事前指定,1734,17.185697808535178,17.555606572028932,-0.3699087634937537,-2.145601358651829,1.4057838316643219,2.18789155269889,2875,69.90043337340468,68.42715869075066,0.3699087634937537
rl_f_speed_fig_max_rank,最大残差(q3),データ選択,2034,28.810226155358897,27.119687387277008,1.6905387680818895,-0.2776318195467118,3.658709355710491,-0.18055250616150764,2572,79.68755914838898,74.25730169752481,1.6905387680818895
rl_f_speed_fig_max_rank,最小残差(q9),データ選択,2492,15.44943820224719,18.480499688891342,-3.0310614866441514,-4.450108052230307,-1.6120149210579955,-2.3453103448308035,2117,57.25995793844029,58.43541833374872,3.0310614866441514
rl_f_speed_fig_max_vs_field,最上位,事前指定,1853,23.421478683216407,22.387631674156125,1.033847009060282,-0.8944725434016825,2.9621665615222463,2.1588477659751164,1913,76.56827329303634,73.1279388452123,1.033847009060282
rl_f_speed_fig_max_vs_field,最下位,事前指定,1991,17.27774987443496,21.670641690415795,-4.392891815980837,-6.05353069783062,-2.732252934131054,-3.229334695039554,1777,50.79126387409103,55.7304547542372,4.392891815980837
rl_f_speed_fig_max_vs_field,最大残差(q8),データ選択,1759,25.582717453098354,23.39263085614747,2.1900865969508825,0.15101069403027312,4.229162499871492,2.9254601193684033,2005,82.0604113355167,76.44424267489505,2.1900865969508825
rl_f_speed_fig_max_vs_field,最小残差(q0),データ選択,1991,17.27774987443496,21.670641690415795,-4.392891815980837,-6.05353069783062,-2.732252934131054,-3.229334695039554,1777,50.79126387409103,55.7304547542372,4.392891815980837
cl_f_style_course_fit_rank,最上位,事前指定,2373,18.45764854614412,19.900078721935547,-1.442430175791426,-3.003373030131856,0.11851267854900405,-1.4542296189749004,2236,64.80595666499073,64.83339344549016,1.442430175791426
cl_f_style_course_fit_rank,最下位,事前指定,1740,22.816091954022987,22.44789379008278,0.368198163940206,-1.6036136242332946,2.3400099521137068,0.35745808931795797,2869,73.40644127871599,71.04652411937154,0.368198163940206
cl_f_style_course_fit_rank,最大残差(q0),データ選択,1740,22.816091954022987,22.44789379008278,0.368198163940206,-1.6036136242332946,2.3400099521137068,0.35745808931795797,2869,73.40644127871599,71.04652411937154,0.368198163940206
cl_f_style_course_fit_rank,最小残差(q9),データ選択,2373,18.45764854614412,19.900078721935547,-1.442430175791426,-3.003373030131856,0.11851267854900405,-1.4542296189749004,2236,64.80595666499073,64.83339344549016,1.442430175791426
cl_f_style_course_fit_vs_field,最上位,事前指定,2304,22.135416666666664,22.781686127781782,-0.6462694611151149,-2.3414996066220346,1.0489606843918047,-0.22662667689317129,2305,68.58772005970322,67.91708112917694,0.6462694611151149
cl_f_style_course_fit_vs_field,最下位,事前指定,2168,21.632841328413285,21.76938636685589,-0.13654503844260646,-1.8697513638831542,1.596661286997941,-0.4928740075875404,2441,71.00891106739762,69.46156328771538,0.13654503844260646
cl_f_style_course_fit_vs_field,最大残差(q6),データ選択,2023,23.52941176470588,23.233108304057406,0.29630346064847546,-1.552160043827267,2.144766965124218,0.27045725115162067,2583,73.06494143808027,70.79146969179803,0.29630346064847546
cl_f_style_course_fit_vs_field,最小残差(q3),データ選択,2272,19.19014084507042,20.415310549102987,-1.2251697040325638,-2.8444542230097905,0.39411481494466294,0.701492988327862,2334,65.83794390584532,65.70514035748336,1.2251697040325638
cl_f_pace_fit_rank,最上位,事前指定,2350,19.148936170212767,20.56359087014356,-1.4146546999307952,-3.005534382125554,0.17622498226396344,-0.9518183021872267,2259,64.93789017532873,65.09128910171358,1.4146546999307952
cl_f_pace_fit_rank,最下位,事前指定,1799,21.456364647026124,22.402387018077068,-0.9460223710509419,-2.8430517623087344,0.9510070202068508,0.47978523966336617,2810,67.16389373750803,66.94821795627844,0.9460223710509419
cl_f_pace_fit_rank,最大残差(q3),データ選択,1871,26.135756280064136,25.909310250466188,0.22644602959794868,-1.7644741162558588,2.2173661754517564,-0.6803898669831082,2735,72.73311864059026,70.51092237947987,0.22644602959794868
cl_f_pace_fit_rank,最小残差(q9),データ選択,2350,19.148936170212767,20.56359087014356,-1.4146546999307952,-3.005534382125554,0.17622498226396344,-0.9518183021872267,2259,64.93789017532873,65.09128910171358,1.4146546999307952
cl_f_pace_fit_vs_field,最上位,事前指定,2256,22.29609929078014,22.477296966468717,-0.18119767568857692,-1.8987990501670011,1.5364036987898473,-0.07101946380464186,2353,70.79681104047927,69.33651064674164,0.18119767568857692
cl_f_pace_fit_vs_field,最下位,事前指定,2163,20.573277854831254,21.73786643949818,-1.1645885846669257,-2.868169936463601,0.5389927671297492,-0.46716660556188616,2446,66.12570422283211,66.15516412593722,1.1645885846669257
cl_f_pace_fit_vs_field,最大残差(q5),データ選択,2222,23.537353735373536,22.452684266621095,1.0846694687524416,-0.67928561899454,2.8486245564994235,0.8792745783828465,2382,76.8096799765741,73.27680764426505,1.0846694687524416
cl_f_pace_fit_vs_field,最小残差(q1),データ選択,2177,20.578778135048232,22.12405193429649,-1.545273799248259,-3.2435367354427376,0.15298913694621952,-1.46887256706095,2428,64.31744945357077,65.01777323212617,1.545273799248259
cl_f_style_total_fit_rank,最上位,事前指定,2346,19.13895993179881,20.38430259054028,-1.2453426587414718,-2.8372614000836514,0.3465760826007076,-1.035966118151452,2263,65.74212237097801,65.62958400419224,1.2453426587414718
cl_f_style_total_fit_rank,最下位,事前指定,1793,21.528165086447295,22.571521771035485,-1.0433566845881899,-2.9458640118122723,0.8591506426358926,0.5167857536691189,2816,66.7015557482061,66.6689093809217,1.0433566845881899
cl_f_style_total_fit_rank,最大残差(q2),データ選択,2425,22.639175257731956,22.273586929643077,0.3655883280888811,-1.3000896585152906,2.0312663146930525,0.10095779223706358,2179,73.3940445584222,71.04730618890139,0.3655883280888811
cl_f_style_total_fit_rank,最小残差(q9),データ選択,2346,19.13895993179881,20.38430259054028,-1.2453426587414718,-2.8372614000836514,0.3465760826007076,-1.035966118151452,2263,65.74212237097801,65.62958400419224,1.2453426587414718
cl_f_style_total_fit_vs_field,最上位,事前指定,2287,22.780935723655443,22.822829005001786,-0.041893281346344624,-1.760874120197226,1.6770875575045368,-0.3419709580368274,2322,71.45850691360486,69.77169248976682,0.041893281346344624
cl_f_style_total_fit_vs_field,最下位,事前指定,2194,20.692798541476755,21.831543912323813,-1.1387453708470607,-2.833878013634954,0.5563872719408325,-0.7766466015079798,2415,66.24845948847647,66.2539774492414,1.1387453708470607
cl_f_style_total_fit_vs_field,最大残差(q6),データ選択,2040,25.833333333333336,24.418722117127494,1.414611216205841,-0.4848725744657101,3.314095006877392,-0.0862716640431388,2566,78.37690327697776,73.94940617033487,1.414611216205841
cl_f_style_total_fit_vs_field,最小残差(q7),データ選択,2342,19.940222032450897,21.144258407280418,-1.2040363748295229,-2.822246117457084,0.41417336779803815,0.6009971310805329,2262,65.93832721955977,65.91962192385974,1.2040363748295229
rl_f_pl_rating,最上位,事前指定,2358,27.480916030534353,24.714468026566962,2.766448003967392,0.9645677405053388,4.568328267429446,2.3264678840503814,2251,84.79812801884512,77.72435273417382,2.766448003967392
rl_f_pl_rating,最下位,事前指定,2301,15.428074750108648,19.06295525633275,-3.634880506224103,-5.110813828116405,-2.158947184331801,-3.0964112618040525,2308,54.39181759543552,56.57162861326765,3.634880506224103
rl_f_pl_rating,最大残差(q9),データ選択,2358,27.480916030534353,24.714468026566962,2.766448003967392,0.9645677405053388,4.568328267429446,2.3264678840503814,2251,84.79812801884512,77.72435273417382,2.766448003967392
rl_f_pl_rating,最小残差(q0),データ選択,2301,15.428074750108648,19.06295525633275,-3.634880506224103,-5.110813828116405,-2.158947184331801,-3.0964112618040525,2308,54.39181759543552,56.57162861326765,3.634880506224103
rl_f_pl_rating_z,最上位,事前指定,2170,26.082949308755758,23.772729434150257,2.310219874605504,0.46275211522522697,4.157687633985781,2.6321486999922676,2439,82.63104440437615,76.69284091808774,2.310219874605504
rl_f_pl_rating_z,最下位,事前指定,2182,16.590284142988086,19.489000766471033,-2.898716623482947,-4.459576551959189,-1.3378566950067052,-2.6663321117132015,2427,57.88859603845601,59.50335142835816,2.898716623482947
rl_f_pl_rating_z,最大残差(q9),データ選択,2170,26.082949308755758,23.772729434150257,2.310219874605504,0.46275211522522697,4.157687633985781,2.6321486999922676,2439,82.63104440437615,76.69284091808774,2.310219874605504
rl_f_pl_rating_z,最小残差(q0),データ選択,2182,16.590284142988086,19.489000766471033,-2.898716623482947,-4.459576551959189,-1.3378566950067052,-2.6663321117132015,2427,57.88859603845601,59.50335142835816,2.898716623482947
rl_f_pl_rating_rank,最上位,事前指定,2351,16.88643130582731,19.708853933010477,-2.8224226271831716,-4.336801913592419,-1.308043340773924,-2.8694472965032247,2258,58.25099252087994,59.889913045645656,2.8224226271831716
rl_f_pl_rating_rank,最下位,事前指定,1353,17.590539541759053,16.44648322820166,1.144056313557393,-0.8847252457415369,3.1728378728563227,2.9014009426172436,3256,77.09176748939763,74.76240950165771,1.144056313557393
rl_f_pl_rating_rank,最大残差(q1),データ選択,2404,27.579034941763723,25.311537762994696,2.267497178769029,0.4809663037741003,4.0540280537639575,2.0494783544352133,2201,82.4281115991529,76.16188950983762,2.267497178769029
rl_f_pl_rating_rank,最小残差(q8),データ選択,2399,17.465610671112962,20.78303223216444,-3.3174215610514786,-4.8367452384762615,-1.7980978836266954,-1.474099925456687,2206,55.899747585005485,58.74244779457052,3.3174215610514786
f_rl_rank,最上位,事前指定,2533,18.634030793525465,19.90678852452935,-1.2727577310038873,-2.7891560065638394,0.24364054455606454,-0.9296731321930041,2076,65.61190077773153,65.43088308103806,1.2727577310038873
f_rl_rank,最下位,事前指定,1728,15.393518518518517,17.38902770103916,-1.995509182520644,-3.697099355513515,-0.2939190095277724,0.30223501307536926,2881,62.178831383026946,61.878499646081,1.995509182520644
f_rl_rank,最大残差(q1),データ選択,2125,25.741176470588233,24.254854616581394,1.486321854006842,-0.37261583404037624,3.34525954205406,1.4422076435904652,2480,78.7175288065325,74.183426936068,1.486321854006842
f_rl_rank,最小残差(q4),データ選択,2418,17.94871794871795,19.951787953607354,-2.003070004889404,-3.532703289540305,-0.47343672023850303,0.2023742880539109,2189,62.14291747677534,62.882353578168704,2.003070004889404
f_cl_rank,最上位,事前指定,2525,18.85148514851485,20.51459250314329,-1.6631073546284403,-3.18869953228311,-0.13751517697377036,-2.2281554899817895,2084,63.757740065514916,64.23324332078663,1.6631073546284403
f_cl_rank,最下位,事前指定,1516,15.237467018469658,14.952864368104313,0.2846026503653454,-1.5245067204487088,2.0937120211793996,1.4144171496460356,3093,73.0093625892354,71.2304290583263,0.2846026503653454
f_cl_rank,最大残差(q2),データ選択,2227,23.574315222272116,22.82108415494368,0.7532310673284359,-1.0096993674589603,2.516161502115832,1.4296635115854466,2377,75.23534756981007,72.20711438811519,0.7532310673284359
f_cl_rank,最小残差(q9),データ選択,2525,18.85148514851485,20.51459250314329,-1.6631073546284403,-3.18869953228311,-0.13751517697377036,-2.2281554899817895,2084,63.757740065514916,64.23324332078663,1.6631073546284403
