win,period,race_id,field,p1,top3sum,resid,n_eff,ax_hit,top3_hits,rand3,cut5,cut10,cut15,cut20
T1,探索,20250301_06_01,15,0.5740876,1.3809576,1.1858945,7.991001,0,1,0.6,0,8,10,11
T1,探索,20250301_06_02,16,0.5462975,1.4694481,1.5729467,8.926254,1,2,0.5625,1,8,9,9
T1,探索,20250301_06_03,16,0.3968732,1.0582482,1.6496836,10.766966,1,1,0.5625,3,7,9,9
T1,探索,20250301_06_04,13,0.61088413,1.466338,1.3985395,8.023943,0,1,0.6923076923076923,2,6,6,6
T1,探索,20250301_06_05,18,0.42772695,1.1353387,1.9042879,12.362915,0,0,0.5,0,8,10,10
T1,探索,20250301_06_06,16,0.68656605,1.6713529,1.8089074,8.72097,1,1,0.5625,5,7,8,10
T1,探索,20250301_06_07,9,0.6379549,1.61027,1.1819264,6.5550337,1,2,1.0,1,2,2,2
T1,探索,20250301_06_08,16,0.6607405,1.1845613,1.4029242,8.638238,0,1,0.5625,1,9,10,10
T1,探索,20250301_06_09,13,0.72670937,1.7810233,1.618303,7.9436083,1,1,0.6923076923076923,1,5,5,5
T1,探索,20250301_06_10,16,0.42772695,1.2831808,1.8386074,10.389141,0,1,0.5625,1,6,8,9
T1,探索,20250301_06_11,15,0.47638798,1.2175089,2.083251,11.768811,1,1,0.6,1,3,3,3
T1,探索,20250301_06_12,14,0.52982384,1.5016353,1.6305535,7.838194,1,1,0.6428571428571429,3,7,7,7
T1,探索,20250301_09_01,12,0.44732144,1.3027754,1.4270865,8.205051,0,1,0.75,1,4,5,6
T1,探索,20250301_09_02,16,0.7836538,1.7743983,1.4860742,7.4366093,1,2,0.5625,5,9,10,10
T1,探索,20250301_09_03,16,0.76143163,1.7922692,1.4961795,7.642164,1,2,0.5625,3,9,10,10
T1,探索,20250301_09_04,16,0.5244901,1.4963017,1.660717,9.25347,1,2,0.5625,5,7,7,7
T1,探索,20250301_09_05,18,0.5315333,1.4356482,1.9400859,9.696755,1,1,0.5,4,9,9,10
T1,探索,20250301_09_06,16,0.52982384,1.4820409,1.7402201,8.852497,1,2,0.5625,4,7,8,9
T1,探索,20250301_09_07,16,0.76143163,1.6052933,1.8759352,9.319899,0,1,0.5625,3,6,6,8
T1,探索,20250301_09_08,10,0.5315333,1.4052821,1.1034738,6.954838,1,2,0.9,0,4,4,4
T1,探索,20250301_09_09,8,0.52982384,1.437442,1.4533384,7.0908904,1,2,1.125,0,0,0,1
T1,探索,20250301_09_10,10,0.52982384,1.4605131,1.5419902,7.6386137,1,3,0.9,0,2,2,2
T1,探索,20250301_09_11,16,0.4893631,1.1119251,1.6872226,10.797334,0,1,0.5625,2,7,8,8
T1,探索,20250301_09_12,15,0.44732144,1.3027754,1.6984618,9.751591,0,0,0.6,3,7,7,7
T1,探索,20250301_10_01,16,0.5244901,1.5099009,1.9455698,9.3095875,0,1,0.5625,3,7,7,7
T1,探索,20250301_10_02,18,0.7836538,1.7358708,1.5445657,8.08786,1,2,0.5,4,11,11,12
T1,探索,20250301_10_03,14,0.52982384,1.3736855,1.5676193,9.550372,1,2,0.6428571428571429,0,4,6,7
T1,探索,20250301_10_04,12,0.72670937,1.5821633,1.7336342,8.084349,0,2,0.75,0,4,4,5
T1,探索,20250301_10_05,11,0.52982384,1.4646404,1.4650385,8.354701,1,1,0.8181818181818182,0,2,2,2
T1,探索,20250301_10_06,18,0.42772695,1.0248306,1.8125737,11.951303,0,1,0.5,3,7,10,10
T1,探索,20250301_10_07,15,0.6487455,1.5705155,1.2588687,7.6066103,1,3,0.6,4,9,9,9
T1,探索,20250301_10_08,8,0.5332302,1.4613608,0.6466604,5.385911,1,2,1.125,0,2,3,4
T1,探索,20250301_10_09,16,0.5315333,1.4201809,1.8802025,9.192611,1,2,0.5625,3,8,9,9
T1,探索,20250301_10_10,18,0.42772695,1.1930196,1.9884808,12.142587,0,1,0.5,2,7,9,11
T1,探索,20250301_10_11,15,0.66957885,1.6217959,1.7365102,8.516617,0,1,0.6,2,7,7,7
T1,探索,20250301_10_12,18,0.42772695,1.1258544,1.8780626,12.442349,0,0,0.5,1,6,10,11
T1,探索,20250302_06_01,16,0.5462975,1.4673278,1.78068,9.719067,1,2,0.5625,3,6,7,7
T1,探索,20250302_06_02,16,0.42772695,1.1715913,1.4034964,9.918568,0,1,0.5625,3,8,10,10
T1,探索,20250302_06_03,8,0.5445881,1.4968052,0.67174697,5.4480133,0,2,1.125,0,3,3,3
T1,探索,20250302_06_04,16,0.42772695,1.1928467,1.6482655,10.377682,1,1,0.5625,3,7,8,8
T1,探索,20250302_06_05,18,0.5445881,1.448703,1.6129978,8.71671,1,2,0.5,7,11,11,11
T1,探索,20250302_06_06,16,0.42772695,1.2238734,1.9180576,11.21806,0,2,0.5625,3,5,6,7
T1,探索,20250302_06_07,8,0.72670937,1.7810233,1.0395949,5.4461446,1,2,1.125,1,3,3,3
T1,探索,20250302_06_08,16,0.7836538,1.6391077,1.7309908,8.088254,0,0,0.5625,3,7,9,9
T1,探索,20250302_06_09,11,0.72670937,1.6017578,1.6920738,8.025107,0,0,0.8181818181818182,0,2,2,2
T1,探索,20250302_06_10,15,0.48998722,1.3941022,1.4599786,9.181643,0,2,0.6,2,7,8,9
T1,探索,20250302_06_11,16,0.5315333,1.3856876,1.8094397,10.049941,1,1,0.5625,2,6,8,8
T1,探索,20250302_06_12,16,0.52982384,1.378296,1.5648944,9.551224,1,1,0.5625,2,7,9,10
T1,探索,20250302_09_01,12,0.70088387,1.7770052,1.4565547,7.2717977,1,2,0.75,3,4,5,5
T1,探索,20250302_09_02,16,0.5244901,1.419133,1.9751753,9.076574,0,1,0.5625,5,8,8,8
T1,探索,20250302_09_03,12,0.7569685,1.7136227,1.5641274,7.6999865,1,2,0.75,1,3,3,4
T1,探索,20250302_09_04,16,0.42772695,1.2519941,2.0069032,10.592074,0,1,0.5625,3,6,7,7
T1,探索,20250302_09_05,18,0.5244901,1.3729469,1.7659893,10.168722,1,1,0.5,3,8,11,11
T1,探索,20250302_09_06,16,0.46029663,1.2255894,1.684478,10.231445,0,1,0.5625,1,7,9,9
T1,探索,20250302_09_07,16,0.52982384,1.4820409,1.8588582,9.572448,0,1,0.5625,2,7,7,8
T1,探索,20250302_09_08,14,0.5244901,1.5308046,1.25367,8.016203,0,1,0.6428571428571429,1,6,8,8
T1,探索,20250302_09_09,9,0.72670937,1.7818375,1.4445417,6.8714643,1,2,1.0,0,1,1,1
T1,探索,20250302_09_10,10,0.52982384,1.5307019,1.2954346,6.9336495,1,3,0.9,0,3,4,4
T1,探索,20250302_09_11,14,0.47638798,1.2416807,1.715616,10.322433,0,0,0.6428571428571429,1,4,5,6
T1,探索,20250302_09_12,16,0.42772695,1.2831808,2.368327,10.872697,0,2,0.5625,4,6,6,6
T1,探索,20250302_10_01,16,0.72670937,1.8837531,1.5254363,7.7141533,1,2,0.5625,2,8,8,9
T1,探索,20250302_10_02,18,0.5244901,1.2744403,1.8182484,10.588651,1,2,0.5,3,9,9,10
T1,探索,20250302_10_03,14,0.52982384,1.4684417,1.636165,9.485183,1,2,0.6428571428571429,1,4,5,6
T1,探索,20250302_10_04,10,0.9637718,1.8192258,1.4380486,6.391239,1,2,0.9,0,1,3,4
T1,探索,20250302_10_05,16,0.5244901,1.3799441,1.8839083,9.408201,1,2,0.5625,3,8,8,8
T1,探索,20250302_10_06,18,0.5445881,1.205963,1.6857753,10.427999,1,1,0.5,4,9,11,11
T1,探索,20250302_10_07,8,0.5244901,1.2440459,0.7802479,5.879637,0,1,1.125,0,2,3,3
T1,探索,20250302_10_08,14,0.47031888,1.3602757,1.6628165,9.2648325,1,2,0.6428571428571429,1,5,7,7
T1,探索,20250302_10_09,18,0.52982384,1.2601045,1.793353,10.676208,1,2,0.5,4,9,10,10
T1,探索,20250302_10_10,16,0.42772695,1.1645659,2.1437213,11.365843,1,2,0.5625,3,5,6,6
T1,探索,20250302_10_11,13,0.47638798,1.2066687,1.6607949,9.591999,1,1,0.6923076923076923,2,4,4,4
T1,探索,20250302_10_12,16,0.5244901,1.3794649,2.0799289,10.416061,0,0,0.5625,3,5,7,9
T1,探索,20250308_06_01,16,0.717871,1.8454717,1.3407178,7.4200034,0,1,0.5625,4,8,10,10
T1,探索,20250308_06_02,16,0.6777277,1.5331817,1.6415569,8.3334465,1,3,0.5625,5,8,8,8
T1,探索,20250308_06_03,16,0.7836538,1.832634,1.1401438,6.744377,1,2,0.5625,3,10,11,11
T1,探索,20250308_06_04,9,0.7097222,1.6325191,1.1273319,6.3805,1,1,1.0,0,1,2,3
T1,探索,20250308_06_05,15,0.72670937,1.6789265,1.7896376,8.045797,1,2,0.6,5,7,7,7
T1,探索,20250308_06_06,16,0.6166667,1.5688838,2.1534367,9.714365,1,2,0.5625,3,6,7,7
T1,探索,20250308_06_07,10,0.5492737,1.1895663,1.1927453,7.569205,0,1,0.9,0,2,2,2
T1,探索,20250308_06_08,16,0.5310617,1.3865156,1.6609982,9.99193,0,2,0.5625,2,7,8,8
T1,探索,20250308_06_09,10,0.74893165,1.7260768,1.17203,6.2914314,1,3,0.9,1,4,4,4
T1,探索,20250308_06_10,16,0.42772695,1.2831808,1.7895131,10.745825,0,1,0.5625,2,6,7,7
T1,探索,20250308_06_11,14,0.5244901,1.4131378,1.3288834,8.432538,1,2,0.6428571428571429,2,7,8,8
T1,探索,20250308_06_12,16,0.6607405,1.5218506,1.744754,8.9644985,1,1,0.5625,3,7,7,7
T1,探索,20250308_09_01,16,0.52982384,1.2268901,1.8355556,10.792065,1,1,0.5625,1,6,6,8
T1,探索,20250308_09_02,12,0.68656605,1.6387832,1.3756375,7.244548,1,2,0.75,1,4,5,5
T1,探索,20250308_09_03,16,0.78458357,1.8276033,1.6372763,7.684985,0,2,0.5625,5,7,8,8
T1,探索,20250308_09_04,12,0.50083953,1.3562934,1.5894547,9.216936,0,1,0.75,0,2,3,3
T1,探索,20250308_09_05,8,0.5244901,1.0867548,0.94683135,6.461684,1,2,1.125,1,1,1,1
T1,探索,20250308_09_06,10,0.9717042,2.0260181,1.1797494,5.7174997,1,3,0.9,0,3,4,5
T1,探索,20250308_09_07,10,0.52982384,1.5307019,1.3831093,7.3245797,0,0,0.9,0,2,4,4
T1,探索,20250308_09_08,16,0.5244901,1.4767072,1.8487363,10.115093,1,1,0.5625,2,6,6,8
T1,探索,20250308_09_09,12,0.6777277,1.6299448,1.4816693,7.63402,1,3,0.75,0,5,5,5
T1,探索,20250308_09_10,16,0.47638798,1.1502796,1.5785856,10.404813,1,3,0.5625,1,6,9,9
T1,探索,20250308_09_11,18,0.42772695,0.92202365,1.9451028,13.160438,1,1,0.5,0,9,9,10
T1,探索,20250308_09_12,11,0.42772695,1.1378338,1.2376621,8.471293,0,1,0.8181818181818182,0,2,4,4
T1,探索,20250309_06_01,16,0.72670937,1.6068405,1.5208132,8.395789,0,1,0.5625,3,8,9,10
T1,探索,20250309_06_02,16,0.72670937,1.5821633,1.7101465,8.472373,1,1,0.5625,6,7,8,8
T1,探索,20250309_06_03,15,0.7836538,1.7345712,1.6344831,7.7981133,1,2,0.6,4,7,7,7
T1,探索,20250309_06_05,15,0.5244901,1.3995385,1.4690979,9.32394,0,1,0.6,0,5,8,9
T1,探索,20250309_06_06,15,0.44732144,1.3223698,1.8042928,9.773521,0,1,0.6,1,6,7,8
T1,探索,20250309_06_07,15,0.52982384,1.446914,1.9036974,9.489438,0,2,0.6,3,6,6,7
T1,探索,20250309_06_08,16,0.52982384,1.3852777,1.6776577,10.0827055,1,2,0.5625,2,7,7,8
T1,探索,20250309_06_09,12,0.7836538,1.737174,1.5116646,7.309505,1,1,0.75,1,5,5,5
T1,探索,20250309_06_10,16,0.42772695,1.1378338,1.6243074,10.761375,0,1,0.5625,2,6,7,9
T1,探索,20250309_06_11,14,0.5244901,1.4767072,1.9476357,9.839587,0,1,0.6428571428571429,0,5,5,5
T1,探索,20250309_06_12,14,0.48995972,1.2846727,1.5957782,9.533267,0,2,0.6428571428571429,2,4,5,6
T1,探索,20250309_09_01,15,0.5244901,1.2290419,1.8645144,10.649532,0,2,0.6,2,4,4,5
T1,探索,20250309_09_02,16,0.52982384,1.4339387,1.8817436,9.291692,1,2,0.5625,3,8,8,8
T1,探索,20250309_09_03,11,0.7836538,1.6658787,1.3161309,6.937664,1,2,0.8181818181818182,2,3,3,3
T1,探索,20250309_09_04,16,0.47638798,1.1514235,1.6267717,10.21439,0,0,0.5625,2,6,8,9
T1,探索,20250309_09_05,17,0.52982384,1.4684417,1.6644458,9.451389,0,2,0.5294117647058824,2,10,10,10
T1,探索,20250309_09_06,11,0.74893165,1.6375793,1.0719814,6.256726,1,3,0.8181818181818182,1,5,5,6
T1,探索,20250309_09_07,9,0.5244901,1.4631081,1.7100031,7.634687,1,1,1.0,1,1,1,1
T1,探索,20250309_09_08,12,0.72670937,1.5821633,1.3260915,7.3430676,1,1,0.75,1,4,4,5
T1,探索,20250309_09_09,8,0.5244901,1.3995385,1.4848387,7.196349,0,2,1.125,0,0,0,0
T1,探索,20250309_09_10,12,0.42772695,1.1635994,1.6052303,9.1530075,1,2,0.75,0,4,4,4
T1,探索,20250309_09_11,14,0.5244901,1.1769394,1.5337758,9.518147,1,2,0.6428571428571429,0,6,6,6
T1,探索,20250309_09_12,14,0.50296235,1.4457074,1.6841531,8.819842,1,3,0.6428571428571429,2,6,7,7
T1,探索,20250315_06_01,16,0.72670937,1.7107593,1.8054771,8.416168,0,1,0.5625,4,7,8,9
T1,探索,20250315_06_02,16,0.999999,1.7651187,1.6773841,7.0818353,0,1,0.5625,3,8,9,9
T1,探索,20250315_06_03,16,0.42772695,1.0815675,1.5359741,10.531081,1,1,0.5625,1,8,8,9
T1,探索,20250315_06_04,15,0.5445881,1.5967577,1.6199443,8.171672,1,2,0.6,5,8,8,8
T1,探索,20250315_06_05,18,0.72670937,1.7810233,2.0246737,9.008153,0,1,0.5,5,8,9,9
T1,探索,20250315_06_06,16,0.999999,1.7210569,1.795526,7.6716895,1,2,0.5625,2,7,8,8
T1,探索,20250315_06_07,16,0.52982384,1.2144785,1.5686206,9.744387,1,2,0.5625,3,7,8,8
T1,探索,20250315_06_08,16,0.5244901,1.3115467,1.7308341,9.696825,0,1,0.5625,3,7,8,8
T1,探索,20250315_06_09,14,0.5244901,1.3799441,1.9528036,9.607187,0,1,0.6428571428571429,1,5,5,5
T1,探索,20250315_06_10,13,0.49542364,1.3508775,1.9566305,9.414586,0,1,0.6923076923076923,2,2,4,5
T1,探索,20250315_06_11,12,0.42772695,1.1930196,1.5357195,9.305862,1,2,0.75,1,3,3,3
T1,探索,20250315_06_12,16,0.5462975,1.3409437,1.7651933,10.085886,0,0,0.5625,3,5,7,9
T1,探索,20250315_07_01,15,0.6487455,1.5041994,1.2306467,7.805932,1,1,0.6,2,9,9,10
T1,探索,20250315_07_02,16,0.72670937,1.5821633,1.9750094,9.274741,1,1,0.5625,5,6,6,6
T1,探索,20250315_07_03,16,0.56978655,1.444835,1.4675217,9.259867,1,3,0.5625,0,9,10,10
T1,探索,20250315_07_04,15,0.72670937,1.5821633,1.3543432,7.564274,1,1,0.6,4,6,9,9
T1,探索,20250315_07_05,17,0.52982384,1.375452,1.4917154,9.418979,1,2,0.5294117647058824,5,8,10,10
T1,探索,20250315_07_06,13,0.5244901,1.4125137,1.7662388,9.306314,1,1,0.6923076923076923,0,3,5,5
T1,探索,20250315_07_07,15,0.42772695,1.2537606,1.6734799,10.045234,0,1,0.6,3,6,6,7
T1,探索,20250315_07_08,18,0.52982384,1.2869351,1.4431816,9.275143,1,1,0.5,4,8,12,13
T1,探索,20250315_07_09,16,0.5244901,1.2366339,1.6377515,10.095276,1,2,0.5625,4,7,8,8
T1,探索,20250315_07_10,13,0.52982384,1.4820409,1.5171704,8.618425,1,1,0.6923076923076923,2,4,4,5
T1,探索,20250315_07_11,16,0.5244901,1.2978024,1.54454,9.451347,1,3,0.5625,2,8,9,10
T1,探索,20250315_07_12,18,0.5244901,1.1110036,2.0239882,12.079933,1,2,0.5,3,7,8,8
T1,探索,20250315_09_01,12,0.5315333,1.5805135,1.3578866,7.704911,0,2,0.75,1,4,5,6
T1,探索,20250315_09_02,16,0.44732144,0.91960746,1.88332,12.078777,0,0,0.5625,2,6,6,6
T1,探索,20250315_09_03,13,0.72670937,1.7007339,1.6975996,7.5377154,1,2,0.6923076923076923,3,6,6,6
T1,探索,20250315_09_04,17,0.47638798,1.2077502,1.8604704,11.344101,0,0,0.5294117647058824,2,7,8,8
T1,探索,20250315_09_05,18,0.52982384,1.3558575,1.9812083,10.999761,1,1,0.5,2,9,10,10
T1,探索,20250315_09_06,16,0.44732144,1.1777751,1.7111313,10.647263,1,1,0.5625,2,8,8,8
T1,探索,20250315_09_07,16,0.52982384,1.5016353,1.7873477,9.463183,0,1,0.5625,2,7,8,9
T1,探索,20250315_09_09,12,0.47638798,1.1165075,1.8862092,10.268926,0,0,0.75,0,2,2,2
T1,探索,20250315_09_10,15,0.42772695,1.1930196,1.8127605,10.951956,1,1,0.6,1,4,7,8
T1,探索,20250315_09_11,11,0.42772695,1.2831808,1.5993996,8.076229,0,1,0.8181818181818182,0,4,4,4
T1,探索,20250315_09_12,10,0.5445881,1.598902,1.4372455,7.5863996,1,2,0.9,1,2,2,2
T1,探索,20250316_06_01,16,0.52982384,1.4820409,1.5801504,8.56629,0,1,0.5625,2,9,9,9
T1,探索,20250316_06_02,15,0.55294466,1.5051618,1.4526178,8.595628,1,1,0.6,0,7,8,9
T1,探索,20250316_06_03,15,0.9977444,1.8437057,1.4674829,6.6512904,1,3,0.6,3,6,7,8
T1,探索,20250316_06_04,16,0.70088387,1.653101,1.6846992,8.823843,1,2,0.5625,3,6,7,8
T1,探索,20250316_06_05,15,0.5445881,1.3477876,1.6791096,9.204911,1,1,0.6,0,8,8,8
T1,探索,20250316_06_06,8,0.52982384,1.5841378,1.5367963,6.8920097,0,2,1.125,0,1,1,1
T1,探索,20250316_06_07,16,0.42772695,1.229627,1.9292624,10.219699,1,2,0.5625,3,7,8,8
T1,探索,20250316_06_08,14,0.5668103,1.1941998,1.4796506,9.092812,0,1,0.6428571428571429,1,6,7,7
T1,探索,20250316_06_09,16,0.47638798,1.331842,1.9619378,10.391698,1,1,0.5625,0,8,8,8
T1,探索,20250316_06_10,12,0.52982384,1.4820409,1.1939857,7.5735626,1,1,0.75,1,6,6,6
T1,探索,20250316_06_11,12,0.54599094,1.498208,1.860521,9.069514,1,2,0.75,1,2,3,3
T1,探索,20250316_06_12,16,0.52982384,1.2419677,1.6977379,9.974572,1,2,0.5625,4,7,8,8
T1,探索,20250316_07_01,16,0.8366104,1.7159363,1.5900065,7.813903,1,2,0.5625,1,9,9,10
T1,探索,20250316_07_02,13,0.78687066,1.9413071,1.0716512,6.0907307,1,2,0.6923076923076923,1,7,7,8
T1,探索,20250316_07_03,16,0.61088413,1.5849086,1.9518051,9.429955,0,0,0.5625,4,6,6,8
T1,探索,20250316_07_04,16,0.8994016,2.0846322,1.2105186,6.3807163,1,2,0.5625,4,9,10,11
T1,探索,20250316_07_05,17,0.5244901,1.2683545,1.6523833,10.17149,1,2,0.5294117647058824,3,7,10,10
T1,探索,20250316_07_06,10,0.94972914,1.805183,1.3784032,5.943001,1,2,0.9,2,3,3,3
T1,探索,20250316_07_07,16,0.42772695,1.1715913,2.0269222,11.891611,0,0,0.5625,3,4,4,6
T1,探索,20250316_07_08,14,0.9444399,1.6748936,1.3738256,6.578501,1,1,0.6428571428571429,2,6,6,7
T1,探索,20250316_07_09,13,0.4609207,1.1730645,1.339022,8.893281,0,1,0.6923076923076923,0,5,6,7
T1,探索,20250316_07_10,12,0.5244901,1.4767072,1.7758701,8.979581,1,1,0.75,0,1,3,4
T1,探索,20250316_07_11,10,0.44732144,1.2434679,1.6926022,8.872353,1,1,0.9,0,1,1,1
T1,探索,20250316_07_12,16,0.52982384,1.3852777,1.6745223,9.387967,0,1,0.5625,2,7,10,10
T1,探索,20250316_09_01,16,0.74893165,1.7207432,1.5632554,7.917908,1,2,0.5625,5,8,9,10
T1,探索,20250316_09_02,11,0.74893165,1.8102887,1.1102855,6.3787403,1,3,0.8181818181818182,2,4,5,5
T1,探索,20250316_09_03,16,0.72670937,1.6789265,1.4260379,7.755474,0,1,0.5625,4,8,9,9
T1,探索,20250316_09_04,9,0.42772695,1.2831808,1.3279364,7.540766,0,1,1.0,0,1,1,2
T1,探索,20250316_09_05,16,0.5420289,1.271183,1.5301607,9.415768,0,1,0.5625,2,8,9,9
T1,探索,20250316_09_06,9,0.47638798,1.3514364,1.3065965,7.070308,0,2,1.0,1,2,2,3
T1,探索,20250316_09_07,16,0.52982384,1.2738612,1.9471366,11.130811,1,1,0.5625,2,5,5,5
T1,探索,20250316_09_08,13,0.5462975,1.4985147,1.5481368,8.115214,1,3,0.6923076923076923,2,6,6,6
T1,探索,20250316_09_09,9,0.52982384,1.578804,1.4072063,7.1015096,0,1,1.0,0,1,1,2
T1,探索,20250316_09_10,15,0.5244901,1.2897829,1.529662,9.008417,0,1,0.6,2,7,8,9
T1,探索,20250316_09_11,16,0.5244901,1.1917748,1.3350496,9.289179,1,1,0.5625,1,8,11,11
T1,探索,20250316_09_12,12,0.42772695,1.2831808,1.9818394,9.840047,0,2,0.75,0,2,2,2
T1,探索,20250322_06_01,16,0.8211818,2.0723813,1.0801462,6.147459,1,2,0.5625,4,10,11,11
T1,探索,20250322_06_02,12,0.60670584,1.6129177,1.4048121,6.9503794,0,1,0.75,2,6,6,6
T1,探索,20250322_06_03,16,0.8461535,1.7983706,1.4988501,7.2260637,1,2,0.5625,3,8,10,10
T1,探索,20250322_06_04,16,0.5462975,1.5038483,1.7537245,9.058671,1,3,0.5625,3,6,8,8
T1,探索,20250322_06_05,10,0.6150933,1.4705472,1.4850808,7.5584598,0,1,0.9,1,2,2,2
T1,探索,20250322_06_06,16,0.5462975,1.4304049,1.6746426,9.7608595,0,1,0.5625,2,6,8,9
T1,探索,20250322_06_07,16,0.42772695,1.050289,1.9083477,11.956265,1,1,0.5625,0,6,7,7
T1,探索,20250322_06_09,13,0.52982384,1.4508541,1.6113288,8.611033,1,1,0.6923076923076923,2,5,5,5
T1,探索,20250322_06_10,16,0.42772695,1.171619,1.9690251,11.287913,0,0,0.5625,2,5,6,7
T1,探索,20250322_06_11,16,0.5244901,1.3860972,1.6995912,10.116383,0,1,0.5625,1,7,8,8
T1,探索,20250322_06_12,16,0.52982384,1.40281,1.6348267,9.573288,0,1,0.5625,2,7,9,10
T1,探索,20250322_07_01,14,0.999999,1.9522161,1.2948843,6.285944,1,2,0.6428571428571429,3,7,7,7
T1,探索,20250322_07_02,16,0.6761834,1.6284006,1.4939635,8.38086,1,1,0.5625,4,7,7,10
T1,探索,20250322_07_03,12,0.52982384,1.5799689,1.4560765,7.3584075,0,1,0.75,3,5,5,5
T1,探索,20250322_07_04,16,0.57532054,1.5328714,1.8673337,9.146159,1,2,0.5625,4,7,7,8
T1,探索,20250322_07_05,16,0.5445881,1.5366417,1.2716573,8.234899,0,1,0.5625,1,8,11,11
T1,探索,20250322_07_06,12,0.999999,2.0560224,1.0891306,5.675331,1,1,0.75,3,4,6,6
T1,探索,20250322_07_07,16,0.5244901,1.5734704,1.5298349,8.965119,0,1,0.5625,2,8,9,9
T1,探索,20250322_07_08,15,0.5244901,1.2389343,1.6080348,9.636245,1,1,0.6,2,5,7,7
T1,探索,20250322_07_09,17,0.7836538,1.6391077,1.7662034,8.48909,0,0,0.5294117647058824,2,9,9,11
T1,探索,20250322_07_10,17,0.5108909,1.3859394,1.5499998,9.486785,0,1,0.5294117647058824,3,11,11,11
T1,探索,20250322_07_11,18,0.44732144,1.2026639,1.9356328,11.676171,0,0,0.5,2,7,10,10
T1,探索,20250322_07_12,16,0.5244901,1.1526206,1.6210041,10.306607,0,1,0.5625,3,7,8,8
T1,探索,20250322_09_01,15,0.44732144,1.3027754,1.3464102,9.027283,1,2,0.6,2,6,9,9
T1,探索,20250322_09_02,9,0.96678257,1.9189997,1.2054378,5.66851,1,2,1.0,0,2,2,2
T1,探索,20250322_09_03,16,0.72670937,1.8811457,1.4320738,7.305927,1,2,0.5625,4,8,8,8
T1,探索,20250322_09_04,11,0.52982384,1.578804,1.547147,7.1316824,1,2,0.8181818181818182,2,4,4,4
T1,探索,20250322_09_05,15,0.74893165,1.7235644,1.2420118,7.312788,1,2,0.6,1,8,10,10
T1,探索,20250322_09_06,10,0.52982384,1.4339387,1.3815536,7.664419,1,1,0.9,1,2,2,2
T1,探索,20250322_09_07,15,0.42772695,1.0788596,1.6717775,10.575636,0,1,0.6,2,5,6,7
T1,探索,20250322_09_08,9,0.5244901,1.4767072,1.3710511,7.435286,1,2,1.0,0,1,1,1
T1,探索,20250322_09_09,8,0.3676158,0.9700039,0.76310223,6.472874,0,2,1.125,0,2,2,3
T1,探索,20250322_09_10,14,0.5244901,1.3799441,1.6954379,9.539996,1,1,0.6428571428571429,2,5,5,6
T1,探索,20250322_09_11,9,0.52982384,1.578804,1.7655163,7.850267,1,2,1.0,0,1,1,1
T1,探索,20250322_09_12,16,0.5315333,1.3869872,1.8502394,10.293433,1,2,0.5625,3,6,7,7
T1,探索,20250323_06_01,16,0.5244901,1.4617988,1.394257,8.580862,1,2,0.5625,5,7,9,9
T1,探索,20250323_06_02,16,0.5462975,1.5816786,1.5492492,8.844198,1,2,0.5625,3,8,9,10
T1,探索,20250323_06_03,14,0.52982384,1.4048723,1.7746277,8.555373,1,3,0.6428571428571429,3,6,6,7
T1,探索,20250323_06_04,12,0.42772695,1.0163585,1.6052486,9.868007,0,1,0.75,0,3,3,3
T1,探索,20250323_06_05,16,0.5244901,1.2978024,2.0295823,10.273971,0,2,0.5625,3,7,7,7
T1,探索,20250323_06_06,12,0.52982384,1.3277856,1.5917554,8.844389,1,1,0.75,1,2,3,3
T1,探索,20250323_06_07,16,0.39783975,1.0176125,1.6352386,11.00453,1,2,0.5625,3,7,8,8
T1,探索,20250323_06_08,15,0.42772695,1.2831808,2.123452,10.697123,0,0,0.6,2,5,5,6
T1,探索,20250323_06_09,11,0.54356456,1.5978785,1.4974201,7.3561077,1,1,0.8181818181818182,2,3,4,4
T1,探索,20250323_06_10,16,0.5244901,1.3196701,2.118727,10.857695,1,1,0.5625,3,6,6,6
T1,探索,20250323_06_11,16,0.44732144,1.3027754,1.4789289,9.652607,1,1,0.5625,2,6,10,11
T1,探索,20250323_06_12,15,0.42772695,1.192575,1.8098472,10.417686,1,2,0.6,2,5,6,6
T1,探索,20250323_07_01,16,0.42772695,1.048717,1.599644,11.125253,0,0,0.5625,0,8,8,9
T1,探索,20250323_07_02,13,0.52982384,1.578804,1.0800216,7.2075357,1,3,0.6923076923076923,1,6,8,8
T1,探索,20250323_07_03,8,0.5244901,1.1647922,0.5929038,5.139967,0,1,1.125,2,3,3,3
T1,探索,20250323_07_04,18,0.48998722,0.9067969,1.6211897,10.802929,0,0,0.5,3,9,10,10
T1,探索,20250323_07_05,17,0.42772695,1.2229068,1.7552096,10.971708,1,3,0.5294117647058824,4,7,8,9
T1,探索,20250323_07_06,16,0.5244901,1.2372134,1.8638853,10.768341,0,1,0.5625,3,5,5,6
T1,探索,20250323_07_07,16,0.5244901,1.3799441,1.7485983,9.356856,0,1,0.5625,3,7,8,8
T1,探索,20250323_07_08,16,0.52982384,1.3852777,1.7335075,9.231049,0,1,0.5625,3,8,10,10
T1,探索,20250323_07_09,10,0.52982384,1.4529744,1.6264842,8.272833,1,2,0.9,0,1,1,1
T1,探索,20250323_07_10,16,0.52982384,1.4178474,1.6136504,9.401961,0,2,0.5625,2,8,9,10
T1,探索,20250323_07_11,18,0.42772695,1.1792631,1.7476367,11.682048,1,1,0.5,3,8,11,12
T1,探索,20250323_07_12,18,0.3965402,0.89165264,1.9485203,13.405041,0,1,0.5,3,7,9,11
T1,探索,20250323_09_01,11,0.54234713,1.4945643,1.4300964,7.6610913,0,1,0.8181818181818182,1,3,4,4
T1,探索,20250323_09_02,16,0.5244901,1.5076605,1.4426273,8.200684,1,2,0.5625,5,8,11,11
T1,探索,20250323_09_03,12,0.7836538,1.760799,1.4716032,6.964926,1,2,0.75,2,6,6,6
T1,探索,20250323_09_04,17,0.5244901,1.0573897,1.7053725,11.0074005,0,1,0.5294117647058824,2,8,8,10
T1,探索,20250323_09_05,13,0.5244901,1.4767072,1.4546943,7.9962277,0,1,0.6923076923076923,1,7,7,7
T1,探索,20250323_09_06,16,0.5315333,1.5222778,1.992044,9.487583,0,2,0.5625,2,8,9,9
T1,探索,20250323_09_07,9,0.52982384,1.5069691,1.2495358,6.409708,0,1,1.0,1,3,3,3
T1,探索,20250323_09_08,8,0.5244901,1.4340414,0.99241555,6.368196,0,2,1.125,0,1,2,2
T1,探索,20250323_09_09,12,0.42772695,1.2831808,1.6643494,8.416423,0,2,0.75,0,4,5,6
T1,探索,20250323_09_10,16,0.44732144,1.1053942,1.7757001,10.936703,1,3,0.5625,2,5,6,7
T1,探索,20250323_09_11,11,0.5462975,1.5038483,1.8810546,8.649017,0,0,0.8181818181818182,0,1,2,2
T1,探索,20250323_09_12,16,0.5244901,1.3086911,1.7493402,9.925454,0,1,0.5625,2,6,6,6
T1,探索,20250329_06_01,16,0.999999,1.812974,1.3409506,6.311997,1,2,0.5625,3,9,10,10
T1,探索,20250329_06_02,16,0.74893165,1.6043856,1.3589672,7.5620666,1,1,0.5625,4,8,9,9
T1,探索,20250329_06_03,16,0.52982384,1.578804,1.5331825,8.655983,0,2,0.5625,6,7,9,9
T1,探索,20250329_06_04,16,0.7836538,1.7264273,1.6100831,7.8984747,1,2,0.5625,4,7,8,9
T1,探索,20250329_06_05,10,0.5668103,1.6366615,0.9381747,6.3009753,1,3,0.9,0,3,5,5
T1,探索,20250329_06_06,8,0.999999,2.054313,1.1109209,5.191472,1,2,1.125,0,2,2,3
T1,探索,20250329_06_07,10,0.61088413,1.5826957,1.2372575,7.0814743,1,1,0.9,0,3,3,3
T1,探索,20250329_06_08,12,0.42772695,1.2831808,1.822669,9.350466,0,0,0.75,1,3,3,3
T1,探索,20250329_06_09,16,0.5108909,1.2729913,1.786333,10.414118,1,2,0.5625,1,6,8,9
T1,探索,20250329_06_10,11,0.72670937,1.7329211,1.5538626,7.5125484,1,2,0.8181818181818182,0,3,3,3
T1,探索,20250329_06_11,15,0.42772695,1.1481335,1.832513,10.958383,1,2,0.6,1,6,6,6
T1,探索,20250329_06_12,13,0.5244901,1.4963017,2.096806,9.267953,1,2,0.6923076923076923,2,3,4,5
T1,探索,20250329_07_01,16,0.52982384,1.4820409,1.6988878,9.142044,1,2,0.5625,2,9,9,9
T1,探索,20250329_07_02,13,0.57532054,1.5275376,1.5378529,7.9594994,1,2,0.6923076923076923,3,5,6,6
T1,探索,20250329_07_03,15,0.5244901,1.3799441,1.829422,9.211496,1,2,0.6,2,7,8,8
T1,探索,20250329_07_04,13,0.52982384,1.354424,1.3137503,8.406839,1,2,0.6923076923076923,1,4,6,6
T1,探索,20250329_07_05,18,0.50296235,1.3584163,1.4498888,9.313412,1,2,0.5,4,11,13,13
T1,探索,20250329_07_06,15,0.46029663,1.3157506,1.5312651,9.123508,0,1,0.6,3,7,7,8
T1,探索,20250329_07_07,14,0.72670937,1.323986,1.6786289,8.709971,1,2,0.6428571428571429,2,4,4,5
T1,探索,20250329_07_08,16,0.5244901,1.234597,1.7066338,10.081983,0,0,0.5625,4,5,8,9
T1,探索,20250329_07_09,13,0.5853702,1.3881028,1.6331586,9.049428,0,0,0.6923076923076923,2,3,4,6
T1,探索,20250329_07_10,8,0.52982384,1.578804,0.97475505,5.9107666,1,2,1.125,0,2,2,3
T1,探索,20250329_07_11,11,0.5244901,1.2685275,1.2134929,7.819661,1,2,0.8181818181818182,0,3,5,5
T1,探索,20250329_07_12,16,0.53635937,1.3918133,1.5738918,8.750663,1,2,0.5625,5,8,9,9
T1,探索,20250329_09_01,16,0.42772695,1.2238734,1.50746,9.454821,0,1,0.5625,3,8,9,9
T1,探索,20250329_09_02,9,0.7836538,2.057683,0.77190316,5.089228,1,2,1.0,0,3,4,4
T1,探索,20250329_09_03,15,0.72670937,1.5808637,1.7511058,8.606748,0,1,0.6,1,7,7,7
T1,探索,20250329_09_04,12,0.5244901,1.5092769,1.6309818,8.085681,0,2,0.75,2,4,5,5
T1,探索,20250329_09_05,15,0.6379549,1.673336,1.7334125,8.397732,1,1,0.6,3,7,7,7
T1,探索,20250329_09_06,12,0.5108909,1.3046373,1.7108979,9.212818,0,1,0.75,1,2,3,4
T1,探索,20250329_09_07,16,0.5244901,1.1991729,1.7692235,10.755797,1,1,0.5625,0,7,8,8
T1,探索,20250329_09_09,14,0.52982384,1.2659227,1.5746979,9.375367,1,2,0.6428571428571429,1,4,5,7
T1,探索,20250329_09_10,8,0.52982384,1.4820409,1.1198808,6.6155014,0,1,1.125,0,1,1,1
T1,探索,20250329_09_11,9,0.52982384,1.578804,1.7790427,7.61686,1,1,1.0,0,0,1,2
T1,探索,20250329_09_12,9,0.72670937,1.5885923,1.0383371,6.090259,1,2,1.0,0,2,2,3
T1,探索,20250330_06_01,15,0.5315333,1.3752012,1.5719211,9.266302,1,1,0.6,2,6,7,7
T1,探索,20250330_06_02,16,0.72670937,1.4388531,2.0011845,9.687172,0,1,0.5625,3,6,6,7
T1,探索,20250330_06_03,14,0.5740876,1.6230679,1.4386531,7.611643,0,1,0.6428571428571429,1,7,8,8
T1,探索,20250330_06_04,16,0.999999,1.8541533,2.0207262,7.8701863,1,1,0.5625,5,7,7,7
T1,探索,20250330_06_05,18,0.72670937,1.5821633,1.6560217,8.997477,1,1,0.5,5,9,10,10
T1,探索,20250330_06_06,16,0.42772695,1.1016185,1.782903,11.240204,1,1,0.5625,2,5,7,8
T1,探索,20250330_06_07,16,0.6777277,1.608417,2.0057757,9.268252,0,1,0.5625,3,6,7,8
T1,探索,20250330_06_08,16,0.52982384,1.3330233,1.671302,9.804997,0,1,0.5625,3,7,8,8
T1,探索,20250330_06_10,16,0.5244901,1.0530347,1.8016474,11.158851,0,2,0.5625,0,7,8,8
T1,探索,20250330_06_11,15,0.44732144,1.1018994,1.581495,10.152,1,1,0.6,3,5,7,7
T1,探索,20250330_06_12,13,0.52982384,1.1620991,1.3567102,8.927285,1,1,0.6923076923076923,1,5,6,6
T1,探索,20250330_07_01,12,0.42772695,1.2537606,1.5812818,9.053219,0,0,0.75,0,3,5,5
T1,探索,20250330_07_02,15,0.76143163,1.7136488,1.6518099,7.82196,1,1,0.6,4,7,7,7
T1,探索,20250330_07_03,13,0.72670937,1.6789265,1.7008098,7.9869475,0,2,0.6923076923076923,2,3,5,6
T1,探索,20250330_07_04,13,0.999999,2.280778,1.7520378,6.703653,1,2,0.6923076923076923,3,5,6,6
T1,探索,20250330_07_05,18,0.72670937,1.6228986,2.136974,10.082863,1,2,0.5,2,9,10,10
T1,探索,20250330_07_06,11,0.52982384,1.4529744,1.4236512,8.194775,0,2,0.8181818181818182,2,2,2,2
T1,探索,20250330_07_07,9,0.72670937,1.8032455,1.2458384,6.306034,0,1,1.0,0,2,2,3
T1,探索,20250330_07_09,13,0.52982384,1.4820409,1.7307326,9.045142,0,2,0.6923076923076923,3,3,3,4
T1,探索,20250330_07_10,16,0.5244901,1.419994,1.5888363,8.776632,0,1,0.5625,3,7,10,10
T1,探索,20250330_07_11,18,0.48998722,1.3454411,2.1299944,11.748809,1,2,0.5,0,9,9,9
T1,探索,20250330_07_12,16,0.5244901,1.5057,1.6852045,8.840826,1,1,0.5625,3,7,8,9
T1,探索,20250330_09_01,12,0.74893165,1.7064824,1.2550069,7.0346704,1,2,0.75,1,4,5,5
T1,探索,20250330_09_02,16,0.52982384,1.0198805,1.8687602,11.289042,0,1,0.5625,2,6,6,7
T1,探索,20250330_09_03,9,0.7836538,1.7649373,1.1777428,6.049619,1,1,1.0,2,2,2,2
T1,探索,20250330_09_04,13,0.5723718,1.4278257,1.7369407,9.405687,1,2,0.6923076923076923,0,2,4,5
T1,探索,20250330_09_05,17,0.6607405,1.7150545,1.5826104,8.689645,1,2,0.5294117647058824,5,8,9,10
T1,探索,20250330_09_06,16,0.76143163,1.6168855,1.5777696,8.232065,1,2,0.5625,2,8,8,9
T1,探索,20250330_09_07,17,0.42772695,1.2537606,1.5157921,10.108325,1,1,0.5294117647058824,3,10,11,11
T1,探索,20250330_09_08,9,0.5462975,1.6059451,1.5047805,6.854082,1,2,1.0,0,2,2,3
T1,探索,20250330_09_09,11,0.49542364,1.349578,1.6972164,8.328318,1,2,0.8181818181818182,0,3,3,3
T1,探索,20250330_09_10,12,0.5244901,1.2720523,1.5882933,9.131023,0,0,0.75,1,3,3,3
T1,探索,20250330_09_11,11,0.48998722,1.3995386,1.5807173,8.312358,0,0,0.8181818181818182,1,3,3,3
T1,探索,20250330_09_12,14,0.42772695,1.1498429,1.7840596,10.452259,0,1,0.6428571428571429,2,4,4,5
T1,探索,20250405_06_01,15,0.5244901,1.4767072,1.615615,8.099379,0,2,0.6,4,8,9,9
T1,探索,20250405_06_02,16,0.999999,1.7652917,1.2751445,6.157159,1,2,0.5625,6,8,9,10
T1,探索,20250405_06_03,12,0.72670937,1.8233435,1.3872491,6.7593575,1,2,0.75,2,5,6,6
T1,探索,20250405_06_04,14,0.5315333,1.3869872,1.9738243,10.244453,0,1,0.6428571428571429,0,3,4,5
T1,探索,20250405_06_05,18,0.9919248,2.2431242,2.0034914,7.855591,1,3,0.5,5,9,9,9
T1,探索,20250405_06_06,16,0.52930814,1.2949071,1.7651725,10.092387,1,2,0.5625,3,6,7,8
T1,探索,20250405_06_07,11,0.48998722,1.2410746,1.6558728,9.392211,1,2,0.8181818181818182,0,1,1,1
T1,探索,20250405_06_08,13,0.52982384,1.4873747,1.7490575,8.844715,0,1,0.6923076923076923,1,4,5,5
T1,探索,20250405_06_10,16,0.5745787,1.1529284,1.6259271,9.791087,1,2,0.5625,3,7,7,7
T1,探索,20250405_06_11,13,0.999999,1.8554529,1.5784644,6.697479,1,2,0.6923076923076923,0,6,6,6
T1,探索,20250405_06_12,16,0.52982384,1.3259703,1.8090978,10.229025,1,2,0.5625,2,7,8,8
T1,探索,20250405_09_01,16,0.72670937,1.7810233,1.2658042,7.3612204,1,1,0.5625,4,8,10,11
T1,探索,20250405_09_02,16,0.5244901,1.4767072,1.5403639,9.160346,1,1,0.5625,2,6,9,11
T1,探索,20250405_09_03,16,0.5244901,1.2375284,1.742747,10.408451,0,0,0.5625,3,6,6,7
T1,探索,20250405_09_04,17,0.52982384,1.3852777,1.7882057,10.527491,1,2,0.5294117647058824,3,8,8,10
T1,探索,20250405_09_05,17,0.7836538,1.6755968,1.7939694,8.731703,1,1,0.5294117647058824,4,7,9,9
T1,探索,20250405_09_07,16,0.72670937,1.5967848,1.7038321,9.029522,0,0,0.5625,1,7,7,10
T1,探索,20250405_09_08,8,0.72670937,1.7756896,1.2616479,6.0946083,1,2,1.125,1,1,1,2
T1,探索,20250405_09_09,9,0.6607405,1.704564,1.3639208,6.553132,1,2,1.0,0,2,2,3
T1,探索,20250405_09_10,16,0.5244901,1.4286051,1.8231949,9.732727,1,2,0.5625,4,7,7,7
T1,探索,20250405_09_11,11,0.5244901,1.3995385,1.3155677,8.170021,1,2,0.8181818181818182,0,2,4,4
T1,探索,20250405_09_12,16,0.47638798,1.3340849,1.9659035,11.058799,0,1,0.5625,2,4,5,5
T1,探索,20250406_06_01,13,0.9022413,1.7528673,1.3362651,6.661509,1,1,0.6923076923076923,1,5,6,6
T1,探索,20250406_06_02,16,0.5528371,1.2831178,1.4295346,9.262482,1,2,0.5625,3,9,9,10
T1,探索,20250406_06_03,13,0.999999,1.8750474,1.4058706,6.476293,1,2,0.6923076923076923,2,5,5,6
T1,探索,20250406_06_04,12,0.5244901,1.4415802,1.7615651,9.507534,1,2,0.75,0,2,2,3
T1,探索,20250406_06_05,16,0.68656605,1.4514099,1.3994461,8.103175,1,2,0.5625,2,8,10,10
T1,探索,20250406_06_06,14,0.6611111,1.4871448,1.7374847,8.951264,0,1,0.6428571428571429,2,5,6,6
T1,探索,20250406_06_07,8,0.63031656,1.5346926,0.943485,5.8808813,0,1,1.125,0,1,2,2
T1,探索,20250406_06_08,13,0.6399072,1.597458,1.3338208,7.611435,0,0,0.6923076923076923,3,4,5,5
T1,探索,20250406_06_09,12,0.5462975,1.4985147,1.5040605,7.5088987,0,1,0.75,1,6,6,6
T1,探索,20250406_06_10,16,0.5244901,1.151654,1.2907741,9.312894,0,0,0.5625,2,9,11,11
T1,探索,20250406_06_11,16,0.5445881,1.5163996,1.7457727,8.775124,1,2,0.5625,3,8,10,10
T1,探索,20250406_06_12,15,0.44732144,1.3223698,1.4177259,9.055657,1,2,0.6,2,8,9,9
T1,探索,20250406_09_01,16,0.72670937,1.7038546,2.0327919,8.484864,1,2,0.5625,5,8,8,9
T1,探索,20250406_09_02,15,0.999999,1.8255657,1.4980758,6.7777925,1,3,0.6,2,8,8,9
T1,探索,20250406_09_03,16,0.6476901,1.6248354,1.5636595,8.628443,1,2,0.5625,3,8,8,9
T1,探索,20250406_09_04,14,0.52982384,1.482472,1.4301236,8.106616,1,2,0.6428571428571429,2,7,8,8
T1,探索,20250406_09_05,14,0.72670937,1.7756896,1.7958314,7.997721,0,1,0.6428571428571429,2,5,7,8
T1,探索,20250406_09_06,11,0.74893165,1.7979119,1.7071737,7.046065,0,1,0.8181818181818182,2,4,4,4
T1,探索,20250406_09_07,10,0.5381912,1.4904083,1.3910437,7.3681555,1,2,0.9,0,3,3,3
T1,探索,20250406_09_08,10,0.5244901,1.3272227,1.348366,7.759789,1,3,0.9,0,2,3,3
T1,探索,20250406_09_09,15,0.33482227,0.897087,2.0041862,12.901196,0,0,0.6,0,4,4,4
T1,探索,20250406_09_10,14,0.50296235,1.4045852,1.5615686,9.206664,0,2,0.6428571428571429,1,5,7,7
T1,探索,20250406_09_11,15,0.5244901,1.5674012,1.7995467,9.577486,0,2,0.6,1,4,7,7
T1,探索,20250406_09_12,11,0.49542364,1.2365049,1.4740391,8.892797,0,1,0.8181818181818182,0,1,3,3
T1,探索,20250412_03_01,15,0.6399072,1.4051999,1.3512381,8.405651,1,3,0.6,2,6,9,9
T1,探索,20250412_03_02,16,0.74893165,1.5366132,1.6783692,9.0488205,1,2,0.5625,0,6,8,9
T1,探索,20250412_03_03,15,0.536699,1.5856793,1.4011797,7.984719,1,3,0.6,1,8,10,11
T1,探索,20250412_03_04,15,0.5108909,1.4150058,1.778496,9.409955,1,2,0.6,2,5,7,8
T1,探索,20250412_03_05,16,0.6379549,1.5955057,1.7638807,8.953583,0,1,0.5625,5,8,8,8
T1,探索,20250412_03_06,16,0.7836538,1.4722433,1.4397582,7.8791795,0,1,0.5625,1,8,9,10
T1,探索,20250412_03_07,14,0.42772695,1.2831808,1.5820239,9.32694,0,1,0.6428571428571429,3,4,6,6
T1,探索,20250412_03_08,15,0.5244901,1.3826265,2.121893,10.718336,0,1,0.6,3,4,4,4
T1,探索,20250412_03_09,14,0.5462975,1.5038483,1.6212695,8.565697,0,1,0.6428571428571429,1,7,7,7
T1,探索,20250412_03_10,16,0.42772695,1.133874,1.8072827,11.469699,0,0,0.5625,2,6,7,8
T1,探索,20250412_03_11,15,0.32380918,0.8120988,1.5104101,11.316794,1,1,0.6,1,7,7,7
T1,探索,20250412_03_12,16,0.5244901,1.3799441,2.0017323,10.472191,0,0,0.5625,1,5,7,7
T1,探索,20250412_06_01,14,0.72670937,1.9237595,1.3594931,6.646435,0,2,0.6428571428571429,4,7,8,8
T1,探索,20250412_06_02,16,0.5244901,1.3799441,1.7231576,9.536052,0,1,0.5625,3,7,9,9
T1,探索,20250412_06_03,12,0.6399072,1.6537603,1.4972262,7.526938,1,2,0.75,1,5,5,5
T1,探索,20250412_06_04,14,0.52982384,1.2951165,1.5219306,9.283555,1,2,0.6428571428571429,1,6,6,6
T1,探索,20250412_06_05,12,0.78589326,2.0370927,1.0237296,5.896888,1,2,0.75,0,6,7,7
T1,探索,20250412_06_06,12,0.6399072,1.6888874,1.4266137,7.4772415,1,2,0.75,1,4,5,6
T1,探索,20250412_06_07,16,0.5605563,1.4160103,1.8247119,8.851769,1,2,0.5625,5,8,8,9
T1,探索,20250412_06_08,14,0.5711114,1.4265653,1.4830556,9.015622,0,1,0.6428571428571429,1,5,6,7
T1,探索,20250412_06_09,9,0.72670937,1.7863569,1.3460871,6.3556404,1,2,1.0,2,2,2,3
T1,探索,20250412_06_10,14,0.5244901,1.5734704,2.1353805,9.399955,1,2,0.6428571428571429,0,5,6,6
T1,探索,20250412_06_11,14,0.42772695,1.2532936,2.040601,10.132933,1,1,0.6428571428571429,1,6,6,6
T1,探索,20250412_06_12,16,0.4893631,1.1886662,1.8497763,11.235963,1,1,0.5625,0,6,7,7
T1,探索,20250412_09_01,16,0.52982384,1.4820409,1.6903412,9.585522,0,1,0.5625,4,6,7,7
T1,探索,20250412_09_02,16,0.7836538,1.8544414,1.9576054,8.668039,1,1,0.5625,3,7,7,8
T1,探索,20250412_09_03,16,0.74893165,1.7011487,1.7011664,8.218426,0,2,0.5625,3,9,9,10
T1,探索,20250412_09_04,18,0.42772695,1.2537606,1.8680515,11.723557,1,2,0.5,2,9,10,11
T1,探索,20250412_09_05,11,0.52982384,1.3852777,1.5290532,7.789316,0,0,0.8181818181818182,2,4,4,4
T1,探索,20250412_09_06,10,0.5244901,1.3799441,1.5570495,7.6933503,1,2,0.9,0,2,3,3
T1,探索,20250412_09_07,9,0.4818244,1.3764672,1.4598652,7.2061524,0,2,1.0,0,2,2,2
T1,探索,20250412_09_08,16,0.42772695,1.1351736,2.0292304,12.436424,1,1,0.5625,1,3,7,7
T1,探索,20250412_09_09,9,0.5462975,1.3557839,1.0896287,6.6498184,1,1,1.0,1,1,3,3
T1,探索,20250412_09_10,16,0.42772695,1.1108781,1.7232264,10.777176,0,0,0.5625,2,8,8,8
T1,探索,20250412_09_11,14,0.4264274,1.1394657,1.790259,10.517014,0,1,0.6428571428571429,1,4,5,6
T1,探索,20250412_09_12,16,0.52982384,1.4820409,1.8419122,9.459974,0,1,0.5625,2,8,8,9
T1,探索,20250413_03_01,15,0.47638798,1.1377629,1.6034492,10.123581,0,2,0.6,2,6,7,9
T1,探索,20250413_03_02,16,0.72670937,1.6017578,1.9582571,8.883889,1,1,0.5625,3,8,8,8
T1,探索,20250413_03_03,16,0.42772695,1.2831808,1.5086535,9.778107,1,2,0.5625,2,9,9,10
T1,探索,20250413_03_04,15,0.7097222,1.5771118,1.3187908,7.684155,1,2,0.6,2,7,9,9
T1,探索,20250413_03_05,16,0.5244901,1.4767072,1.8882409,9.767233,0,2,0.5625,2,8,9,9
T1,探索,20250413_03_06,16,0.5315333,1.3869872,1.9017358,10.031055,1,2,0.5625,3,7,8,8
T1,探索,20250413_03_07,16,0.72670937,1.5662917,1.4293605,8.03016,0,1,0.5625,4,8,8,10
T1,探索,20250413_03_08,16,0.52982384,1.3264372,1.8765243,10.658065,0,1,0.5625,2,5,6,7
T1,探索,20250413_03_09,10,0.5244901,1.3995385,1.6342462,7.9406157,1,2,0.9,0,1,3,3
T1,探索,20250413_03_10,16,0.5244901,1.3259231,1.4592085,9.228282,0,2,0.5625,2,10,11,11
T1,探索,20250413_03_11,15,0.48998722,1.177425,1.5315261,9.663583,0,1,0.6,2,7,7,7
T1,探索,20250413_03_12,15,0.5244901,1.3799441,1.5874407,9.503543,0,0,0.6,2,5,7,7
T1,探索,20250413_06_01,15,0.72670937,1.3333968,1.4695477,7.8527284,1,2,0.6,4,6,7,7
T1,探索,20250413_06_02,8,0.70088387,1.6660761,1.2345967,6.3820915,0,1,1.125,0,1,1,1
T1,探索,20250413_06_03,16,0.72670937,1.6694545,1.733434,8.381091,1,2,0.5625,4,7,8,8
T1,探索,20250413_06_04,13,0.72670937,1.5821633,1.6861898,8.198959,1,2,0.6923076923076923,0,4,5,6
T1,探索,20250413_06_05,16,0.6607405,1.4258603,1.6566308,8.936968,1,1,0.5625,4,8,8,8
T1,探索,20250413_06_06,18,0.4818244,1.2256888,1.6229489,10.437548,1,1,0.5,5,8,11,11
T1,探索,20250413_06_07,10,0.52982384,1.4820409,1.2454076,7.3585744,0,1,0.9,0,2,3,3
T1,探索,20250413_06_08,16,0.5244901,1.3799441,1.998839,10.438194,1,1,0.5625,2,6,7,8
T1,探索,20250413_06_09,11,0.5244901,1.4611746,1.5999613,7.8502164,1,2,0.8181818181818182,1,3,4,4
T1,探索,20250413_06_10,10,0.52982384,1.5572762,1.4940039,7.764812,0,0,0.9,0,1,2,3
T1,探索,20250413_06_11,14,0.5711114,1.2747685,1.4141362,8.74422,1,2,0.6428571428571429,1,6,7,7
T1,探索,20250413_06_12,16,0.58119863,1.5820768,1.892238,9.126851,0,0,0.5625,3,8,8,9
T1,探索,20250413_09_01,16,0.7836538,1.6096874,1.8571373,9.022841,0,0,0.5625,1,5,8,9
T1,探索,20250413_09_02,15,0.5244901,1.3799441,2.000574,9.779907,0,0,0.6,1,7,7,7
T1,探索,20250413_09_03,16,0.52982384,1.2572263,1.694341,10.222303,0,2,0.5625,1,7,8,8
T1,探索,20250413_09_04,14,0.74893165,1.739052,1.4324293,7.778947,1,2,0.6428571428571429,3,4,6,8
T1,探索,20250413_09_05,16,0.5244901,1.2293359,2.4557123,12.680383,1,2,0.5625,0,3,5,5
T1,探索,20250413_09_06,10,0.6777277,1.4729077,1.2432612,7.1852407,0,1,0.9,0,2,2,3
T1,探索,20250413_09_08,12,0.52982384,1.4820409,1.8622146,8.8559475,0,0,0.75,0,3,3,3
T1,探索,20250413_09_09,8,0.72670937,1.7466232,1.3719709,6.633342,1,2,1.125,0,0,0,0
T1,探索,20250413_09_10,11,0.5668103,1.5054282,1.4269576,7.9730916,0,1,0.8181818181818182,0,2,4,4
T1,探索,20250413_09_11,18,0.42772695,1.0891019,1.9256307,13.209723,1,1,0.5,0,7,8,13
T1,探索,20250413_09_12,16,0.42772695,1.2831808,1.7987337,9.647163,1,1,0.5625,1,8,9,9
T1,探索,20250419_03_01,16,0.72670937,1.5821633,1.7552829,8.69045,1,1,0.5625,3,8,8,8
T1,探索,20250419_03_02,16,0.6607405,1.5702919,1.5654415,8.095573,1,2,0.5625,5,8,10,10
T1,探索,20250419_03_03,16,0.52982384,1.4271007,1.6508346,9.510714,0,0,0.5625,2,8,9,10
T1,探索,20250419_03_04,15,0.5244901,1.5734704,1.6315448,8.644892,0,2,0.6,1,8,8,9
T1,探索,20250419_03_05,15,0.52982384,1.4820409,1.970161,9.376415,0,1,0.6,2,6,7,8
T1,探索,20250419_03_06,16,0.5244901,1.3773448,1.8037319,10.31593,0,1,0.5625,2,6,6,7
T1,探索,20250419_03_07,15,0.5244901,1.3422904,1.6631109,9.384925,1,2,0.6,4,5,6,9
T1,探索,20250419_03_08,16,0.44732144,1.3027754,1.6705421,9.516526,0,2,0.5625,2,8,9,9
T1,探索,20250419_03_09,10,0.74893165,1.7064824,1.1429366,6.4387083,1,2,0.9,0,3,4,4
T1,探索,20250419_03_10,16,0.42772695,1.2831808,1.7177266,9.829579,1,1,0.5625,1,8,9,9
T1,探索,20250419_03_11,15,0.5244901,1.2683545,1.5482917,9.635001,1,1,0.6,2,6,7,8
T1,探索,20250419_03_12,16,0.42772695,1.1586404,1.9189749,11.859317,1,1,0.5625,1,4,6,7
T1,探索,20250419_06_01,14,0.999999,2.1844943,1.2123281,6.0790687,1,2,0.6428571428571429,3,6,8,8
T1,探索,20250419_06_02,10,0.8332479,2.0844474,1.288796,5.994109,1,2,0.9,2,3,4,4
T1,探索,20250419_06_03,16,0.52982384,1.2633537,1.37402,9.367265,1,2,0.5625,1,7,10,13
T1,探索,20250419_06_04,13,0.74893165,1.903368,1.0900574,6.210063,1,2,0.6923076923076923,2,7,7,8
T1,探索,20250419_06_05,16,0.999999,2.1544354,1.2417489,6.0985894,1,2,0.5625,4,8,10,11
T1,探索,20250419_06_06,8,0.6777277,1.7320416,1.1970764,5.842163,1,3,1.125,0,3,3,3
T1,探索,20250419_06_07,15,0.72670937,1.6573987,1.9322135,9.008355,1,2,0.6,2,4,6,6
T1,探索,20250419_06_08,14,0.68656605,1.4170197,1.5102597,8.458154,0,1,0.6428571428571429,1,4,6,7
T1,探索,20250419_06_09,13,0.5992921,1.5568429,1.5640945,8.09409,1,2,0.6923076923076923,2,5,5,5
T1,探索,20250419_06_10,15,0.5244901,1.4631081,1.7533559,9.46643,0,1,0.6,3,5,7,7
T1,探索,20250419_06_11,11,0.60658306,1.5588002,1.483564,8.135404,0,2,0.8181818181818182,0,1,3,3
T1,探索,20250419_06_12,15,0.5244901,1.3799441,1.8265537,9.418145,0,0,0.6,2,7,8,8
T1,探索,20250419_09_01,16,0.6767762,1.5518246,1.6760688,8.517867,1,2,0.5625,2,9,9,9
T1,探索,20250419_09_02,16,0.52982384,1.3852777,1.891685,10.092265,0,0,0.5625,2,7,8,8
T1,探索,20250419_09_03,16,0.5244901,1.4476408,1.840476,9.591045,0,1,0.5625,2,7,7,9
T1,探索,20250419_09_04,15,0.6399072,1.5494585,1.4210321,8.374092,1,2,0.6,2,7,8,8
T1,探索,20250419_09_06,8,0.5462975,1.6006114,1.0489794,6.0647397,1,2,1.125,0,1,2,2
T1,探索,20250419_09_07,10,0.72670937,1.6789265,1.3108016,6.306212,1,2,0.9,2,4,4,4
T1,探索,20250419_09_08,14,0.5244901,1.211928,1.5862539,9.571588,1,1,0.6428571428571429,1,5,5,6
T1,探索,20250419_09_09,16,0.5244901,1.289334,1.9328954,10.580696,1,2,0.5625,2,5,7,7
T1,探索,20250419_09_10,14,0.5244901,1.3799441,1.7207044,9.492825,1,2,0.6428571428571429,2,4,5,6
T1,探索,20250419_09_11,12,0.48998722,1.2632996,1.5789566,9.119975,1,1,0.75,1,3,4,4
T1,探索,20250419_09_12,15,0.59880954,1.5205796,1.8567129,9.600142,1,2,0.6,2,5,5,5
T1,探索,20250420_03_01,16,0.52982384,1.4820409,1.6645724,9.700677,1,2,0.5625,2,7,7,8
T1,探索,20250420_03_02,15,0.52982384,1.4048723,1.7709726,8.691076,1,2,0.6,3,6,8,8
T1,探索,20250420_03_03,16,0.5244901,1.3206366,1.7083803,10.08349,1,1,0.5625,2,7,8,9
T1,探索,20250420_03_04,16,0.5244901,1.4125137,1.5875998,9.663754,0,1,0.5625,3,7,8,8
T1,探索,20250420_03_05,16,0.5244901,1.2321019,1.7699686,10.278116,1,1,0.5625,3,6,7,8
T1,探索,20250420_03_06,15,0.42772695,1.1104293,1.9538171,11.181131,0,2,0.6,2,5,5,5
T1,探索,20250420_03_07,16,0.44732144,1.3027754,1.8177652,10.186855,0,0,0.5625,2,7,8,8
T1,探索,20250420_03_08,15,0.5244901,1.3799441,1.6735564,9.021809,1,1,0.6,3,7,7,8
T1,探索,20250420_03_09,15,0.5244901,1.4162602,1.7048931,9.593059,1,2,0.6,3,5,6,7
T1,探索,20250420_03_10,15,0.5244901,1.4481995,2.0685215,9.682711,0,1,0.6,2,6,6,6
T1,探索,20250420_03_11,15,0.5244901,1.1756228,1.7604784,10.467638,1,1,0.6,1,5,5,6
T1,探索,20250420_03_12,15,0.5315333,1.4701512,1.5007334,8.859882,1,2,0.6,1,7,9,9
T1,探索,20250420_06_01,14,0.5462975,1.4443433,1.8940432,8.659447,1,2,0.6428571428571429,4,6,6,6
T1,探索,20250420_06_02,16,0.9003144,2.1034117,1.4923341,6.7669024,1,2,0.5625,6,8,9,9
T1,探索,20250420_06_03,12,0.717871,1.6178238,1.2458167,6.914152,1,2,0.75,2,5,5,5
T1,探索,20250420_06_04,16,0.72670937,1.7925761,1.3797888,7.523126,1,2,0.5625,5,7,9,9
T1,探索,20250420_06_05,11,0.72670937,1.9041431,1.1246798,5.922793,0,2,0.8181818181818182,1,5,6,6
T1,探索,20250420_06_06,15,0.72670937,1.6842601,2.0272365,9.413541,0,1,0.6,2,4,5,5
T1,探索,20250420_06_07,16,0.5108909,1.476642,1.930689,9.8125305,1,1,0.5625,3,6,7,8
T1,探索,20250420_06_08,16,0.717871,1.5850877,1.3408227,7.701898,1,2,0.5625,4,7,10,10
T1,探索,20250420_06_09,12,0.5711114,1.630759,1.271727,7.521206,1,2,0.75,0,3,5,6
T1,探索,20250420_06_10,16,0.52982384,1.3839781,1.7811459,10.37989,0,2,0.5625,3,6,7,7
T1,探索,20250420_06_11,18,0.42772695,1.0250036,2.3151076,13.593656,0,1,0.5,2,6,8,8
T1,探索,20250420_06_12,13,0.52982384,1.4048723,1.5647321,8.393228,1,2,0.6923076923076923,2,4,6,6
T1,探索,20250420_09_01,16,0.42772695,1.1417319,2.146454,11.614866,1,1,0.5625,1,5,6,6
T1,探索,20250420_09_02,16,0.6356061,1.6845863,1.3277895,7.9377847,0,1,0.5625,3,8,10,10
T1,探索,20250420_09_03,16,0.5563472,1.5085642,1.5511278,8.870205,1,1,0.5625,3,9,9,9
T1,探索,20250420_09_04,14,0.7836538,1.6391077,1.9878811,8.166681,1,2,0.6428571428571429,2,7,7,7
T1,探索,20250420_09_05,18,0.5244901,1.4525735,1.786408,9.284432,1,2,0.5,6,11,11,11
T1,探索,20250420_09_06,16,0.44732144,1.2425014,1.8733516,10.876791,1,1,0.5625,3,6,7,7
T1,探索,20250420_09_07,11,0.5244901,1.4415802,1.3799099,7.964542,1,1,0.8181818181818182,1,2,3,3
T1,探索,20250420_09_08,13,0.682265,1.4854645,1.5668361,8.45582,1,1,0.6923076923076923,0,4,5,5
T1,探索,20250420_09_09,8,0.42772695,1.2818813,1.3167332,7.470319,1,2,1.125,0,0,0,0
T1,探索,20250420_09_10,15,0.42772695,1.2831808,1.8257757,9.6928835,1,2,0.6,3,7,7,7
T1,探索,20250420_09_11,11,0.52982384,1.5652049,1.2652552,7.455132,1,2,0.8181818181818182,0,3,4,5
T1,探索,20250420_09_12,16,0.50296235,1.2151061,1.5846217,9.922022,0,0,0.5625,3,8,9,9
T1,探索,20250426_03_01,15,0.5244901,1.2894154,1.6348183,9.995762,0,0,0.6,1,6,7,7
T1,探索,20250426_03_02,16,0.72670937,1.5887653,1.6985159,8.914467,1,3,0.5625,2,7,7,8
T1,探索,20250426_03_03,16,0.7836538,1.6226627,1.5110607,7.7212214,1,1,0.5625,4,9,10,10
T1,探索,20250426_03_04,12,0.72670937,1.7827327,1.0603628,6.537498,1,3,0.75,0,5,7,7
T1,探索,20250426_03_05,16,0.6607405,1.5838912,1.8261654,9.006346,0,1,0.5625,4,7,7,7
T1,探索,20250426_03_06,14,0.7836538,1.7513381,1.6424948,7.7233787,0,1,0.6428571428571429,2,6,6,7
T1,探索,20250426_03_07,15,0.47638798,1.2996886,2.0209415,11.121792,0,1,0.6,1,5,5,5
T1,探索,20250426_03_08,16,0.72670937,1.5821633,1.5475552,8.655627,1,2,0.5625,2,7,9,9
T1,探索,20250426_03_09,16,0.5315333,1.4837503,1.819223,9.674539,1,2,0.5625,3,6,7,9
T1,探索,20250426_03_10,13,0.52982384,1.2951165,1.5595713,9.077793,1,2,0.6923076923076923,1,5,6,6
T1,探索,20250426_03_11,15,0.5244901,1.2978024,1.8000674,10.396125,1,1,0.6,1,4,5,5
T1,探索,20250426_03_12,13,0.42772695,1.2229068,1.5804925,9.807111,1,2,0.6923076923076923,1,3,4,5
T1,探索,20250426_05_01,15,0.42772695,1.2000728,1.7074687,10.310172,0,1,0.6,2,6,7,7
T1,探索,20250426_05_02,16,0.568515,1.4239689,1.6427611,8.761591,1,2,0.5625,3,8,9,9
T1,探索,20250426_05_03,16,0.999999,1.6197716,1.6711608,7.2513313,1,1,0.5625,3,7,7,9
T1,探索,20250426_05_04,18,0.91350603,1.8906512,1.7576993,7.487855,1,2,0.5,5,11,12,12
T1,探索,20250426_05_05,18,0.870833,2.0252693,1.8947871,8.05315,1,3,0.5,5,9,9,9
T1,探索,20250426_05_06,16,0.72670937,1.6789265,1.7737676,8.609692,0,1,0.5625,2,8,8,9
T1,探索,20250426_05_07,14,0.7836538,1.8379678,1.4123309,6.9953847,0,0,0.6428571428571429,4,8,8,8
T1,探索,20250426_05_08,12,0.62096775,1.4764217,1.7401001,8.1669235,1,2,0.75,1,3,4,4
T1,探索,20250426_05_09,9,0.6777277,1.6495392,1.3251624,6.326575,1,3,1.0,0,3,3,3
T1,探索,20250426_05_10,16,0.44732144,1.1776022,1.6511402,10.512936,1,2,0.5625,2,5,9,10
T1,探索,20250426_05_11,13,0.614231,1.5664481,1.8859202,9.007821,1,3,0.6923076923076923,0,4,5,5
T1,探索,20250426_05_12,8,0.87767595,1.603419,0.82166976,4.86935,1,2,1.125,0,2,2,2
T1,探索,20250426_08_01,16,0.5462975,1.4147265,2.0435433,9.568425,1,1,0.5625,3,6,6,8
T1,探索,20250426_08_02,16,0.42772695,1.2831808,2.1032,11.223058,0,0,0.5625,4,5,6,6
T1,探索,20250426_08_03,18,0.5244901,1.3225278,1.5753627,10.250103,0,1,0.5,3,9,12,12
T1,探索,20250426_08_04,11,0.47638798,1.3305423,1.6444607,9.200702,0,1,0.8181818181818182,0,0,2,4
T1,探索,20250426_08_05,18,0.5244901,1.3995385,2.1580892,11.078143,0,1,0.5,5,8,8,8
T1,探索,20250426_08_06,14,0.7836538,1.6391077,1.594841,7.7659917,1,2,0.6428571428571429,1,6,6,7
T1,探索,20250426_08_07,12,0.52982384,1.3544604,1.7212572,9.475595,1,2,0.75,0,2,2,3
T1,探索,20250426_08_09,12,0.5108909,1.3663448,1.7827957,8.560326,1,1,0.75,1,4,4,4
T1,探索,20250426_08_10,12,0.52982384,1.4339387,1.7065722,7.8112154,1,2,0.75,3,4,5,5
T1,探索,20250426_08_11,14,0.42772695,1.1337122,1.6425683,10.380585,1,1,0.6428571428571429,2,4,5,5
T1,探索,20250426_08_12,9,0.5315333,1.4837503,0.89790684,5.84748,1,1,1.0,0,3,5,5
T1,探索,20250427_03_01,16,0.5244901,1.3799441,2.091805,10.494943,1,2,0.5625,3,5,7,7
T1,探索,20250427_03_02,16,0.999999,1.8554529,1.6970576,7.5488405,1,3,0.5625,3,7,7,9
T1,探索,20250427_03_03,15,0.5244901,1.1456604,1.8454796,10.51587,1,2,0.6,2,4,4,4
T1,探索,20250427_03_04,16,0.68888885,1.6411059,1.5759022,8.567627,1,3,0.5625,3,6,8,8
T1,探索,20250427_03_05,13,0.72670937,1.8128803,1.241689,6.8695717,1,2,0.6923076923076923,2,6,7,7
T1,探索,20250427_03_06,14,0.52982384,1.3852777,1.8041816,9.252164,0,0,0.6428571428571429,3,5,5,5
T1,探索,20250427_03_07,14,0.4609207,1.2739285,1.6107641,9.266342,1,1,0.6428571428571429,2,6,6,6
T1,探索,20250427_03_08,16,0.4035933,1.0644683,1.7613693,10.93979,0,1,0.5625,3,8,8,8
T1,探索,20250427_03_09,11,0.47389588,1.3293498,2.0390196,8.64153,1,1,0.8181818181818182,1,3,3,3
T1,探索,20250427_03_10,15,0.47638798,1.331842,1.4386429,9.335299,0,1,0.6,2,7,8,8
T1,探索,20250427_03_11,16,0.3025538,0.79261047,1.6947342,12.844178,0,0,0.5625,1,6,8,10
T1,探索,20250427_03_12,12,0.52982384,1.354424,1.7523601,9.252765,1,1,0.75,1,2,3,3
T1,探索,20250427_05_01,16,0.72670937,1.3751019,1.4337852,7.985352,0,1,0.5625,2,8,9,9
T1,探索,20250427_05_02,16,0.52982384,1.3998992,1.3042701,8.542384,0,1,0.5625,2,9,10,10
T1,探索,20250427_05_03,15,0.7836538,1.6374598,1.2781749,7.019152,1,3,0.6,3,8,9,9
T1,探索,20250427_05_04,11,0.72670937,1.7411867,1.6798683,7.6447783,1,1,0.8181818181818182,0,3,3,3
T1,探索,20250427_05_05,14,0.999999,1.8754082,1.1650877,5.651151,1,2,0.6428571428571429,4,7,8,8
T1,探索,20250427_05_06,9,0.96825856,1.8224128,1.5551783,6.4244585,0,1,1.0,0,1,1,1
T1,探索,20250427_05_07,14,0.54246336,1.4731526,1.5904788,8.854512,0,1,0.6428571428571429,3,4,7,7
T1,探索,20250427_05_08,14,0.45679346,1.1695167,1.5163034,9.59489,0,2,0.6428571428571429,0,5,7,8
T1,探索,20250427_05_09,15,0.42772695,1.2831808,1.8506359,9.62735,0,1,0.6,0,8,8,8
T1,探索,20250427_05_10,12,0.42772695,1.083813,1.533315,9.178468,1,2,0.75,0,4,4,4
T1,探索,20250427_05_11,18,0.5445881,1.1465274,1.9587933,12.216717,1,1,0.5,0,8,10,10
T1,探索,20250427_05_12,16,0.46222988,1.0217608,1.5807374,10.745112,0,1,0.5625,2,7,8,9
T1,探索,20250427_08_01,15,0.42772695,1.2831808,1.5863597,9.792792,0,0,0.6,2,6,8,8
T1,探索,20250427_08_02,15,0.7879181,1.726536,1.6454034,7.884975,0,1,0.6,2,7,7,7
T1,探索,20250427_08_03,18,0.6150933,1.2437458,1.5815451,9.761514,1,3,0.5,2,8,12,12
T1,探索,20250427_08_04,12,0.5462975,1.4017514,1.2789588,8.1962,1,2,0.75,0,4,5,6
T1,探索,20250427_08_05,14,0.5244901,1.2547709,1.5094731,9.192402,0,2,0.6428571428571429,3,5,5,5
T1,探索,20250427_08_06,10,0.7836538,1.7384291,1.319587,6.5214295,0,1,0.9,1,3,3,4
T1,探索,20250427_08_07,10,0.5244901,1.5308046,1.3866345,7.364448,1,2,0.9,0,3,3,3
T1,探索,20250427_08_08,12,0.5244901,1.4125137,1.6918097,8.338211,1,1,0.75,1,5,5,5
T1,探索,20250427_08_09,8,0.5244901,1.4340415,1.2351522,6.850184,0,1,1.125,0,1,1,1
T1,探索,20250427_08_10,16,0.45072436,1.3257728,2.1478162,10.203562,0,0,0.5625,2,7,7,7
T1,探索,20250427_08_11,10,0.5108909,1.4137063,1.381892,7.585264,0,2,0.9,0,3,3,3
T1,探索,20250427_08_12,12,0.50296235,1.3713914,1.7949702,9.2438,1,2,0.75,0,3,3,5
T2,探索,20250601_05_01,16,0.7871425,1.5659133,1.2678843,7.2975497,1,2,0.5625,3,7,10,13
T2,探索,20250601_05_02,15,0.68426126,1.654757,1.1289815,6.83274,1,2,0.6,5,8,10,11
T2,探索,20250601_05_03,16,0.94078946,2.3204606,1.4440205,6.5654845,1,2,0.5625,5,8,8,11
T2,探索,20250601_05_04,14,0.7691619,2.1918027,1.66804,6.851263,0,2,0.6428571428571429,5,6,6,8
T2,探索,20250601_05_05,11,0.65347904,1.6948942,1.5600424,7.329006,1,1,0.8181818181818182,1,3,3,5
T2,探索,20250601_05_06,16,0.66037005,1.8424888,1.8591278,8.494444,0,2,0.5625,5,6,6,10
T2,探索,20250601_05_07,16,0.6868524,1.3334706,1.4772553,8.434817,1,1,0.5625,3,8,10,11
T2,探索,20250601_05_08,16,0.6919535,1.6704198,1.7336614,8.838182,1,2,0.5625,2,5,7,12
T2,探索,20250601_05_09,16,0.7152014,1.4693091,1.5462683,8.806816,0,2,0.5625,1,7,8,12
T2,探索,20250601_05_10,18,0.59629405,1.2033646,2.0820472,11.750148,1,2,0.5,3,6,7,11
T2,探索,20250601_05_11,18,0.5648456,1.2803057,2.4355562,13.269772,0,1,0.5,2,3,6,11
T2,探索,20250601_05_12,17,0.7903171,1.4004617,1.5684968,8.482656,0,2,0.5294117647058824,1,6,10,15
T2,探索,20250601_08_01,15,0.71739435,1.8568633,1.942035,7.839018,1,2,0.6,6,6,7,9
T2,探索,20250601_08_02,14,0.5708056,1.2675058,1.5051795,8.912739,1,2,0.6428571428571429,1,6,7,9
T2,探索,20250601_08_03,18,0.3671681,1.0436689,1.5600783,11.609893,0,0,0.5,2,9,10,14
T2,探索,20250601_08_04,12,0.66037005,1.4884108,1.6328292,8.367057,1,1,0.75,0,3,4,6
T2,探索,20250601_08_05,13,0.7883746,1.5521222,1.5376697,7.748048,1,1,0.6923076923076923,0,4,5,7
T2,探索,20250601_08_06,14,0.44384646,1.1622671,1.5631235,9.994211,1,1,0.6428571428571429,2,3,4,10
T2,探索,20250601_08_07,11,0.59629405,1.6905394,1.5139785,7.6398973,1,3,0.8181818181818182,0,1,2,7
T2,探索,20250601_08_08,16,0.4229387,1.1331044,1.8948562,11.197236,1,1,0.5625,4,5,5,10
T2,探索,20250601_08_09,14,0.59178466,1.6318455,1.59688,8.9738655,0,1,0.6428571428571429,0,4,4,9
T2,探索,20250601_08_10,16,0.39681545,0.9263323,1.7930504,12.752039,0,0,0.5625,2,4,5,13
T2,探索,20250601_08_11,11,0.59033406,1.5838732,1.5246084,7.9122686,0,1,0.8181818181818182,1,2,2,5
T2,探索,20250601_08_12,14,0.5143078,1.1884029,1.7007507,10.086448,0,2,0.6428571428571429,0,5,6,9
T2,探索,20250607_05_01,12,0.59629405,1.4765246,1.8619176,8.980325,0,0,0.75,1,2,3,5
T2,探索,20250607_05_02,16,0.69414645,1.59811,1.3609124,7.9331822,1,1,0.5625,3,8,10,12
T2,探索,20250607_05_03,16,0.6167119,1.440584,1.4280416,8.214623,1,2,0.5625,4,8,8,11
T2,探索,20250607_05_04,14,0.94078946,1.6516271,1.2212505,6.2149997,1,2,0.6428571428571429,3,5,5,11
T2,探索,20250607_05_05,9,0.6919535,1.7429338,1.1972705,6.437386,1,3,1.0,0,1,1,4
T2,探索,20250607_05_06,16,0.7945724,1.8752633,1.333008,7.0195947,1,2,0.5625,5,6,7,12
T2,探索,20250607_05_07,18,0.6919535,1.7344753,1.4006162,7.665061,1,2,0.5,5,10,10,14
T2,探索,20250607_05_08,16,0.7691619,1.8929241,1.808093,8.283346,0,2,0.5625,1,8,9,11
T2,探索,20250607_05_09,12,0.6919535,1.9845834,1.8160807,7.3431134,1,2,0.75,3,3,3,6
T2,探索,20250607_05_10,15,0.44384646,1.1024443,1.5222095,10.5522375,0,0,0.6,1,5,6,11
T2,探索,20250607_05_11,16,0.49718562,1.3699538,1.501712,9.229265,0,0,0.5625,4,7,8,11
T2,探索,20250607_05_12,15,0.73914486,1.5901414,1.5828191,8.211954,1,2,0.6,5,6,7,9
T2,探索,20250607_09_01,15,0.94078946,1.9456586,1.4995579,6.6302,1,2,0.6,4,7,8,9
T2,探索,20250607_09_02,16,0.7825928,1.7822196,1.5439712,7.8786535,1,2,0.5625,6,7,8,10
T2,探索,20250607_09_03,16,0.71739435,1.7862761,1.7124354,8.703251,0,1,0.5625,3,5,6,11
T2,探索,20250607_09_04,16,0.68506247,1.6750613,1.3162365,7.606029,0,0,0.5625,6,8,9,12
T2,探索,20250607_09_06,13,0.6919535,1.8883438,1.3986616,7.0209923,0,2,0.6923076923076923,4,5,5,7
T2,探索,20250607_09_07,10,0.94078946,1.7196538,1.2146375,5.924886,1,2,0.9,1,2,3,4
T2,探索,20250607_09_08,9,0.63225985,1.8158293,1.10425,6.2869844,1,2,1.0,1,2,2,3
T2,探索,20250607_09_09,10,0.64909667,1.5554602,1.3325143,6.9430294,0,2,0.9,1,3,3,4
T2,探索,20250607_09_10,9,0.7945724,1.9303724,1.0966014,6.014778,1,2,1.0,0,1,1,4
T2,探索,20250607_09_11,15,0.58582467,1.6159236,1.5789756,8.957798,1,3,0.6,1,5,7,11
T2,探索,20250607_09_12,16,0.65347904,1.451166,1.7819182,9.515501,1,2,0.5625,4,5,5,10
T2,探索,20250608_05_01,16,0.7871425,1.830342,1.5558845,7.5681434,0,1,0.5625,5,7,8,11
T2,探索,20250608_05_02,16,0.7128528,1.5798591,1.5826519,8.749198,1,2,0.5625,1,6,7,12
T2,探索,20250608_05_03,17,0.94108725,2.1036775,1.482797,6.8440757,0,2,0.5294117647058824,7,8,10,12
T2,探索,20250608_05_04,16,0.7903171,1.5942827,1.5310608,8.089412,1,1,0.5625,3,6,8,11
T2,探索,20250608_05_05,10,0.6919535,1.7440921,1.4073476,7.219825,1,3,0.9,0,1,2,5
T2,探索,20250608_05_06,17,0.71739435,1.8322865,2.135816,9.848215,0,1,0.5294117647058824,0,5,7,11
T2,探索,20250608_05_07,16,0.7152014,1.6859372,1.6626639,8.416672,1,2,0.5625,2,6,8,11
T2,探索,20250608_05_08,18,0.71739435,1.576025,1.9998192,9.651051,1,2,0.5,4,6,9,12
T2,探索,20250608_05_09,12,0.7828872,1.5409676,1.5631114,7.638628,1,2,0.75,2,3,3,6
T2,探索,20250608_05_10,16,0.59629405,1.4338453,1.8488656,9.60022,0,1,0.5625,5,6,6,9
T2,探索,20250608_05_11,18,0.59178466,1.5768205,1.7474731,9.80155,0,1,0.5,3,7,10,13
T2,探索,20250608_05_12,14,0.71739435,1.6740999,1.4643068,7.6272473,1,2,0.6428571428571429,3,4,5,9
T2,探索,20250608_09_01,11,0.4592934,1.3320615,1.6949908,8.530948,1,1,0.8181818181818182,2,2,2,4
T2,探索,20250608_09_02,14,0.63225985,1.7053335,1.4018248,7.525716,1,2,0.6428571428571429,2,7,7,9
T2,探索,20250608_09_03,16,0.71739435,1.5125352,1.5125387,8.106194,1,2,0.5625,3,8,10,11
T2,探索,20250608_09_04,15,0.6919535,1.9756916,1.5729458,7.6611366,0,2,0.6,4,6,7,10
T2,探索,20250608_09_05,11,0.46372306,1.1499493,1.5924985,9.252501,0,0,0.8181818181818182,0,1,2,5
T2,探索,20250608_09_06,17,0.69414645,1.4456477,1.4155921,8.282686,1,2,0.5294117647058824,4,7,10,14
T2,探索,20250608_09_07,18,0.7691619,1.8378059,2.0757782,8.655154,0,1,0.5,5,10,11,11
T2,探索,20250608_09_08,13,0.43638408,1.2001318,1.6488634,9.802914,0,1,0.6923076923076923,1,3,3,8
T2,探索,20250608_09_09,8,0.71739435,1.8411567,0.89775807,5.699107,1,2,1.125,0,0,1,4
T2,探索,20250608_09_10,8,0.59629405,1.2266715,0.7325349,5.680166,0,0,1.125,0,1,2,5
T2,探索,20250608_09_11,16,0.46952865,1.0605545,1.821937,11.676305,0,0,0.5625,3,4,6,11
T2,探索,20250608_09_12,16,0.45172504,1.3319556,1.5729957,10.245817,1,2,0.5625,1,6,7,13
T2,探索,20250614_02_01,16,0.65347904,1.7555801,1.7859256,8.873943,0,1,0.5625,2,7,7,10
T2,探索,20250614_02_02,14,0.7783375,1.8255572,1.1699115,6.5635056,1,2,0.6428571428571429,2,6,7,11
T2,探索,20250614_02_03,12,0.4229387,1.1868106,1.5678488,9.396336,1,2,0.75,0,2,5,6
T2,探索,20250614_02_04,8,0.37839636,1.0713794,0.51403767,5.6452274,1,2,1.125,0,3,4,5
T2,探索,20250614_02_05,12,0.43638408,1.2426865,1.7555826,9.949821,1,2,0.75,0,1,2,6
T2,探索,20250614_02_06,14,0.71739435,1.8061044,1.7220054,7.5105243,0,2,0.6428571428571429,3,6,7,8
T2,探索,20250614_02_07,14,0.49732566,1.2888495,1.7757024,9.951147,1,1,0.6428571428571429,2,3,5,9
T2,探索,20250614_02_08,12,0.63225985,1.566243,1.461227,7.9889145,1,2,0.75,1,2,4,7
T2,探索,20250614_02_09,11,0.40880123,1.1159217,1.8323491,9.951641,0,0,0.8181818181818182,0,1,1,2
T2,探索,20250614_02_10,8,0.7152014,1.2071065,0.7660278,5.1147075,0,1,1.125,0,1,1,5
T2,探索,20250614_02_11,15,0.5338195,1.197575,1.7580888,10.605445,0,1,0.6,0,5,5,10
T2,探索,20250614_02_12,14,0.69414645,1.4653565,1.4468766,7.9713364,1,2,0.6428571428571429,2,4,6,9
T2,探索,20250614_05_01,16,0.48497558,1.2784728,1.3694828,8.956512,0,2,0.5625,4,8,9,12
T2,探索,20250614_05_02,11,0.8522975,1.9902012,1.3783581,6.2481685,1,2,0.8181818181818182,2,5,5,6
T2,探索,20250614_05_03,16,0.59629405,1.7296884,1.6290611,8.074799,0,1,0.5625,4,8,9,11
T2,探索,20250614_05_05,11,0.6919535,1.6238471,1.2364657,6.8985124,1,3,0.8181818181818182,0,4,4,6
T2,探索,20250614_05_06,10,0.65347904,1.5853727,1.3659197,7.2452345,1,1,0.9,0,0,3,5
T2,探索,20250614_05_07,16,0.7903171,1.8457764,1.3228319,7.219256,1,2,0.5625,3,7,10,12
T2,探索,20250614_05_08,18,0.7063598,1.3889898,1.9548432,10.0968275,0,0,0.5,3,6,8,13
T2,探索,20250614_05_09,16,0.7828872,1.9834713,1.5934755,7.730467,0,0,0.5625,4,6,6,11
T2,探索,20250614_05_10,16,0.45141482,1.136888,1.5087202,10.206926,0,0,0.5625,4,5,6,13
T2,探索,20250614_05_11,15,0.72111106,1.5332248,1.6889248,9.018383,0,1,0.6,2,4,6,9
T2,探索,20250614_05_12,16,0.52746826,1.3505152,1.4431028,8.333435,1,3,0.5625,5,8,9,11
T2,探索,20250614_09_01,16,0.6919535,1.8800323,1.4697127,7.6328926,1,2,0.5625,6,8,8,10
T2,探索,20250614_09_02,16,0.72111106,1.9457724,1.9575375,8.261909,0,1,0.5625,3,7,7,10
T2,探索,20250614_09_03,16,0.77414054,1.695084,1.4057673,7.3407316,1,2,0.5625,4,8,9,12
T2,探索,20250614_09_04,18,0.59629405,1.419349,1.8454342,10.178445,0,0,0.5,4,8,10,13
T2,探索,20250614_09_05,8,0.59629405,1.5840784,1.213384,6.6804295,1,3,1.125,0,0,0,2
T2,探索,20250614_09_06,18,0.6167119,1.5971524,1.5971133,8.972935,1,3,0.5,4,7,10,14
T2,探索,20250614_09_07,16,0.59629405,1.2996182,1.6752979,9.282006,0,1,0.5625,3,8,8,9
T2,探索,20250614_09_09,13,0.7871425,1.427829,1.4332837,7.426738,1,1,0.6923076923076923,1,3,5,8
T2,探索,20250614_09_10,16,0.59178466,1.4089906,1.908762,10.029992,0,2,0.5625,2,7,8,9
T2,探索,20250614_09_11,12,0.7691619,1.7337232,1.4335282,7.2050724,1,1,0.75,0,4,4,7
T2,探索,20250614_09_12,16,0.477097,1.1812261,1.6860853,10.299848,0,2,0.5625,4,7,8,11
T2,探索,20250615_02_01,16,0.59629405,1.4287645,2.0381908,10.191685,1,2,0.5625,3,6,6,9
T2,探索,20250615_02_02,14,0.59629405,1.4539338,1.7171123,8.840255,0,1,0.6428571428571429,3,4,6,8
T2,探索,20250615_02_03,11,0.4938123,1.2684636,1.2966352,8.208703,1,2,0.8181818181818182,0,3,3,6
T2,探索,20250615_02_04,10,0.6526777,1.4202358,1.6705215,8.151101,1,2,0.9,0,1,1,3
T2,探索,20250615_02_05,9,0.59629405,1.5746526,1.340846,7.189494,1,2,1.0,0,0,1,3
T2,探索,20250615_02_06,12,0.69414645,1.3527443,1.4199487,8.040284,1,2,0.75,0,2,4,7
T2,探索,20250615_02_07,9,0.6638434,1.4397473,1.5401875,7.3723917,1,2,1.0,0,1,2,2
T2,探索,20250615_02_08,13,0.32292625,0.9107889,1.5970116,11.083277,1,2,0.6923076923076923,0,2,3,8
T2,探索,20250615_02_09,8,0.45141482,1.2502216,0.7818068,6.125881,0,1,1.125,1,1,2,4
T2,探索,20250615_02_10,14,0.59629405,1.3364894,1.45075,9.0654,1,2,0.6428571428571429,0,5,6,10
T2,探索,20250615_02_11,14,0.72111106,1.6761957,1.7343544,8.739799,0,1,0.6428571428571429,2,2,3,9
T2,探索,20250615_02_12,10,0.52659065,1.4146342,1.0963,6.6911983,0,2,0.9,2,4,4,4
T2,探索,20250615_05_01,16,0.7783375,1.658568,1.5224315,7.414627,1,1,0.5625,5,9,9,11
T2,探索,20250615_05_02,16,0.894152,2.0306292,1.4271173,6.8704166,1,2,0.5625,4,7,7,11
T2,探索,20250615_05_03,16,0.7871425,1.8426503,1.4516937,7.4040504,1,3,0.5625,5,7,8,12
T2,探索,20250615_05_04,18,0.71739435,1.9009638,1.8436965,8.398685,0,2,0.5,4,9,9,14
T2,探索,20250615_05_05,10,0.59629405,1.4665927,1.4200555,7.5340743,0,1,0.9,0,1,2,4
T2,探索,20250615_05_06,16,0.48497558,1.1666341,1.8628373,10.856779,1,1,0.5625,4,5,5,11
T2,探索,20250615_05_07,14,0.63225985,1.6469833,1.5088317,8.107217,1,2,0.6428571428571429,3,4,6,8
T2,探索,20250615_05_08,16,0.477097,1.2687474,1.5269517,9.843529,0,0,0.5625,4,6,8,12
T2,探索,20250615_05_09,10,0.4222466,1.0644419,1.6264668,8.916932,1,1,0.9,1,1,1,2
T2,探索,20250615_05_10,15,0.3975012,1.1307372,1.6267117,10.608828,1,1,0.6,1,5,7,11
T2,探索,20250615_05_11,14,0.65347904,1.4097979,1.5829338,8.864956,0,0,0.6428571428571429,2,4,4,9
T2,探索,20250615_05_12,16,0.58443564,1.2497535,1.3279202,8.860076,1,1,0.5625,5,7,9,13
T2,探索,20250615_09_01,16,0.7691619,1.6014472,1.5984908,7.980392,1,1,0.5625,4,8,8,11
T2,探索,20250615_09_02,14,0.7189181,1.8883821,1.4651703,7.1336136,1,1,0.6428571428571429,4,6,6,9
T2,探索,20250615_09_03,18,0.6919535,1.5767196,1.8951318,9.782894,1,1,0.5,4,8,11,13
T2,探索,20250615_09_04,15,0.71739435,1.2685175,1.4857267,8.460154,0,1,0.6,2,5,5,12
T2,探索,20250615_09_05,8,0.71739435,1.5582044,1.3654916,6.682864,1,2,1.125,0,0,0,2
T2,探索,20250615_09_06,15,0.59629405,1.4567796,1.7042342,9.121012,0,2,0.6,2,6,6,9
T2,探索,20250615_09_07,10,0.7871425,1.6599107,1.3070955,6.5410604,1,1,0.9,2,2,2,5
T2,探索,20250615_09_08,16,0.2533015,0.7239702,1.5396141,12.43751,1,1,0.5625,2,7,7,12
T2,探索,20250615_09_09,15,0.41094658,1.0780859,1.7406992,10.901337,1,1,0.6,2,5,6,9
T2,探索,20250615_09_10,18,0.53342825,1.2099607,2.0054464,12.272384,0,2,0.5,2,6,9,13
T2,探索,20250615_09_11,17,0.6526777,1.4410628,1.823767,10.267686,0,1,0.5294117647058824,1,5,8,12
T2,探索,20250615_09_12,8,0.35440597,0.9753227,0.50970876,5.672001,0,2,1.125,1,3,3,5
T2,探索,20250621_02_01,16,0.59629405,1.4149915,1.6482573,9.31123,0,0,0.5625,3,6,7,11
T2,探索,20250621_02_02,12,0.49759915,1.2458241,1.5904683,9.458054,0,1,0.75,0,1,1,7
T2,探索,20250621_02_03,13,0.58827126,1.3395054,1.7015656,9.274367,1,2,0.6923076923076923,2,2,4,6
T2,探索,20250621_02_04,16,0.7871425,2.029203,1.5640448,7.5364532,1,2,0.5625,5,6,7,12
T2,探索,20250621_02_05,15,0.59178466,1.505576,2.2516742,10.76776,0,0,0.6,1,3,3,9
T2,探索,20250621_02_06,9,0.43638408,1.1518443,1.473496,8.366477,0,1,1.0,0,0,0,1
T2,探索,20250621_02_07,16,0.715897,1.6538882,1.7193245,8.622555,1,3,0.5625,4,6,8,10
T2,探索,20250621_02_08,12,0.6919535,1.621189,1.6419632,8.277392,1,2,0.75,1,2,3,6
T2,探索,20250621_02_09,10,0.6167119,1.7546158,1.2172806,6.5567937,1,2,0.9,2,2,2,5
T2,探索,20250621_02_10,8,0.52063066,1.3933988,1.3013276,6.9622345,1,1,1.125,0,0,1,2
T2,探索,20250621_02_11,15,0.49291208,1.2170848,1.6291105,10.045325,0,2,0.6,2,5,5,10
T2,探索,20250621_02_12,8,0.73945546,1.6271484,1.2315253,6.249774,1,2,1.125,0,1,2,2
T2,探索,20250621_05_01,16,0.59178466,1.3555323,1.4873261,8.716964,0,1,0.5625,6,7,8,11
T2,探索,20250621_05_02,16,0.59178466,1.5330582,1.5804001,8.8695965,0,1,0.5625,3,5,8,10
T2,探索,20250621_05_03,16,0.59629405,1.7588842,1.4797016,7.7007027,1,2,0.5625,6,9,10,10
T2,探索,20250621_05_04,16,0.7783375,1.8616463,1.7767795,8.594939,1,1,0.5625,2,4,6,11
T2,探索,20250621_05_05,12,0.6919535,1.8321831,1.8226153,8.150357,1,1,0.75,0,2,3,6
T2,探索,20250621_05_06,16,0.72111106,1.9655735,2.0821712,9.563648,0,2,0.5625,1,4,6,10
T2,探索,20250621_05_07,16,0.7825928,1.907021,1.4078923,6.737014,1,2,0.5625,4,9,9,11
T2,探索,20250621_05_08,16,0.59178466,1.5892688,1.7141114,9.376991,1,3,0.5625,1,6,7,11
T2,探索,20250621_05_09,9,0.7945724,1.9766912,1.3226762,6.060019,1,2,1.0,2,2,2,3
T2,探索,20250621_05_10,14,0.6919535,1.9186256,1.5904634,7.984019,1,2,0.6428571428571429,2,4,5,10
T2,探索,20250621_05_11,11,0.6919535,1.8277534,1.3226138,7.059108,1,1,0.8181818181818182,1,2,2,5
T2,探索,20250621_05_12,16,0.6919535,1.4512639,1.6948469,8.728941,1,1,0.5625,4,5,9,9
T2,探索,20250621_09_01,12,0.6978633,1.3481532,1.6002177,8.614102,0,1,0.75,0,0,2,7
T2,探索,20250621_09_02,16,0.72111106,1.4289547,1.4742559,8.133582,1,2,0.5625,5,7,8,11
T2,探索,20250621_09_03,16,0.7903171,1.919226,1.5583197,7.423897,0,1,0.5625,6,7,8,11
T2,探索,20250621_09_04,13,0.6922228,1.9207767,1.2496938,6.8957834,1,2,0.6923076923076923,2,5,6,8
T2,探索,20250621_09_05,12,0.4558445,1.2697477,1.7029909,9.725101,1,2,0.75,0,1,2,6
T2,探索,20250621_09_06,14,0.6919535,1.6051418,1.2501249,7.407147,1,2,0.6428571428571429,2,5,6,11
T2,探索,20250621_09_07,10,0.45172504,1.2372779,1.5958836,8.453875,0,1,0.9,1,1,1,3
T2,探索,20250621_09_08,16,0.59178466,1.4421792,1.7898371,10.2267065,1,3,0.5625,1,4,6,12
T2,探索,20250621_09_09,13,0.63225985,1.3825622,1.727824,9.367739,0,1,0.6923076923076923,0,1,4,8
T2,探索,20250621_09_10,12,0.51816463,1.350635,1.5009365,8.621169,0,1,0.75,2,2,2,7
T2,探索,20250621_09_11,16,0.59178466,1.319708,1.6655474,10.225921,1,2,0.5625,1,6,6,13
T2,探索,20250621_09_12,14,0.36329994,1.035395,1.6097453,10.612462,1,2,0.6428571428571429,2,3,3,10
T2,探索,20250622_02_01,15,0.68506247,1.4765627,1.4207597,8.0504055,1,1,0.6,4,5,7,10
T2,探索,20250622_02_02,14,0.7691619,1.8372886,1.4406111,7.151641,1,1,0.6428571428571429,2,6,6,10
T2,探索,20250622_02_03,11,0.71739435,1.990728,1.4450605,6.8467817,1,2,0.8181818181818182,1,2,5,6
T2,探索,20250622_02_04,16,0.59178466,1.3727074,1.6186028,9.070917,0,1,0.5625,4,8,9,11
T2,探索,20250622_02_05,12,0.44827613,1.1665365,1.9376625,10.368864,0,1,0.75,0,0,1,6
T2,探索,20250622_02_06,11,0.74286157,1.7784927,1.2686551,6.6614475,0,2,0.8181818181818182,1,4,4,5
T2,探索,20250622_02_07,11,0.71739435,1.5186119,1.5346794,7.888172,0,0,0.8181818181818182,0,2,2,4
T2,探索,20250622_02_08,11,0.7828872,1.6705801,1.5415345,7.203233,1,1,0.8181818181818182,2,2,3,5
T2,探索,20250622_02_09,10,0.5648456,1.4450761,1.3460951,7.590771,1,2,0.9,0,2,2,4
T2,探索,20250622_02_10,14,0.4592934,1.3140864,1.841189,9.417997,1,2,0.6428571428571429,3,5,5,7
T2,探索,20250622_02_11,15,0.45172504,1.2717173,1.9749353,10.936732,0,1,0.6,0,5,5,9
T2,探索,20250622_02_12,12,0.49718562,1.2182223,1.3202685,8.893259,0,2,0.75,0,1,4,9
T2,探索,20250622_05_01,9,0.654383,1.5130137,1.440239,7.375662,1,2,1.0,0,1,1,2
T2,探索,20250622_05_02,8,0.46952865,1.1246492,0.8068557,6.5223255,0,1,1.125,0,0,1,5
T2,探索,20250622_05_03,15,0.72111106,1.9091897,2.0584707,7.9453416,1,1,0.6,5,7,7,8
T2,探索,20250622_05_04,16,0.8981307,2.1204839,1.4836729,6.60823,1,3,0.5625,2,8,8,12
T2,探索,20250622_05_05,16,0.5380963,1.3153096,1.9511986,11.157007,1,1,0.5625,0,5,7,11
T2,探索,20250622_05_06,15,0.6919535,1.6178871,1.7852198,9.040235,0,1,0.6,0,5,7,10
T2,探索,20250622_05_07,16,0.7474113,1.5004039,1.5318605,7.9885945,0,0,0.5625,4,7,8,11
T2,探索,20250622_05_08,15,0.71739435,1.5020701,1.6627527,8.765448,0,0,0.6,3,5,6,9
T2,探索,20250622_05_09,16,0.59629405,1.3630668,1.7671527,9.85301,0,1,0.5625,3,5,8,9
T2,探索,20250622_05_10,16,0.59629405,1.3499348,1.8036897,10.44676,0,0,0.5625,2,4,6,12
T2,探索,20250622_05_11,14,0.45141482,1.2436589,1.6652973,9.982296,1,2,0.6428571428571429,1,4,6,9
T2,探索,20250622_05_12,16,0.69414645,1.6216027,1.9114954,8.951697,0,1,0.5625,4,5,7,9
T2,探索,20250622_09_01,16,0.8726322,1.4933444,1.598416,7.817099,1,1,0.5625,3,5,6,14
T2,探索,20250622_09_02,14,0.7945724,1.7393771,1.4991095,7.5282702,1,2,0.6428571428571429,3,4,7,9
T2,探索,20250622_09_03,18,0.7691619,1.8734629,1.9148891,8.454959,0,2,0.5,6,8,10,13
T2,探索,20250622_09_04,15,0.61751324,1.7951226,1.634387,7.6007085,1,3,0.6,4,6,8,10
T2,探索,20250622_09_05,10,0.6919535,1.5191636,1.3405337,7.3870454,1,2,0.9,0,1,1,5
T2,探索,20250622_09_06,16,0.59178466,1.3609548,1.96757,11.075849,1,2,0.5625,1,4,5,11
T2,探索,20250622_09_07,9,0.70886636,1.8628876,0.9080282,5.4058533,0,2,1.0,2,3,4,4
T2,探索,20250622_09_08,16,0.6919535,1.3990741,1.8537592,9.413066,1,1,0.5625,4,5,6,10
T2,探索,20250622_09_09,9,0.68506247,1.4309275,0.97491145,6.250843,1,3,1.0,0,1,1,5
T2,探索,20250622_09_10,16,0.63225985,1.5597161,1.4042479,8.343604,0,2,0.5625,2,7,8,13
T2,探索,20250622_09_11,14,0.47740722,1.3652061,1.7265494,9.720406,1,2,0.6428571428571429,0,4,5,9
T2,探索,20250622_09_12,15,0.50402325,1.2995061,1.7468292,10.028496,1,2,0.6,3,4,5,10
T2,探索,20250628_02_01,15,0.59629405,1.5862929,1.5384129,8.8902855,1,2,0.6,2,4,6,11
T2,探索,20250628_02_02,12,0.61751324,1.5332767,1.3822756,7.9545674,1,2,0.75,0,4,5,6
T2,探索,20250628_02_03,14,0.84040576,1.6425713,1.4907029,7.6345177,1,1,0.6428571428571429,0,6,7,10
T2,探索,20250628_02_04,13,0.7691619,1.6164925,1.7698225,8.21423,1,2,0.6923076923076923,1,2,4,7
T2,探索,20250628_02_05,16,0.43638408,1.1595097,2.1876316,12.842951,1,2,0.5625,0,3,5,11
T2,探索,20250628_02_06,12,0.72111106,2.1558998,1.1269752,6.082768,1,2,0.75,3,5,5,8
T2,探索,20250628_02_07,16,0.45172504,1.1193827,1.8248147,10.956186,1,1,0.5625,3,6,6,10
T2,探索,20250628_02_08,12,0.50012857,1.3474592,1.7276267,9.236305,0,0,0.75,1,2,2,6
T2,探索,20250628_02_09,8,0.61751324,1.5685486,0.9309974,6.0300355,0,2,1.125,0,0,2,4
T2,探索,20250628_02_10,16,0.71739435,1.5312967,1.7740666,9.164708,1,2,0.5625,3,5,6,11
T2,探索,20250628_02_11,16,0.32292625,0.8522588,1.7758883,13.486853,0,1,0.5625,1,4,7,13
T2,探索,20250628_02_12,14,0.38245592,1.0717337,1.6442456,9.970702,1,1,0.6428571428571429,3,5,5,7
T2,探索,20250628_03_01,10,0.745914,1.9876556,1.4603978,6.448555,1,3,0.9,2,3,4,4
T2,探索,20250628_03_02,15,0.73914486,1.8517962,1.5443285,7.9270315,1,2,0.6,3,6,6,11
T2,探索,20250628_03_03,15,0.7783375,2.0551846,1.6941316,7.7206907,0,1,0.6,3,6,7,9
T2,探索,20250628_03_04,16,0.7691619,1.6281455,1.5753531,8.146944,1,1,0.5625,2,7,8,11
T2,探索,20250628_03_05,8,0.48538914,1.373188,1.2222883,6.8931675,1,2,1.125,0,0,0,3
T2,探索,20250628_03_06,10,0.58582467,1.3846315,1.2514565,7.6566067,0,1,0.9,0,0,2,6
T2,探索,20250628_03_08,16,0.65347904,1.5868305,1.6452361,8.415412,0,2,0.5625,4,7,9,10
T2,探索,20250628_03_09,8,0.7474113,1.6346765,1.13266,6.1687827,1,2,1.125,0,0,0,2
T2,探索,20250628_03_10,14,0.7691619,1.9128404,1.3338678,6.94481,1,2,0.6428571428571429,3,5,7,10
T2,探索,20250628_03_11,16,0.45141482,1.2074401,1.7348812,10.851569,1,1,0.5625,1,6,7,11
T2,探索,20250628_03_12,15,0.43638408,1.0248702,1.7327499,11.219322,1,2,0.6,2,4,4,10
T2,探索,20250628_10_01,12,0.6526777,1.3455132,1.3788267,8.171735,0,1,0.75,0,0,4,8
T2,探索,20250628_10_03,16,0.53342825,1.2649955,1.6057599,9.501519,0,0,0.5625,4,7,9,11
T2,探索,20250628_10_04,16,0.61751324,1.8055921,1.5777842,8.0742035,1,2,0.5625,6,7,8,11
T2,探索,20250628_10_05,14,0.59178466,1.351095,1.6179522,9.72232,1,1,0.6428571428571429,1,3,3,10
T2,探索,20250628_10_06,14,0.63225985,1.505028,1.7626277,8.793637,1,2,0.6428571428571429,4,5,5,7
T2,探索,20250628_10_07,15,0.6919535,1.5352477,1.3653163,7.4431086,1,2,0.6,1,6,7,13
T2,探索,20250628_10_08,15,0.43638408,1.1933888,1.7039694,10.133218,0,1,0.6,3,5,6,9
T2,探索,20250628_10_09,8,0.94078946,1.8543402,0.906522,5.0537667,1,2,1.125,0,0,0,4
T2,探索,20250628_10_11,16,0.49718562,1.3699538,1.6865168,10.149608,1,1,0.5625,4,4,7,12
T2,探索,20250628_10_12,14,0.7904599,1.431423,1.5990669,8.239051,1,2,0.6428571428571429,0,4,6,9
T2,探索,20250629_02_01,12,0.7783375,1.3832843,1.2524368,6.9634423,1,2,0.75,0,3,5,8
T2,探索,20250629_02_02,12,0.6526777,1.5404767,1.5244367,8.031893,1,2,0.75,0,3,5,6
T2,探索,20250629_02_03,12,0.7152014,1.7478795,1.2283303,6.73611,1,1,0.75,2,4,4,8
T2,探索,20250629_02_04,9,0.77844995,1.7681959,0.9946681,5.7774615,1,3,1.0,1,3,3,3
T2,探索,20250629_02_05,12,0.59629405,1.4690622,1.8038616,9.280476,0,0,0.75,0,1,1,7
T2,探索,20250629_02_06,16,0.6919535,1.3546113,1.4997585,8.79652,1,2,0.5625,3,6,6,13
T2,探索,20250629_02_07,11,0.68506247,1.3353524,1.5498854,8.230545,0,0,0.8181818181818182,0,0,1,6
T2,探索,20250629_02_08,11,0.59629405,1.5767823,1.3163955,7.1408005,0,1,0.8181818181818182,1,3,5,5
T2,探索,20250629_02_09,8,0.69414645,1.7297776,1.0516213,6.0206947,0,2,1.125,0,0,2,3
T2,探索,20250629_02_10,11,0.7691619,1.5392036,1.2542493,6.876631,1,2,0.8181818181818182,0,2,2,7
T2,探索,20250629_02_11,14,0.3542401,0.9750478,1.563489,10.963922,1,1,0.6428571428571429,0,4,6,9
T2,探索,20250629_02_12,14,0.59629405,1.3683497,1.7009265,9.820856,0,0,0.6428571428571429,1,2,5,9
T2,探索,20250629_03_01,15,0.74286157,1.8786615,1.3800439,7.2479043,1,2,0.6,1,7,9,10
T2,探索,20250629_03_02,16,0.7945724,1.5538828,1.595095,8.414146,0,0,0.5625,2,7,8,11
T2,探索,20250629_03_03,15,0.59629405,1.5533088,1.5756294,8.241048,1,1,0.6,4,8,8,10
T2,探索,20250629_03_04,15,0.45141482,1.3436434,1.6039072,8.729234,0,2,0.6,4,8,8,9
T2,探索,20250629_03_05,13,0.59629405,1.6019003,1.8013192,9.282579,1,1,0.6923076923076923,0,2,4,8
T2,探索,20250629_03_07,16,0.71739435,1.3468299,1.6370776,8.875099,1,2,0.5625,4,6,6,11
T2,探索,20250629_03_08,8,0.7903171,1.8793789,0.9932364,5.495907,1,1,1.125,0,1,1,4
T2,探索,20250629_03_09,11,0.5416097,1.4571803,1.4998326,7.9585943,1,3,0.8181818181818182,1,2,3,5
T2,探索,20250629_03_10,15,0.44384646,1.2851942,1.6939027,8.909472,1,1,0.6,5,7,9,9
T2,探索,20250629_03_11,14,0.49718562,1.3897244,1.790951,9.672069,0,0,0.6428571428571429,2,4,5,8
T2,探索,20250629_03_12,8,0.43638408,0.89367414,0.48064256,5.2451262,1,1,1.125,2,3,3,6
T2,探索,20250629_10_01,12,0.37840274,1.041438,1.7210891,9.823586,1,1,0.75,0,3,3,5
T2,探索,20250629_10_02,17,0.6526777,1.4660819,1.6740206,9.265267,1,2,0.5294117647058824,3,8,8,12
T2,探索,20250629_10_03,16,0.59629405,1.4573166,1.4678744,8.606042,1,2,0.5625,4,7,7,12
T2,探索,20250629_10_04,16,0.63225985,1.5199528,1.8325409,9.422433,0,1,0.5625,4,7,8,9
T2,探索,20250629_10_05,17,0.38171265,1.0851215,2.410797,13.597491,1,1,0.5294117647058824,1,4,6,9
T2,探索,20250629_10_06,10,0.59629405,1.4765246,1.448211,7.925672,0,1,0.9,0,1,1,4
T2,探索,20250629_10_07,17,0.63225985,1.7351823,1.6228118,8.7611885,1,2,0.5294117647058824,4,6,8,13
T2,探索,20250629_10_08,14,0.59629405,1.3225826,1.8690972,10.0769,1,2,0.6428571428571429,1,3,3,7
T2,探索,20250629_10_09,8,0.6919535,1.5885057,1.2596536,6.333593,1,2,1.125,0,1,1,2
T2,探索,20250629_10_10,15,0.4229387,1.0732286,1.5545709,10.472312,0,1,0.6,1,6,7,11
T2,探索,20250629_10_11,13,0.7691619,1.4329174,1.2565595,7.0618906,1,3,0.6923076923076923,3,4,5,9
T2,探索,20250629_10_12,16,0.62440425,1.3401183,1.608976,9.193186,1,2,0.5625,2,8,9,10
T2,探索,20250705_02_01,8,0.74286157,1.8470781,0.97960407,5.4876194,1,2,1.125,1,1,1,3
T2,探索,20250705_02_02,8,0.71739435,1.820342,1.0404702,5.7878957,1,2,1.125,0,1,1,3
T2,探索,20250705_02_03,12,0.59629405,1.7843728,1.682229,8.00391,1,1,0.75,1,3,3,6
T2,探索,20250705_02_04,9,0.7871425,2.0504556,0.8884902,5.29864,1,2,1.0,1,2,3,5
T2,探索,20250705_02_06,11,0.7691619,1.9619906,1.1190784,6.230521,1,2,0.8181818181818182,2,3,4,7
T2,探索,20250705_02_07,12,0.7903171,1.67801,1.3118005,7.0909863,1,1,0.75,2,3,4,7
T2,探索,20250705_02_08,9,0.7871425,1.515348,1.2299204,6.3074923,1,1,1.0,0,1,2,3
T2,探索,20250705_02_09,8,0.72111106,1.6344862,1.2727528,6.3616133,1,2,1.125,0,0,1,3
T2,探索,20250705_02_10,14,0.58827126,1.4838427,1.8329525,9.681379,1,2,0.6428571428571429,1,2,5,8
T2,探索,20250705_02_11,14,0.5080071,1.186859,1.7076628,10.220364,1,2,0.6428571428571429,0,4,5,8
T2,探索,20250705_02_12,13,0.5150648,1.3758357,1.6699525,9.148043,1,2,0.6923076923076923,2,3,4,7
T2,探索,20250705_03_01,10,0.68506247,1.4915034,1.4630182,7.7275205,0,1,0.9,0,1,1,3
T2,探索,20250705_03_02,15,0.7152014,1.8251507,1.2836399,7.383642,1,2,0.6,2,7,7,12
T2,探索,20250705_03_03,9,0.72111106,1.6916068,0.83181983,5.6708326,1,2,1.0,0,3,3,5
T2,探索,20250705_03_04,8,0.5418141,1.3663633,1.2612085,6.9998536,1,2,1.125,0,0,0,2
T2,探索,20250705_03_06,13,0.59629405,1.5334173,1.3249559,7.876129,0,0,0.6923076923076923,2,3,4,10
T2,探索,20250705_03_07,16,0.6919535,1.3365738,1.3336915,8.346909,0,1,0.5625,2,9,10,13
T2,探索,20250705_03_08,16,0.64909667,1.4841855,1.5443289,8.620942,1,1,0.5625,4,8,9,11
T2,探索,20250705_03_09,10,0.74286157,1.7928228,1.5549444,7.064828,0,0,0.9,0,2,2,4
T2,探索,20250705_03_10,15,0.94078946,1.7871245,1.4716393,6.9220495,1,2,0.6,3,7,9,10
T2,探索,20250705_03_11,16,0.32736364,0.9732162,1.6622667,11.70197,1,1,0.5625,1,6,8,12
T2,探索,20250705_03_12,15,0.69414645,1.5946223,1.611894,8.439734,1,1,0.6,4,4,6,11
T2,探索,20250705_10_02,16,0.50842065,1.3416138,1.7372409,9.921658,0,1,0.5625,2,7,9,10
T2,探索,20250705_10_03,18,0.94078946,2.0508583,2.0238557,8.37756,0,1,0.5,4,6,8,12
T2,探索,20250705_10_04,14,0.5270548,1.4226263,1.8073431,9.329085,0,2,0.6428571428571429,1,5,7,8
T2,探索,20250705_10_05,8,0.58582467,1.4704849,1.118315,6.510182,1,2,1.125,0,1,1,3
T2,探索,20250705_10_06,16,0.61751324,1.5322242,1.7627479,9.394391,0,1,0.5625,2,6,7,10
T2,探索,20250705_10_07,16,0.6526777,1.7488992,1.6578308,8.447939,1,2,0.5625,3,7,8,11
T2,探索,20250705_10_08,9,0.74286157,1.7830021,1.481109,6.747514,1,2,1.0,0,0,2,4
T2,探索,20250705_10_09,8,0.69414645,1.9034443,1.1415616,6.1960096,1,1,1.125,0,0,0,3
T2,探索,20250705_10_10,8,0.7945724,1.4589934,0.98896426,5.5582223,1,2,1.125,0,1,1,3
T2,探索,20250705_10_11,11,0.7691619,1.486546,1.5063968,7.3103123,0,0,0.8181818181818182,1,3,3,5
T2,探索,20250705_10_12,10,0.69414645,1.63425,1.2234092,6.7760625,0,0,0.9,0,2,2,5
T2,探索,20250706_02_01,10,0.71739435,1.8676713,1.2464552,6.2723165,1,3,0.9,1,3,4,5
T2,探索,20250706_02_02,12,0.6919535,1.7718639,1.4139757,7.490518,0,2,0.75,2,3,3,7
T2,探索,20250706_02_03,13,0.6919535,1.7043796,1.3755412,7.2171006,0,1,0.6923076923076923,2,4,5,9
T2,探索,20250706_02_04,15,0.6919535,1.6564306,1.7808416,8.384224,0,1,0.6,5,6,7,8
T2,探索,20250706_02_06,12,0.6919535,1.7209854,1.3018718,7.073548,1,2,0.75,2,3,5,8
T2,探索,20250706_02_07,12,0.6526777,1.5934627,1.4633476,7.848912,1,2,0.75,1,2,2,8
T2,探索,20250706_02_08,13,0.63225985,1.3649027,1.5365484,8.572939,1,3,0.6923076923076923,1,4,4,8
T2,探索,20250706_02_09,11,0.7825928,1.7842152,1.8874269,8.097137,0,1,0.8181818181818182,0,0,3,4
T2,探索,20250706_02_10,10,0.65347904,1.7487674,1.2295482,6.605895,1,2,0.9,0,3,3,5
T2,探索,20250706_02_11,8,0.3135994,0.91892266,0.971946,7.085727,0,2,1.125,1,1,1,3
T2,探索,20250706_02_12,10,0.71739435,1.9618568,1.4458345,6.790894,1,3,0.9,1,2,2,4
T2,探索,20250706_03_01,13,0.5461191,1.4621985,1.5977789,9.297789,0,2,0.6923076923076923,0,2,2,9
T2,探索,20250706_03_02,15,0.59178466,1.4840132,1.6905121,8.986904,1,2,0.6,4,6,7,10
T2,探索,20250706_03_03,16,0.66037005,1.3854737,1.6143376,9.236206,0,0,0.5625,4,4,7,12
T2,探索,20250706_03_04,11,0.59629405,1.5180672,1.5786998,8.366836,0,1,0.8181818181818182,0,2,2,5
T2,探索,20250706_03_05,8,0.58582467,1.3914796,1.2163081,6.914905,1,2,1.125,0,0,0,2
T2,探索,20250706_03_06,16,0.7691619,1.8906084,1.561072,7.653807,1,2,0.5625,3,9,9,11
T2,探索,20250706_03_07,16,0.7903171,1.835075,1.5615913,7.2977805,1,1,0.5625,5,7,8,10
T2,探索,20250706_03_08,14,0.59629405,1.4040498,1.5529065,8.503383,1,2,0.6428571428571429,4,4,4,9
T2,探索,20250706_03_09,16,0.59629405,1.3365197,1.8175526,10.255619,1,2,0.5625,3,4,8,11
T2,探索,20250706_03_10,16,0.78753835,1.8024181,1.4942222,7.4137697,0,1,0.5625,3,8,9,11
T2,探索,20250706_03_11,14,0.59629405,1.2893918,1.7379023,9.511228,0,1,0.6428571428571429,0,5,5,8
T2,探索,20250706_03_12,15,0.6919535,1.337806,1.6308739,8.721899,1,1,0.6,2,6,8,9
T2,探索,20250706_10_01,16,0.69414645,1.7022177,1.3249733,7.6420703,0,0,0.5625,4,7,7,13
T2,探索,20250706_10_02,15,0.66037005,1.5991534,1.6070641,8.314821,1,1,0.6,4,6,8,10
T2,探索,20250706_10_03,18,0.71739435,1.6308755,1.9678695,9.8587,0,1,0.5,2,6,9,13
T2,探索,20250706_10_04,18,0.68506247,1.686479,1.3727727,7.822963,0,2,0.5,5,10,13,13
T2,探索,20250706_10_05,8,0.68506247,1.6186322,1.1714123,6.4817977,1,1,1.125,0,0,0,3
T2,探索,20250706_10_07,9,0.7871425,1.7883722,1.1225436,6.2236433,1,3,1.0,0,1,1,4
T2,探索,20250706_10_08,14,0.46372306,1.2938119,1.7670896,10.2157755,0,1,0.6428571428571429,0,4,5,8
T2,探索,20250706_10_09,8,0.6919535,1.8613813,1.3026348,6.0987515,1,3,1.125,0,1,2,3
T2,探索,20250706_10_11,18,0.73914486,1.1541343,1.7853268,9.765557,0,1,0.5,1,7,8,15
T2,探索,20250706_10_12,16,0.94078946,2.0452707,1.3767017,6.657866,0,1,0.5625,4,9,9,12
T2,探索,20250712_02_01,14,0.7903171,1.9261171,1.6952388,7.774026,0,1,0.6428571428571429,2,5,7,8
T2,探索,20250712_02_02,12,0.72111106,1.843035,1.3358411,6.9582677,1,2,0.75,1,4,6,7
T2,探索,20250712_02_03,12,0.6919535,1.8043687,1.661153,8.0034485,1,2,0.75,1,2,3,5
T2,探索,20250712_02_04,14,0.7691619,1.7429166,1.5292192,7.567053,1,1,0.6428571428571429,3,5,5,9
T2,探索,20250712_02_06,16,0.350523,1.0008129,1.9579265,12.098169,0,0,0.5625,2,5,6,10
T2,探索,20250712_02_07,10,0.48767146,1.2469819,1.1527891,7.4097185,0,1,0.9,0,3,3,5
T2,探索,20250712_02_08,11,0.4853674,1.266483,1.3612075,8.084886,1,1,0.8181818181818182,1,3,3,6
T2,探索,20250712_02_09,11,0.7691619,1.8102841,1.477585,6.9748144,1,2,0.8181818181818182,1,2,3,5
T2,探索,20250712_02_10,11,0.6273453,1.5001135,1.8811538,8.708043,1,2,0.8181818181818182,1,1,3,3
T2,探索,20250712_02_11,14,0.43638408,1.0822366,1.6388768,10.010588,0,1,0.6428571428571429,2,6,6,7
T2,探索,20250712_02_12,12,0.66037005,1.6383767,1.5461527,8.178721,0,1,0.75,1,1,2,7
T2,探索,20250712_03_01,10,0.8949561,1.9397141,1.1834502,5.7638903,1,2,0.9,1,2,2,5
T2,探索,20250712_03_02,15,0.6919535,1.7365237,1.5213168,7.851004,0,2,0.6,4,7,7,9
T2,探索,20250712_03_03,16,0.61751324,1.519323,1.4848577,8.719965,1,2,0.5625,2,7,7,13
T2,探索,20250712_03_04,16,0.7903171,1.6323285,1.5742037,8.114161,1,3,0.5625,2,7,9,12
T2,探索,20250712_03_05,11,0.48497558,1.3984567,1.3324661,8.337051,0,2,0.8181818181818182,0,1,2,6
T2,探索,20250712_03_06,14,0.55083853,1.2011285,2.0060217,10.852711,0,0,0.6428571428571429,0,1,5,8
T2,探索,20250712_03_07,14,0.7331206,1.7133516,1.4519194,7.531323,1,2,0.6428571428571429,4,5,6,8
T2,探索,20250712_03_08,15,0.6526777,1.4815956,1.4849334,8.5669155,1,1,0.6,2,6,6,10
T2,探索,20250712_03_09,12,0.5486517,1.284255,1.5216379,8.958046,1,1,0.75,0,2,4,6
T2,探索,20250712_03_10,9,0.59629405,1.543284,1.2125475,6.944476,1,2,1.0,0,0,2,3
T2,探索,20250712_03_11,14,0.56126124,1.2386125,1.5625364,9.418477,0,0,0.6428571428571429,2,4,5,9
T2,探索,20250712_03_12,15,0.59629405,1.3459245,1.7618392,9.833164,0,1,0.6,2,4,6,10
T2,探索,20250712_10_01,10,0.71739435,2.0628269,1.289805,6.130935,0,1,0.9,2,2,3,5
T2,探索,20250712_10_02,16,0.70141035,1.6640188,1.6769457,8.659328,0,2,0.5625,4,7,8,11
T2,探索,20250712_10_03,14,0.7871425,2.0001483,1.5072547,7.438483,1,3,0.6428571428571429,2,6,7,8
T2,探索,20250712_10_05,12,0.59629405,1.375812,1.6867881,9.369912,0,1,0.75,0,0,2,6
T2,探索,20250712_10_06,18,0.6919535,1.4851203,1.6775876,9.345945,0,1,0.5,2,9,11,14
T2,探索,20250712_10_07,18,0.7783375,1.4064753,1.7847764,9.258275,1,1,0.5,4,6,9,14
T2,探索,20250712_10_08,16,0.5150648,1.1271375,1.7090693,11.336247,0,1,0.5625,0,5,7,12
T2,探索,20250712_10_09,11,0.6919535,1.6759073,1.4697211,7.5842557,1,2,0.8181818181818182,1,2,2,5
T2,探索,20250712_10_10,13,0.63225985,1.1287001,1.5898166,9.195259,1,2,0.6923076923076923,0,2,4,7
T2,探索,20250712_10_11,10,0.5416097,1.3725431,1.6376183,8.122484,0,0,0.9,0,2,2,2
T2,探索,20250712_10_12,17,0.59629405,1.3830369,1.6654665,9.923603,0,1,0.5294117647058824,1,6,8,13
T2,探索,20250713_02_01,11,0.6167119,1.5314229,1.1918962,6.7942758,0,1,0.8181818181818182,2,3,4,5
T2,探索,20250713_02_02,13,0.6919535,1.6970488,1.360981,7.4196467,1,3,0.6923076923076923,1,5,5,8
T2,探索,20250713_02_03,16,0.50842065,1.2409787,2.095323,10.964416,0,0,0.5625,4,4,7,8
T2,探索,20250713_02_04,13,0.6919535,1.4405165,1.2638402,7.7264423,1,1,0.6923076923076923,1,3,5,10
T2,探索,20250713_02_06,15,0.59629405,1.5608554,1.3431171,7.955567,0,1,0.6,4,7,8,11
T2,探索,20250713_02_07,8,0.49718562,1.3910728,1.0662795,6.547304,1,2,1.125,0,0,2,3
T2,探索,20250713_02_08,12,0.59629405,1.4508796,1.3786436,7.657814,0,1,0.75,1,5,6,6
T2,探索,20250713_02_09,11,0.59629405,1.5186692,1.7646946,8.047097,0,1,0.8181818181818182,2,3,3,4
T2,探索,20250713_02_10,8,0.50402325,0.87214714,0.68778825,5.7018976,1,2,1.125,0,2,2,7
T2,探索,20250713_02_11,12,0.72111106,1.2700933,1.3336636,7.6404295,1,2,0.75,0,2,4,8
T2,探索,20250713_02_12,8,0.66037005,1.888924,1.29071,6.4018073,0,1,1.125,0,0,1,2
T2,探索,20250713_03_01,8,0.7828872,1.9085457,0.9313736,5.4954762,1,2,1.125,1,1,1,3
T2,探索,20250713_03_02,15,0.7691619,1.9784598,1.9531848,7.7057643,0,1,0.6,4,7,7,10
T2,探索,20250713_03_03,16,0.59629405,1.5513786,1.4576542,8.312406,1,2,0.5625,4,8,8,11
T2,探索,20250713_03_04,16,0.7691619,1.7337232,1.7986412,8.965922,1,2,0.5625,3,3,5,12
T2,探索,20250713_03_05,15,0.59178466,1.3989311,2.0369868,10.488005,0,0,0.6,1,3,5,8
T2,探索,20250713_03_06,15,0.7903171,1.9186547,1.2045373,6.4700694,1,3,0.6,5,9,9,10
T2,探索,20250713_03_07,15,0.66037005,1.4809713,1.7046183,9.46386,0,1,0.6,1,4,6,11
T2,探索,20250713_03_08,15,0.49291208,1.1566676,1.5798624,9.826423,1,2,0.6,4,6,6,10
T2,探索,20250713_03_09,13,0.8101942,1.5510919,1.5738071,7.985769,1,1,0.6923076923076923,1,1,4,9
T2,探索,20250713_03_10,15,0.59629405,1.2593293,1.4280016,9.304578,0,1,0.6,1,6,6,12
T2,探索,20250713_03_11,15,0.59178466,1.3397887,1.5882332,9.453724,1,1,0.6,2,5,7,10
T2,探索,20250713_03_12,9,0.5270548,1.5429586,1.3236063,6.9038377,1,2,1.0,1,1,1,4
T2,探索,20250713_10_01,12,0.69414645,1.3897773,1.5750402,8.309096,0,2,0.75,1,1,2,7
T2,探索,20250713_10_02,18,0.26611212,0.7815525,1.9784492,14.553061,0,2,0.5,3,5,7,14
T2,探索,20250713_10_03,15,0.63225985,1.6496626,1.8249569,8.282372,0,1,0.6,2,8,8,9
T2,探索,20250713_10_04,16,0.61751324,1.7616935,1.7812612,8.619436,1,2,0.5625,3,6,9,9
T2,探索,20250713_10_05,8,0.6526777,1.5276895,1.3686163,6.9082575,1,1,1.125,0,0,0,1
T2,探索,20250713_10_06,8,0.63225985,1.4310666,1.2363399,6.6665688,1,2,1.125,0,0,1,2
T2,探索,20250713_10_07,16,0.48961726,1.1758118,1.7360479,10.417013,1,1,0.5625,3,6,7,11
T2,探索,20250713_10_08,16,0.59178466,1.351095,1.8547702,9.848276,1,2,0.5625,4,6,6,10
T2,探索,20250713_10_09,14,0.5418141,1.2330077,1.7108644,10.003049,1,1,0.6428571428571429,0,4,5,9
T2,探索,20250713_10_10,9,0.49718562,1.3714331,1.3556108,7.5968237,0,1,1.0,0,0,2,2
T2,探索,20250713_10_11,16,0.44384646,1.0608537,1.5814182,11.15672,1,2,0.5625,2,5,8,12
T2,探索,20250713_10_12,15,0.44827613,1.2150489,1.7547631,10.924124,0,0,0.6,0,4,5,10
T2,探索,20250719_02_01,11,0.7903171,1.5004061,1.155928,6.394942,1,1,0.8181818181818182,1,3,4,6
T2,探索,20250719_02_02,12,0.72111106,1.7971163,1.405922,7.301762,1,1,0.75,1,3,5,6
T2,探索,20250719_02_03,12,0.7474113,1.8208025,1.4811045,7.4287243,0,2,0.75,1,3,3,7
T2,探索,20250719_02_04,15,0.59629405,1.3788819,1.5194733,9.19359,0,1,0.6,1,5,7,10
T2,探索,20250719_02_05,8,0.43638408,1.200152,0.6621914,5.727075,0,1,1.125,1,2,3,4
T2,探索,20250719_02_06,12,0.74286157,1.7842767,1.4266669,7.223104,0,1,0.75,1,3,3,7
T2,探索,20250719_02_07,16,0.63225985,1.2587372,1.8047714,10.470591,1,2,0.5625,0,6,7,12
T2,探索,20250719_02_08,10,0.51465124,1.3690066,1.1671287,7.181273,1,1,0.9,2,2,2,5
T2,探索,20250719_02_09,14,0.59629405,1.4301794,1.6071448,8.936308,1,2,0.6428571428571429,2,4,6,9
T2,探索,20250719_02_10,14,0.59629405,1.2869576,1.6451055,9.11875,1,2,0.6428571428571429,2,4,6,9
T2,探索,20250719_02_11,14,0.46952865,1.2625439,1.6913108,9.967909,0,1,0.6428571428571429,2,3,5,8
T2,探索,20250719_02_12,16,0.7691619,1.7849069,1.9150921,8.82956,0,0,0.5625,4,6,6,10
T2,探索,20250719_03_01,8,0.7691619,1.5545032,1.1721162,6.2526207,1,3,1.125,0,0,0,2
T2,探索,20250719_03_02,8,0.65347904,1.7501986,0.46335292,4.516617,0,1,1.125,1,4,4,5
T2,探索,20250719_03_03,10,0.73914486,1.7534442,1.601362,7.2626214,1,2,0.9,1,1,1,4
T2,探索,20250719_03_04,16,0.43638408,1.086674,2.1945786,13.046941,0,1,0.5625,1,2,4,10
T2,探索,20250719_03_05,16,0.44827613,1.3210443,2.093256,11.393399,0,1,0.5625,0,5,6,10
T2,探索,20250719_03_06,14,0.59629405,1.7843728,1.8655549,8.118781,0,0,0.6428571428571429,4,5,5,8
T2,探索,20250719_03_07,16,0.59629405,1.5012037,1.4988228,9.005052,0,0,0.5625,3,5,8,13
T2,探索,20250719_03_08,16,0.46952865,1.3200977,1.6641146,10.230241,0,1,0.5625,2,7,8,12
T2,探索,20250719_03_09,8,0.7691619,2.017887,1.3001664,6.1351304,0,2,1.125,0,1,1,2
T2,探索,20250719_03_10,16,0.593756,1.3662794,1.6639297,9.692868,1,1,0.5625,1,6,8,11
T2,探索,20250719_03_11,10,0.54077727,1.5384016,1.3018211,7.361402,1,2,0.9,1,2,2,5
T2,探索,20250719_03_12,11,0.94078946,1.8979604,1.0786284,5.6835456,1,1,0.8181818181818182,2,3,4,7
T2,探索,20250719_10_01,10,0.7691619,2.055093,0.98189074,5.490709,1,2,0.9,2,4,5,6
T2,探索,20250719_10_02,14,0.7828872,2.0023088,1.4922334,7.23455,0,2,0.6428571428571429,4,6,6,8
T2,探索,20250719_10_03,18,0.7871425,1.7704389,1.6500216,8.22831,1,1,0.5,5,8,9,14
T2,探索,20250719_10_04,16,0.7691619,1.7438523,1.5978359,7.7003098,0,1,0.5625,4,7,7,9
T2,探索,20250719_10_05,9,0.5380963,1.4258952,1.2415924,7.3945875,1,2,1.0,0,0,1,3
T2,探索,20250719_10_06,16,0.6167119,1.6233515,1.7255859,8.691744,1,2,0.5625,5,7,7,10
T2,探索,20250719_10_07,9,0.78974694,1.6441023,1.4019732,6.8965273,0,1,1.0,0,0,0,3
T2,探索,20250719_10_08,10,0.59629405,1.4506495,1.4303316,7.1932383,1,2,0.9,1,3,4,4
T2,探索,20250719_10_09,18,0.6638434,1.7039839,1.9279764,9.187606,1,2,0.5,5,8,10,11
T2,探索,20250719_10_10,16,0.44395244,1.1301787,1.6415917,9.929445,0,1,0.5625,3,7,7,9
T2,探索,20250719_10_11,17,0.43638408,1.2242748,1.9354292,11.685003,0,0,0.5294117647058824,1,5,7,13
T2,探索,20250719_10_12,16,0.7828872,1.6877029,1.6528523,8.254318,1,2,0.5625,4,6,6,10
T2,探索,20250720_02_01,16,0.7691619,1.7451779,1.9559461,8.696016,1,2,0.5625,4,5,6,9
T2,探索,20250720_02_02,13,0.7691619,1.8372488,1.1748189,6.513031,1,2,0.6923076923076923,1,5,7,10
T2,探索,20250720_02_03,14,0.44868577,1.2088012,1.7795526,10.245637,0,0,0.6428571428571429,0,3,6,9
T2,探索,20250720_02_04,14,0.7783375,1.780673,1.2495186,6.423653,1,2,0.6428571428571429,5,7,7,9
T2,探索,20250720_02_05,9,0.59629405,1.5373261,1.3346529,7.406611,1,1,1.0,0,0,0,3
T2,探索,20250720_02_06,16,0.7691619,1.5359347,1.9254763,8.904338,1,1,0.5625,3,7,8,9
T2,探索,20250720_02_07,12,0.59629405,1.7412398,1.4689081,7.431691,0,2,0.75,0,5,6,7
T2,探索,20250720_02_08,9,0.7737116,1.8303704,1.4586844,6.5873485,1,3,1.0,1,1,1,3
T2,探索,20250720_02_09,13,0.7871425,1.6982642,1.9590499,8.829713,0,1,0.6923076923076923,1,1,5,7
T2,探索,20250720_02_10,12,0.53086513,1.4418836,1.5254213,8.601289,1,2,0.75,1,3,3,7
T2,探索,20250720_02_11,12,0.68506247,1.2817014,1.3862973,8.009431,1,2,0.75,0,2,2,8
T2,探索,20250720_02_12,12,0.6919535,1.5141963,1.4587895,7.6807146,0,1,0.75,1,4,4,5
T2,探索,20250720_03_01,14,0.5380963,1.3840381,1.6716231,9.482414,0,1,0.6428571428571429,1,3,6,9
T2,探索,20250720_03_02,15,0.5163572,1.4011234,1.9688102,9.772299,0,0,0.6,3,5,6,8
T2,探索,20250720_03_04,8,0.59178466,1.725179,1.0346966,6.075391,1,1,1.125,0,1,2,2
T2,探索,20250720_03_05,13,0.59629405,1.484093,1.8219655,9.854353,0,2,0.6923076923076923,0,0,2,8
T2,探索,20250720_03_06,14,0.7441044,1.5100689,1.6783874,8.231652,1,1,0.6428571428571429,1,5,6,7
T2,探索,20250720_03_07,15,0.72708195,1.5196428,1.5406322,8.411386,1,1,0.6,3,5,6,11
T2,探索,20250720_03_08,14,0.7691619,1.8839778,1.4732906,7.0420218,0,2,0.6428571428571429,3,7,7,8
T2,探索,20250720_03_09,11,0.7691619,1.8291789,1.3625778,6.92803,1,2,0.8181818181818182,0,3,4,6
T2,探索,20250720_03_10,10,0.8949561,2.0975058,1.1466838,5.8610864,1,3,0.9,1,2,2,4
T2,探索,20250720_03_11,13,0.43638408,1.0822366,1.6309776,10.287714,1,1,0.6923076923076923,1,2,2,7
T2,探索,20250720_03_12,15,0.68506247,1.5938134,1.7198994,8.804288,1,2,0.6,3,4,6,8
T2,探索,20250720_10_01,11,0.59629405,1.5475484,1.4455583,7.6098566,0,1,0.8181818181818182,1,2,2,6
T2,探索,20250720_10_02,18,0.59629405,1.483987,2.1683226,10.674896,0,1,0.5,4,8,8,12
T2,探索,20250720_10_03,16,0.79452276,1.7696712,1.4785709,7.8084407,1,2,0.5625,3,6,8,12
T2,探索,20250720_10_04,18,0.74286157,1.8475764,1.6129098,8.07305,0,0,0.5,6,9,10,13
T2,探索,20250720_10_05,13,0.65347904,1.4172469,1.9960034,9.948185,0,1,0.6923076923076923,0,0,2,7
T2,探索,20250720_10_06,9,0.59629405,1.4765246,1.6368403,7.7788825,0,1,1.0,0,0,0,2
T2,探索,20250720_10_07,10,0.72111106,1.7691301,1.1492263,6.147746,0,0,0.9,1,4,4,5
T2,探索,20250720_10_08,12,0.7039912,1.2909064,1.3916751,7.785002,1,2,0.75,1,2,4,7
T2,探索,20250720_10_09,8,0.68506247,1.6413429,1.2164539,6.166074,1,2,1.125,0,1,1,3
T2,探索,20250720_10_10,13,0.35659757,1.0024501,1.7528852,11.059191,0,1,0.6923076923076923,1,1,2,8
T2,探索,20250720_10_11,16,0.43638408,1.0471542,1.7862718,12.054036,0,1,0.5625,0,5,6,11
T2,探索,20250720_10_12,18,0.6919535,1.6111739,1.8661404,9.612194,1,2,0.5,2,9,10,13
T2,探索,20250726_01_01,12,0.59629405,1.5406853,1.5119017,7.6061563,1,3,0.75,1,5,5,7
T2,探索,20250726_01_02,12,0.7903171,1.8570923,1.3125124,6.7076235,1,2,0.75,1,4,5,7
T2,探索,20250726_01_03,14,0.6919535,1.4721309,1.5458256,8.166298,1,2,0.6428571428571429,3,5,5,7
T2,探索,20250726_01_04,14,0.63225985,1.4094667,1.4974139,8.651245,0,1,0.6428571428571429,0,5,6,10
T2,探索,20250726_01_05,13,0.51465124,1.2642817,1.9773183,10.540694,1,1,0.6923076923076923,0,2,3,5
T2,探索,20250726_01_06,13,0.71739435,1.8959997,1.3831593,6.7920504,1,2,0.6923076923076923,1,7,7,8
T2,探索,20250726_01_07,8,0.59629405,1.5074916,1.1066873,6.285919,1,3,1.125,0,1,1,2
T2,探索,20250726_01_09,13,0.65347904,1.4580313,1.4105105,8.098705,1,1,0.6923076923076923,1,3,6,9
T2,探索,20250726_01_10,13,0.6526777,1.6927385,1.8562951,8.063497,1,1,0.6923076923076923,3,4,4,7
T2,探索,20250726_01_11,12,0.4715034,1.24421,1.635144,9.417265,1,1,0.75,0,1,4,7
T2,探索,20250726_01_12,14,0.3975012,0.9514291,1.7505951,11.458423,1,1,0.6428571428571429,2,2,4,9
T2,探索,20250726_04_01,8,0.71739435,1.6261454,0.9095489,5.6356807,1,3,1.125,0,0,1,4
T2,探索,20250726_04_02,12,0.7691619,1.7047594,1.5743728,8.002667,0,1,0.75,0,1,2,6
T2,探索,20250726_04_03,18,0.59629405,1.4229666,2.3371468,12.168132,1,1,0.5,2,5,6,12
T2,探索,20250726_04_04,15,0.7783375,1.6958055,1.293779,7.0241413,1,1,0.6,2,5,10,12
T2,探索,20250726_04_05,8,0.7474113,2.0801258,0.72165316,4.715458,1,2,1.125,1,4,4,4
T2,探索,20250726_04_06,15,0.749773,1.7049592,1.5006219,8.002996,1,1,0.6,1,4,7,12
T2,探索,20250726_04_07,10,0.72111106,1.6447687,1.368714,7.1746774,1,2,0.9,0,0,1,5
T2,探索,20250726_04_08,14,0.59629405,1.6244627,1.6512133,8.926695,0,1,0.6428571428571429,0,4,5,9
T2,探索,20250726_04_09,14,0.6919535,1.884449,1.4462172,7.7809076,1,2,0.6428571428571429,2,3,6,11
T2,探索,20250726_04_10,14,0.45172504,1.1991225,1.5852852,9.37201,0,0,0.6428571428571429,3,5,6,6
T2,探索,20250726_04_11,14,0.58582467,1.5857145,1.4378245,7.813446,1,1,0.6428571428571429,3,5,6,9
T2,探索,20250726_04_12,17,0.7903171,1.8871534,1.3103386,7.0592318,0,1,0.5294117647058824,5,9,11,13
T2,探索,20250726_07_01,13,0.59629405,1.6364346,1.6872119,8.289523,0,0,0.6923076923076923,0,6,6,6
T2,探索,20250726_07_02,16,0.57992625,1.4601568,1.8768351,9.5651655,0,1,0.5625,4,8,8,9
T2,探索,20250726_07_04,11,0.71739435,1.6920848,1.5478127,7.8176036,1,2,0.8181818181818182,0,1,2,4
T2,探索,20250726_07_05,16,0.43638408,1.0037192,1.4829469,11.081697,1,2,0.5625,2,7,9,12
T2,探索,20250726_07_06,16,0.43638408,1.1035233,1.5787549,11.14141,0,0,0.5625,1,5,8,13
T2,探索,20250726_07_07,10,0.5416097,1.5808185,1.8051066,7.538885,1,2,0.9,1,2,3,3
T2,探索,20250726_07_09,8,0.53792626,1.3385692,1.3627903,6.99559,1,2,1.125,0,1,1,1
T2,探索,20250726_07_10,11,0.7828872,1.7134923,1.3427444,6.8869667,1,1,0.8181818181818182,0,3,4,6
T2,探索,20250726_07_11,8,0.44384646,0.9282011,0.54719347,5.541385,1,2,1.125,1,3,3,6
T2,探索,20250726_07_12,10,0.69414645,1.5582536,1.331746,7.203488,1,3,0.9,0,1,1,5
T2,探索,20250727_01_01,14,0.59178466,1.3116821,1.8130287,9.804711,1,2,0.6428571428571429,2,4,5,8
T2,探索,20250727_01_02,14,0.69414645,1.7358156,1.7368667,8.014383,0,1,0.6428571428571429,3,5,8,8
T2,探索,20250727_01_03,14,0.54077727,1.5477886,1.897307,9.116657,1,1,0.6428571428571429,2,5,5,7
T2,探索,20250727_01_04,9,0.7691619,1.6541064,0.937724,5.6524596,0,2,1.0,0,2,2,5
T2,探索,20250727_01_06,9,0.65347904,1.7295854,1.2349848,6.511728,0,2,1.0,0,0,2,4
T2,探索,20250727_01_07,13,0.5648456,1.282973,1.4486024,9.222555,0,0,0.6923076923076923,0,3,4,10
T2,探索,20250727_01_08,8,0.59178466,1.4959053,1.1478012,6.6632333,0,1,1.125,0,0,0,3
T2,探索,20250727_01_09,8,0.7783375,1.8335909,0.9914225,5.4990034,0,2,1.125,0,1,1,3
T2,探索,20250727_01_10,8,0.58582467,1.445503,1.2258073,6.6653867,0,2,1.125,1,1,1,1
T2,探索,20250727_01_11,10,0.7152014,1.4968444,1.4009888,7.3312335,1,2,0.9,0,1,1,5
T2,探索,20250727_01_12,8,0.48497558,1.3983507,1.1756189,6.696783,1,2,1.125,0,0,1,3
T2,探索,20250727_04_03,9,0.6919535,1.782975,1.1577964,6.533968,1,2,1.0,0,0,1,5
T2,探索,20250727_04_04,15,0.7783375,1.849788,1.5302527,7.6533227,1,1,0.6,4,5,7,10
T2,探索,20250727_04_05,15,0.7903171,1.5411847,1.396558,7.6469245,1,1,0.6,1,6,7,12
T2,探索,20250727_04_06,10,0.6167119,1.5456374,1.4045367,7.53653,0,1,0.9,0,2,2,4
T2,探索,20250727_04_07,18,0.6167119,1.2625644,1.888484,10.369197,1,2,0.5,5,8,9,12
T2,探索,20250727_04_08,15,0.59629405,1.5074916,1.8205612,9.522061,1,2,0.6,2,4,4,9
T2,探索,20250727_04_09,13,0.39253387,1.1018754,1.464118,9.658821,0,1,0.6923076923076923,1,3,4,9
T2,探索,20250727_04_10,14,0.74286157,1.7724347,1.4931111,7.314524,0,1,0.6428571428571429,3,4,4,9
T2,探索,20250727_04_11,16,0.59178466,1.4645528,1.6688929,9.564826,1,2,0.5625,2,6,7,11
T2,探索,20250727_04_12,16,0.7783375,1.4976666,1.4586962,8.021336,0,1,0.5625,3,6,7,13
T2,探索,20250727_07_01,14,0.3414948,0.9464774,1.507301,10.837873,1,2,0.6428571428571429,1,4,6,9
T2,探索,20250727_07_02,16,0.66037005,1.70792,1.926117,8.657124,0,1,0.5625,4,8,8,9
T2,探索,20250727_07_04,16,0.49256018,1.1831921,1.5256023,9.70347,0,2,0.5625,4,6,7,12
T2,探索,20250727_07_05,18,0.7691619,1.9527311,1.6753684,8.106288,1,1,0.5,5,9,11,13
T2,探索,20250727_07_06,10,0.9628203,2.235352,1.0778507,5.4375257,1,3,0.9,2,3,4,5
T2,探索,20250727_07_07,16,0.59178466,1.3310312,1.7520545,10.033988,0,2,0.5625,3,5,8,10
T2,探索,20250727_07_09,9,0.7691619,1.580738,1.0488548,5.9637084,1,2,1.0,0,1,3,4
T2,探索,20250727_07_10,12,0.73914486,1.5028926,1.4005108,7.546591,1,1,0.75,2,2,2,8
T2,探索,20250727_07_11,11,0.7828872,2.168987,1.144379,6.0309305,0,2,0.8181818181818182,3,3,5,6
T2,探索,20250727_07_12,9,0.7691619,1.6658201,1.2272284,6.5753717,0,2,1.0,0,0,1,3
T3,探索,20251004_05_01,16,0.82586735,1.6194729,1.1779292,6.492883,1,1,0.5625,4,9,11,11
T3,探索,20251004_05_02,9,0.6646564,1.8781161,1.2384573,6.327589,0,1,1.0,1,2,2,2
T3,探索,20251004_05_03,17,0.46875802,1.2418511,2.0665965,11.315385,1,2,0.5294117647058824,0,6,9,9
T3,探索,20251004_05_04,11,0.62180954,1.4968457,1.4194611,7.948947,0,1,0.8181818181818182,0,1,4,4
T3,探索,20251004_05_05,17,0.46026874,1.3419381,1.7856377,11.006805,0,1,0.5294117647058824,0,7,9,11
T3,探索,20251004_05_06,16,0.82298136,1.6875793,1.6909046,8.530289,1,2,0.5625,1,6,7,10
T3,探索,20251004_05_07,10,0.67394614,1.7377948,1.4174066,6.775517,0,1,0.9,0,3,3,3
T3,探索,20251004_05_08,16,0.5916502,1.6510286,1.8085194,8.509739,1,2,0.5625,4,7,9,9
T3,探索,20251004_05_09,12,0.74675983,1.6235545,1.1950787,6.7643027,1,2,0.75,0,2,7,7
T3,探索,20251004_05_10,15,0.38973594,1.0041918,1.5310973,10.591617,0,0,0.6,1,4,9,10
T3,探索,20251004_05_11,16,0.46875802,1.160305,1.5036114,10.113289,0,0,0.5625,3,5,11,11
T3,探索,20251004_05_12,16,0.6556917,1.5329952,1.6063875,8.478292,0,1,0.5625,1,6,9,9
T3,探索,20251004_08_01,14,0.64237356,1.5088317,1.5570785,8.356307,0,0,0.6428571428571429,3,5,6,8
T3,探索,20251004_08_02,8,0.8486851,2.064203,0.62990284,4.5114017,1,2,1.125,0,3,3,4
T3,探索,20251004_08_03,16,0.6504629,1.383805,1.8358874,10.180137,1,1,0.5625,0,3,7,10
T3,探索,20251004_08_04,14,0.67632705,1.309267,1.497119,8.205022,1,2,0.6428571428571429,2,5,6,6
T3,探索,20251004_08_05,14,0.735974,1.5175564,1.9066583,9.415905,1,1,0.6428571428571429,0,1,5,6
T3,探索,20251004_08_06,16,0.46875802,1.3716116,1.7111715,9.561419,0,0,0.5625,2,8,8,8
T3,探索,20251004_08_07,18,0.7121182,1.7118318,1.6550808,8.533883,0,1,0.5,2,8,12,13
T3,探索,20251004_08_08,12,0.82586735,1.7630563,1.3782867,7.091623,1,1,0.75,0,4,5,5
T3,探索,20251004_08_09,8,0.5955015,1.5020623,1.3584123,7.0255427,0,1,1.125,0,0,0,2
T3,探索,20251004_08_10,16,0.67632705,1.4900076,1.5814242,8.508646,1,1,0.5625,2,5,8,9
T3,探索,20251004_08_11,18,0.46026874,1.1073077,1.8856444,12.324553,1,2,0.5,0,7,10,13
T3,探索,20251004_08_12,13,0.7121182,1.4000872,1.5186816,7.9765935,1,1,0.6923076923076923,2,4,5,6
T3,探索,20251005_05_01,16,0.65987915,1.7960838,1.4038018,7.264181,1,1,0.5625,4,8,10,11
T3,探索,20251005_05_02,11,0.82298136,1.7772602,1.3924363,6.2124276,1,1,0.8181818181818182,2,4,5,6
T3,探索,20251005_05_03,17,0.37331805,0.89542127,1.3384398,10.29626,1,1,0.5294117647058824,5,8,11,12
T3,探索,20251005_05_04,14,0.6284572,1.3041312,1.5794553,8.663525,1,2,0.6428571428571429,3,6,6,6
T3,探索,20251005_05_05,15,0.46875802,1.3266156,1.6799686,10.31671,0,1,0.6,1,3,8,9
T3,探索,20251005_05_06,16,0.47735873,1.2199601,1.859269,11.419067,0,1,0.5625,0,4,6,11
T3,探索,20251005_05_07,18,0.6327862,1.3884234,1.6301557,9.21491,1,1,0.5,2,10,11,11
T3,探索,20251005_05_08,14,0.74675983,1.6928766,1.361872,7.469807,1,2,0.6428571428571429,2,6,7,8
T3,探索,20251005_05_09,17,0.4043292,0.97093004,1.4598714,11.125093,0,0,0.5294117647058824,2,8,10,13
T3,探索,20251005_05_10,16,0.52357084,1.3742291,1.5785326,9.426866,0,1,0.5625,1,7,9,10
T3,探索,20251005_05_11,11,0.57227033,1.3739349,1.6226768,8.9684305,1,1,0.8181818181818182,0,0,1,5
T3,探索,20251005_05_12,16,0.4043292,1.1435183,1.5079248,9.939243,0,2,0.5625,2,7,9,10
T3,探索,20251005_08_01,16,0.81449836,1.6887739,1.4907129,7.5824094,1,2,0.5625,2,8,9,10
T3,探索,20251005_08_03,16,0.49166667,1.0609131,2.2251437,12.727425,1,2,0.5625,0,3,6,8
T3,探索,20251005_08_04,12,0.46875802,1.1810689,1.5668557,9.499761,0,0,0.75,0,2,4,5
T3,探索,20251005_08_05,13,0.7121182,1.6496342,1.7373389,8.989749,1,2,0.6923076923076923,0,1,4,6
T3,探索,20251005_08_06,14,0.62088144,1.5152457,1.677478,8.782432,0,1,0.6428571428571429,1,4,6,7
T3,探索,20251005_08_07,12,0.6394863,1.6652321,1.4914651,7.311686,1,2,0.75,4,4,4,5
T3,探索,20251005_08_08,16,0.62180954,1.542347,1.9209365,9.369852,1,1,0.5625,1,7,8,9
T3,探索,20251005_08_09,9,0.74675983,1.6240662,1.1103961,6.169923,0,1,1.0,0,2,3,3
T3,探索,20251005_08_10,16,0.44757393,1.1122626,1.6227313,10.884199,1,3,0.5625,1,6,9,10
T3,探索,20251005_08_11,18,0.67632705,1.74864,1.5941864,8.67798,0,0,0.5,2,10,10,13
T3,探索,20251005_08_12,15,0.6284572,1.1413012,1.5238671,9.331628,1,2,0.6,1,5,7,11
T3,探索,20251011_05_01,10,0.82298136,1.9625312,1.0279788,5.687226,0,2,0.9,2,3,4,5
T3,探索,20251011_05_02,16,0.74675983,1.4719398,0.967507,5.9010687,1,2,0.5625,6,10,11,11
T3,探索,20251011_05_03,10,0.74675983,1.6457888,0.9884708,5.7565637,1,2,0.9,0,3,5,6
T3,探索,20251011_05_04,16,0.46026874,1.1473507,2.0747764,12.318309,1,3,0.5625,0,2,8,8
T3,探索,20251011_05_05,14,0.62844175,1.316494,1.7065214,9.776092,0,1,0.6428571428571429,0,3,4,8
T3,探索,20251011_05_06,15,0.46875802,1.0380044,1.9272311,11.7732315,0,0,0.6,0,2,7,8
T3,探索,20251011_05_07,10,0.82298136,1.7517213,1.2753354,6.2911425,1,2,0.9,1,3,3,3
T3,探索,20251011_05_08,16,0.77884537,1.5965813,1.6012431,8.2437,0,2,0.5625,4,6,9,9
T3,探索,20251011_05_09,10,0.417024,0.97559166,1.4855121,8.916491,0,2,0.9,0,1,2,2
T3,探索,20251011_05_10,16,0.6678107,1.363362,1.9065759,10.238321,1,1,0.5625,0,5,9,9
T3,探索,20251011_05_11,8,0.75411063,1.6271979,1.0986637,6.179616,1,2,1.125,0,0,0,2
T3,探索,20251011_05_12,16,0.7121182,1.7427784,1.5727098,7.776916,0,2,0.5625,4,8,8,10
T3,探索,20251011_08_01,16,0.6002889,1.448968,1.463667,8.646652,0,1,0.5625,4,7,9,10
T3,探索,20251011_08_02,8,0.82586735,2.2707865,0.96803063,5.127284,1,3,1.125,0,3,3,3
T3,探索,20251011_08_04,10,0.6556917,1.5932077,1.5817345,7.704321,1,2,0.9,0,0,2,3
T3,探索,20251011_08_05,8,0.25642198,0.643545,0.403647,6.180947,1,3,1.125,0,4,5,6
T3,探索,20251011_08_06,11,0.4340955,1.1962384,1.5915966,9.37471,0,1,0.8181818181818182,0,1,1,4
T3,探索,20251011_08_07,11,0.6719981,1.8171674,1.4333937,7.220673,1,2,0.8181818181818182,0,3,4,4
T3,探索,20251011_08_09,12,0.74675983,1.9041345,1.247951,6.2712655,0,2,0.75,2,5,6,6
T3,探索,20251011_08_10,13,0.74675983,1.5699548,1.4732176,7.8526073,1,2,0.6923076923076923,1,3,6,7
T3,探索,20251011_08_11,16,0.6678107,1.4729387,1.5441537,8.526037,1,2,0.5625,3,8,9,10
T3,探索,20251011_08_12,16,0.74675983,1.7350695,1.9402847,8.453171,1,1,0.5625,3,7,7,9
T3,探索,20251012_05_01,15,0.735974,1.9317911,1.2405479,6.8434544,1,2,0.6,4,7,9,9
T3,探索,20251012_05_02,10,0.82298136,1.823742,1.4056691,6.6966987,1,1,0.9,0,2,2,3
T3,探索,20251012_05_03,10,0.77884537,1.7796065,0.9624284,5.65833,0,1,0.9,1,2,4,6
T3,探索,20251012_05_04,16,0.6556917,1.7487466,1.9557633,9.716574,1,1,0.5625,2,4,7,9
T3,探索,20251012_05_05,12,0.62088144,1.4787389,1.4937656,8.495599,1,2,0.75,0,1,5,6
T3,探索,20251012_05_06,15,0.65987915,1.4900848,1.5803436,8.285057,1,2,0.6,4,6,7,7
T3,探索,20251012_05_07,16,0.4214007,1.0703299,1.5923164,10.609608,0,1,0.5625,2,6,9,10
T3,探索,20251012_05_08,11,0.8118703,1.5680637,1.3147054,6.80522,1,1,0.8181818181818182,1,3,4,4
T3,探索,20251012_05_09,16,0.735974,1.4526649,1.5790095,8.572471,0,0,0.5625,0,7,10,10
T3,探索,20251012_05_10,15,0.3705733,0.9985567,1.6816895,11.181011,0,1,0.6,1,5,6,9
T3,探索,20251012_05_11,16,0.46026874,1.3140136,1.4966601,9.559849,0,1,0.5625,2,6,9,11
T3,探索,20251012_05_12,16,0.6556917,1.41536,1.3854412,8.301915,0,1,0.5625,1,7,11,11
T3,探索,20251012_08_01,12,0.67394614,1.668096,1.2235612,6.82922,1,2,0.75,1,4,5,7
T3,探索,20251012_08_03,9,0.82298136,2.0277135,1.0094817,5.586846,1,2,1.0,0,1,2,4
T3,探索,20251012_08_04,12,0.7097373,1.5075024,1.6997954,8.580621,1,2,0.75,0,2,2,4
T3,探索,20251012_08_05,13,0.67394614,1.6881801,1.6544007,8.360146,0,1,0.6923076923076923,0,3,5,7
T3,探索,20251012_08_06,16,0.6504629,1.5007012,1.968848,10.560262,0,1,0.5625,1,3,6,9
T3,探索,20251012_08_07,13,0.46875802,1.1558399,1.7584318,10.114222,0,0,0.6923076923076923,0,2,3,6
T3,探索,20251012_08_08,14,0.62088144,1.3198881,1.4753948,8.686601,0,1,0.6428571428571429,0,4,6,9
T3,探索,20251012_08_09,14,0.6447151,1.4840649,1.458679,8.099228,1,2,0.6428571428571429,1,6,7,8
T3,探索,20251012_08_10,13,0.47692016,1.149905,1.5190188,9.503185,1,2,0.6923076923076923,1,2,5,7
T3,探索,20251012_08_11,8,0.735974,1.8412058,0.91760004,5.562234,1,1,1.125,0,1,2,2
T3,探索,20251012_08_12,18,0.5028065,1.4318333,1.9463875,9.548875,0,0,0.5,6,8,11,11
T3,探索,20251013_05_01,14,0.7097373,1.9121225,1.243804,6.189445,1,2,0.6428571428571429,4,8,9,9
T3,探索,20251013_05_02,13,0.7944562,1.6141107,1.3739362,6.969478,0,1,0.6923076923076923,2,5,6,7
T3,探索,20251013_05_03,12,0.999999,2.3030374,1.0728856,5.375688,1,2,0.75,2,6,7,8
T3,探索,20251013_05_04,14,0.3128244,0.89133,1.7410346,11.419132,1,2,0.6428571428571429,0,3,5,6
T3,探索,20251013_05_05,13,0.6646564,1.5936831,1.6061977,8.647006,0,1,0.6923076923076923,0,4,5,7
T3,探索,20251013_05_06,17,0.67394614,1.3333439,1.9240487,10.3357525,0,1,0.5294117647058824,0,6,9,10
T3,探索,20251013_05_07,16,0.6061429,1.3394849,1.5975262,9.031965,0,0,0.5625,2,6,8,9
T3,探索,20251013_05_09,18,0.46026874,1.0685551,1.8381329,11.472743,1,1,0.5,4,7,9,10
T3,探索,20251013_05_10,8,0.77884537,1.7818738,0.8713709,5.144609,1,2,1.125,0,1,2,3
T3,探索,20251013_05_11,18,0.46875802,1.2284262,1.4369639,9.532912,0,1,0.5,2,10,13,13
T3,探索,20251013_05_12,16,0.46875802,1.0944068,1.403748,9.816569,1,2,0.5625,3,6,10,11
T3,探索,20251013_08_01,8,0.74675983,2.1153293,0.954671,5.4749517,1,2,1.125,0,1,1,2
T3,探索,20251013_08_02,10,0.6719981,1.9146891,1.0466183,6.107507,1,3,0.9,0,3,3,5
T3,探索,20251013_08_03,16,0.74675983,2.1121888,1.6924036,7.6218166,0,1,0.5625,3,6,8,11
T3,探索,20251013_08_04,13,0.46026874,1.2904743,1.253748,8.327495,0,1,0.6923076923076923,1,4,8,8
T3,探索,20251013_08_05,10,0.6099047,1.4677622,1.5770844,8.188294,0,2,0.9,0,0,1,4
T3,探索,20251013_08_06,15,0.5110465,1.2841396,1.7873201,10.592351,1,2,0.6,0,3,7,9
T3,探索,20251013_08_07,15,0.6394863,1.4347568,1.7450777,8.983178,1,1,0.6,2,6,7,8
T3,探索,20251013_08_08,13,0.44757393,1.0768698,1.5553193,9.54915,1,2,0.6923076923076923,0,5,5,5
T3,探索,20251013_08_09,12,0.7121182,1.95946,1.0839698,6.2430167,1,3,0.75,0,6,7,7
T3,探索,20251013_08_10,10,0.74675983,1.8421067,1.1601845,6.3711267,1,2,0.9,0,2,2,4
T3,探索,20251013_08_11,18,0.44757393,1.0334584,2.04731,12.371706,0,2,0.5,2,7,8,11
T3,探索,20251013_08_12,16,0.74675983,1.4845747,1.7947787,9.137324,0,1,0.5625,1,5,8,10
T3,探索,20251018_04_01,13,0.6719981,1.760034,1.4794197,7.4914055,1,2,0.6923076923076923,3,4,5,7
T3,探索,20251018_04_02,14,0.735974,1.5568004,1.3470007,7.228507,1,2,0.6428571428571429,2,6,8,8
T3,探索,20251018_04_03,18,0.46875802,1.2741888,2.054424,10.833559,0,0,0.5,3,8,8,9
T3,探索,20251018_04_04,14,0.46026874,1.2585019,1.600765,9.213972,0,0,0.6428571428571429,3,5,6,6
T3,探索,20251018_04_05,15,0.3890995,1.0752419,1.9112962,11.417773,1,1,0.6,0,5,5,7
T3,探索,20251018_04_06,15,0.78619623,1.408354,1.2979376,6.939564,1,2,0.6,3,8,8,9
T3,探索,20251018_04_07,18,0.46875802,1.0160902,1.7884903,11.5280905,1,2,0.5,2,9,9,11
T3,探索,20251018_04_08,15,0.6688438,1.5507511,1.5608895,8.423466,1,2,0.6,2,5,9,9
T3,探索,20251018_04_09,15,0.46875802,1.2705365,1.766756,10.015047,0,0,0.6,2,4,6,8
T3,探索,20251018_04_10,15,0.6646564,1.4610299,1.5195597,8.463194,1,1,0.6,2,6,7,8
T3,探索,20251018_04_11,8,0.34139577,0.8843843,0.5792183,6.09673,1,2,1.125,1,2,4,4
T3,探索,20251018_04_12,18,0.6556917,1.4458748,1.8352814,10.083194,0,2,0.5,1,8,11,12
T3,探索,20251018_05_01,11,0.82298136,2.1613915,1.3075744,5.9173007,1,2,0.8181818181818182,3,4,4,6
T3,探索,20251018_05_02,9,0.74675983,1.8400642,0.9521837,5.5566964,1,1,1.0,0,3,4,4
T3,探索,20251018_05_03,8,0.81101775,2.149428,0.79480064,5.0117464,1,2,1.125,0,2,3,3
T3,探索,20251018_05_04,18,0.735974,1.7536072,1.9628159,9.392648,1,2,0.5,1,8,10,10
T3,探索,20251018_05_05,16,0.46875802,1.1877534,1.996751,11.9259205,0,2,0.5625,0,5,6,9
T3,探索,20251018_05_06,15,0.8362193,1.9275801,1.3695923,6.728697,1,3,0.6,2,7,10,10
T3,探索,20251018_05_07,17,0.62180954,1.5589985,1.8139745,9.817308,0,2,0.5294117647058824,3,6,7,11
T3,探索,20251018_05_10,15,0.33627948,0.91478515,1.7406774,11.570908,1,1,0.6,2,4,6,8
T3,探索,20251018_05_11,14,0.6099047,1.3118286,1.630064,9.0525255,1,2,0.6428571428571429,0,5,6,6
T3,探索,20251018_05_12,14,0.47692016,1.287074,1.5614316,9.392698,0,1,0.6428571428571429,2,3,6,8
T3,探索,20251018_08_01,9,0.6035549,1.6259131,1.0370519,6.5398335,0,1,1.0,0,1,2,4
T3,探索,20251018_08_02,10,0.8118703,1.8179219,1.150072,6.2481027,1,2,0.9,0,2,3,5
T3,探索,20251018_08_04,11,0.74675983,1.7996929,1.6074308,7.5281086,0,1,0.8181818181818182,1,1,2,4
T3,探索,20251018_08_05,13,0.6646564,1.3135855,1.691248,8.979398,1,1,0.6923076923076923,0,2,4,6
T3,探索,20251018_08_06,16,0.46026874,1.1325395,1.996908,12.078633,0,1,0.5625,1,5,8,9
T3,探索,20251018_08_07,8,0.6646564,1.5106035,1.0081221,6.051068,1,3,1.125,0,0,3,3
T3,探索,20251018_08_09,12,0.6719981,1.5374755,1.227149,6.912106,1,3,0.75,0,4,6,6
T3,探索,20251018_08_10,9,0.7121182,1.8017577,1.0569024,5.686175,1,3,1.0,1,3,4,4
T3,探索,20251018_08_11,16,0.35944644,0.88154966,1.6402912,11.655997,0,2,0.5625,2,6,7,10
T3,探索,20251018_08_12,15,0.6327862,1.719611,1.5808911,8.422294,0,0,0.6,2,6,6,8
T3,探索,20251019_04_01,12,0.7121182,1.8506349,1.3405699,6.6811905,1,3,0.75,2,4,7,7
T3,探索,20251019_04_02,15,0.74675983,1.843975,1.2430562,6.7560825,1,2,0.6,2,8,10,11
T3,探索,20251019_04_03,18,0.46026874,1.1507862,2.0876207,12.188384,0,1,0.5,4,5,6,11
T3,探索,20251019_04_04,13,0.6099047,1.3474873,1.3465663,7.4973793,1,1,0.6923076923076923,2,6,6,6
T3,探索,20251019_04_05,18,0.47692016,1.1311404,2.0667622,12.909611,1,1,0.5,0,6,9,12
T3,探索,20251019_04_06,15,0.3752279,0.93181944,1.5489502,10.666578,1,2,0.6,3,5,7,9
T3,探索,20251019_04_07,18,0.5032451,1.193654,1.8573546,10.738118,0,1,0.5,4,7,10,11
T3,探索,20251019_04_08,15,0.46026874,1.029515,1.4456955,9.984429,1,2,0.6,2,6,8,10
T3,探索,20251019_04_09,15,0.44757393,1.1473107,1.6206486,9.762234,1,1,0.6,2,6,7,8
T3,探索,20251019_04_10,18,0.3128244,0.8172858,1.9727736,14.110084,1,2,0.5,1,7,8,11
T3,探索,20251019_04_11,14,0.6646564,1.2339027,1.4565567,8.262797,1,2,0.6428571428571429,1,5,7,8
T3,探索,20251019_04_12,14,0.6679149,1.3168441,1.3786721,8.05815,1,2,0.6428571428571429,1,7,8,9
T3,探索,20251019_05_01,13,0.67394614,1.5563173,1.1107831,6.4573584,1,2,0.6923076923076923,2,6,7,8
T3,探索,20251019_05_02,8,0.74675983,2.0795686,0.9022816,5.3201666,0,2,1.125,0,2,2,2
T3,探索,20251019_05_03,13,0.74675983,1.4985131,1.0259544,6.235132,1,1,0.6923076923076923,3,6,7,9
T3,探索,20251019_05_04,16,0.46875802,1.2622999,1.9492502,11.037831,0,0,0.5625,0,6,8,9
T3,探索,20251019_05_05,18,0.6678107,1.4144468,1.8340977,10.030025,0,1,0.5,0,7,12,12
T3,探索,20251019_05_06,8,0.6556917,1.5847185,1.0797429,6.2644486,1,2,1.125,0,1,2,2
T3,探索,20251019_05_07,13,0.8362193,1.9705474,1.5082852,6.7970347,1,1,0.6923076923076923,2,6,6,6
T3,探索,20251019_05_08,15,0.74675983,2.1412292,1.219315,6.4607906,0,1,0.6,2,8,10,10
T3,探索,20251019_05_09,10,0.74675983,1.7014773,1.5756676,7.2128787,1,2,0.9,0,1,3,3
T3,探索,20251019_05_10,13,0.664941,1.1870441,1.4341923,8.093191,1,2,0.6923076923076923,1,4,5,7
T3,探索,20251019_05_11,12,0.3815174,1.0285592,1.3860666,9.10633,1,2,0.75,2,2,5,5
T3,探索,20251019_05_12,18,0.47692016,1.414109,1.6561617,9.997871,0,1,0.5,3,8,11,12
T3,探索,20251019_08_01,12,0.83981967,1.387152,1.0196949,5.7896223,1,2,0.75,0,4,7,8
T3,探索,20251019_08_03,12,0.74675983,1.4672273,1.4866399,7.7804794,1,1,0.75,1,2,4,5
T3,探索,20251019_08_04,17,0.6556917,1.7749126,1.9125663,9.669332,0,2,0.5294117647058824,0,6,9,11
T3,探索,20251019_08_05,10,0.74675983,1.5112079,1.5105011,7.49579,0,0,0.9,0,0,2,2
T3,探索,20251019_08_06,12,0.82298136,2.266342,1.324246,6.479833,0,1,0.75,1,2,6,6
T3,探索,20251019_08_07,12,0.46026874,1.2303338,1.474723,8.48816,1,1,0.75,1,3,5,6
T3,探索,20251019_08_08,8,0.44757393,1.2568973,1.0679814,6.687746,1,2,1.125,0,0,2,3
T3,探索,20251019_08_10,16,0.6264605,1.4472188,1.4155829,8.31058,1,2,0.5625,4,8,10,10
T3,探索,20251019_08_11,18,0.6556917,1.3174939,1.794986,10.186893,0,0,0.5,1,8,11,11
T3,探索,20251019_08_12,14,0.5454381,1.4266875,1.8409321,9.966314,0,1,0.6428571428571429,1,2,5,8
T3,探索,20251025_04_01,15,0.67394614,1.7612096,1.3191614,6.948229,1,2,0.6,3,9,10,11
T3,探索,20251025_04_02,15,0.7543356,1.3235819,1.5196303,8.203657,1,1,0.6,1,5,7,9
T3,探索,20251025_04_03,13,0.74675983,2.1382346,1.1553531,6.2934666,0,2,0.6923076923076923,1,5,7,9
T3,探索,20251025_04_04,15,0.46875802,1.35454,1.4002331,9.08702,0,1,0.6,2,6,8,10
T3,探索,20251025_04_05,14,0.46026874,1.253716,1.7085032,9.627469,1,2,0.6428571428571429,1,5,6,6
T3,探索,20251025_04_06,15,0.48386526,1.095182,1.5254025,9.8229065,0,0,0.6,2,4,7,10
T3,探索,20251025_04_07,14,0.46026874,1.029515,1.313591,9.684933,1,1,0.6428571428571429,1,5,7,10
T3,探索,20251025_04_08,14,0.62088144,1.6091911,1.5589994,7.604088,0,2,0.6428571428571429,3,7,7,8
T3,探索,20251025_04_09,18,0.6411453,1.5706255,1.6464709,9.461455,1,1,0.5,1,9,11,13
T3,探索,20251025_04_10,15,0.46875802,1.3766006,1.8773919,9.523,0,1,0.6,2,5,7,7
T3,探索,20251025_04_11,18,0.35944644,1.0011075,1.7413999,12.046833,0,1,0.5,1,8,12,12
T3,探索,20251025_04_12,17,0.46875802,1.1820132,1.7426264,10.336396,0,1,0.5294117647058824,3,7,9,10
T3,探索,20251025_05_01,15,0.995851,2.2671375,1.3102012,6.0602193,1,2,0.6,4,7,9,10
T3,探索,20251025_05_02,10,0.82586735,1.9245248,0.95048034,5.427417,0,2,0.9,1,4,4,4
T3,探索,20251025_05_03,9,0.9151189,2.1221476,0.8327651,4.9707894,0,1,1.0,0,2,4,4
T3,探索,20251025_05_04,16,0.46875802,1.310834,1.9402995,10.910635,1,2,0.5625,1,5,7,9
T3,探索,20251025_05_05,9,0.74675983,1.7604399,1.188724,6.3248405,1,2,1.0,0,1,2,3
T3,探索,20251025_05_06,16,0.67632705,1.4124947,1.954824,10.353517,1,2,0.5625,1,4,7,10
T3,探索,20251025_05_07,16,0.80643606,1.4430094,1.6317245,8.230279,1,1,0.5625,2,6,10,10
T3,探索,20251025_05_08,8,0.82298136,1.9331305,1.3628557,5.742619,1,2,1.125,2,2,2,2
T3,探索,20251025_05_09,12,0.7121182,1.725296,1.6365622,7.8618374,0,2,0.75,0,2,4,5
T3,探索,20251025_05_10,16,0.735974,1.6261327,1.5410817,8.255948,1,2,0.5625,1,8,8,9
T3,探索,20251025_05_11,10,0.72246414,1.4752085,1.2867532,7.0120683,1,2,0.9,0,3,3,3
T3,探索,20251025_05_12,13,0.74675983,1.8682799,1.2396375,6.5227537,1,1,0.6923076923076923,3,4,8,8
T3,探索,20251025_08_01,14,0.7097373,1.6150032,1.5198874,8.121078,0,1,0.6428571428571429,1,5,7,8
T3,探索,20251025_08_02,10,0.67632705,1.53839,1.2865424,7.169381,1,2,0.9,0,1,2,5
T3,探索,20251025_08_03,12,0.79360366,1.6670612,1.4268316,7.2789907,0,2,0.75,0,3,5,6
T3,探索,20251025_08_04,8,0.6504629,1.4402075,1.1615963,6.539012,0,1,1.125,0,0,1,2
T3,探索,20251025_08_05,14,0.47692016,1.3262883,1.7928244,10.3393955,0,1,0.6428571428571429,0,3,5,8
T3,探索,20251025_08_06,16,0.47735873,1.2504518,1.8270463,11.210045,0,0,0.5625,0,6,8,10
T3,探索,20251025_08_07,11,0.55725867,1.5029368,1.4840621,7.781627,0,1,0.8181818181818182,0,2,4,5
T3,探索,20251025_08_08,12,0.74675983,1.6757866,1.5050044,7.3124914,1,2,0.75,0,5,6,6
T3,探索,20251025_08_09,16,0.7121182,1.4272984,1.5464293,8.652934,1,2,0.5625,1,7,9,10
T3,探索,20251025_08_10,13,0.48386526,1.1828196,1.4886143,9.225423,0,1,0.6923076923076923,1,4,5,6
T3,探索,20251025_08_11,10,0.5916502,1.5819963,1.2425685,7.1240034,0,2,0.9,0,2,3,3
T3,探索,20251025_08_12,10,0.6556917,1.5674155,1.4373443,7.53635,0,2,0.9,1,1,1,2
T3,探索,20251026_04_01,13,0.6719981,1.4535805,1.24217,7.1463675,1,2,0.6923076923076923,1,6,7,7
T3,探索,20251026_04_02,13,0.722904,1.7193758,1.7078617,7.952191,0,1,0.6923076923076923,1,3,6,7
T3,探索,20251026_04_03,10,0.6719981,1.8135746,1.3192292,6.547027,1,3,0.9,2,2,3,3
T3,探索,20251026_04_04,16,0.5378788,1.4669056,1.6540971,8.960209,0,0,0.5625,3,6,9,10
T3,探索,20251026_04_05,18,0.3890995,1.0083711,2.035577,13.300761,0,0,0.5,0,6,11,12
T3,探索,20251026_04_06,13,0.67394614,1.5944836,1.6111838,7.8155403,0,2,0.6923076923076923,2,5,6,7
T3,探索,20251026_04_07,15,0.46875802,1.0944068,1.6450696,9.822426,0,2,0.6,2,6,7,8
T3,探索,20251026_04_08,12,0.8362193,1.7842463,1.2733339,6.7409463,1,2,0.75,1,3,4,7
T3,探索,20251026_04_09,14,0.6678107,1.2563257,1.3444526,7.912173,1,2,0.6428571428571429,2,5,7,9
T3,探索,20251026_04_10,16,0.46875802,1.1063247,1.7672887,11.221231,0,0,0.5625,1,6,7,10
T3,探索,20251026_04_11,17,0.42074713,1.0698509,1.7753934,11.53338,1,2,0.5294117647058824,2,7,9,10
T3,探索,20251026_04_12,12,0.5916502,1.4720005,1.2843317,7.497801,0,1,0.75,0,5,6,6
T3,探索,20251026_05_01,14,0.7980738,1.2905512,1.1852194,6.53248,1,1,0.6428571428571429,2,6,8,9
T3,探索,20251026_05_02,10,0.82298136,1.8176824,0.6817542,4.925869,1,1,0.9,1,4,6,6
T3,探索,20251026_05_03,11,0.79625946,1.7994413,0.9378803,5.1872573,1,2,0.8181818181818182,4,5,5,5
T3,探索,20251026_05_04,14,0.32040647,0.851769,1.4938523,10.969119,1,3,0.6428571428571429,1,4,7,8
T3,探索,20251026_05_05,16,0.40602517,1.1529384,1.985131,11.868461,1,2,0.5625,1,5,6,8
T3,探索,20251026_05_06,18,0.46875802,1.3504274,1.9941385,11.022135,0,1,0.5,0,7,11,12
T3,探索,20251026_05_07,13,0.46875802,1.3333559,1.3565603,8.434261,0,1,0.6923076923076923,0,5,6,6
T3,探索,20251026_05_08,15,0.735974,1.5599995,1.5510892,8.09119,0,2,0.6,3,5,7,9
T3,探索,20251026_05_09,13,0.74675983,1.3346205,1.3755765,7.5200195,1,1,0.6923076923076923,0,4,6,8
T3,探索,20251026_05_10,11,0.4856921,1.3334078,1.4447615,8.025626,0,1,0.8181818181818182,1,2,4,5
T3,探索,20251026_05_11,16,0.67632705,1.3218486,1.5936154,9.065675,1,2,0.5625,1,6,8,11
T3,探索,20251026_05_12,16,0.4214007,1.1714988,1.5846953,10.269535,1,2,0.5625,1,7,9,10
T3,探索,20251026_08_01,9,0.74675983,1.889464,0.97372556,5.5648937,0,1,1.0,1,2,4,4
T3,探索,20251026_08_02,10,0.6678107,1.761003,1.2876959,6.7983723,1,2,0.9,0,2,3,4
T3,探索,20251026_08_03,10,0.64036196,1.6286716,1.3806287,7.1123033,1,3,0.9,0,2,3,3
T3,探索,20251026_08_04,16,0.46026874,1.1091979,2.059521,12.546225,0,0,0.5625,0,2,8,8
T3,探索,20251026_08_05,10,0.67632705,1.4727005,1.4488678,7.419101,1,1,0.9,0,2,2,3
T3,探索,20251026_08_06,11,0.722904,1.6605315,1.2045245,7.017746,1,1,0.8181818181818182,0,2,5,7
T3,探索,20251026_08_07,12,0.46875802,1.3766006,1.3389679,8.036253,0,1,0.75,1,4,5,6
T3,探索,20251026_08_08,14,0.735974,1.6375973,1.4856844,7.5477815,0,1,0.6428571428571429,1,5,6,8
T3,探索,20251026_08_09,8,0.8362193,2.2579944,1.2464187,5.84422,0,2,1.125,0,1,1,1
T3,探索,20251026_08_10,14,0.46875802,1.2265108,1.5778764,9.702153,1,1,0.6428571428571429,1,3,7,7
T3,探索,20251026_08_11,18,0.65987915,1.682691,2.6117585,11.815233,0,2,0.5,0,3,7,9
T3,探索,20251026_08_12,16,0.6719981,1.5588319,1.7647903,8.878997,1,1,0.5625,3,7,7,8
T3,探索,20251101_05_01,16,0.97424334,1.7078148,1.5317049,6.859985,1,1,0.5625,4,9,9,9
T3,探索,20251101_05_02,8,0.82298136,1.769098,0.9581505,5.15246,1,2,1.125,1,2,3,3
T3,探索,20251101_05_03,11,0.999999,2.5697403,1.3311782,5.6821737,1,3,0.8181818181818182,3,4,5,5
T3,探索,20251101_05_04,16,0.46875802,1.1549004,2.0034504,11.772066,1,1,0.5625,0,4,7,9
T3,探索,20251101_05_05,13,0.74675983,1.744581,1.6802759,7.889262,1,2,0.6923076923076923,0,4,6,7
T3,探索,20251101_05_06,15,0.74675983,1.8712095,1.5449636,7.8251734,0,1,0.6,2,6,8,8
T3,探索,20251101_05_07,16,0.5454381,1.4127479,2.0850906,10.418795,1,2,0.5625,3,6,6,8
T3,探索,20251101_05_08,14,0.6556917,1.6182106,1.3219467,6.9683022,0,1,0.6428571428571429,4,6,9,9
T3,探索,20251101_05_09,8,0.74675983,1.8071212,1.3107738,6.083387,1,2,1.125,0,2,2,2
T3,探索,20251101_05_10,12,0.81264716,1.7198383,1.7401685,7.715164,1,2,0.75,1,3,4,5
T3,探索,20251101_05_11,16,0.46026874,1.1918483,1.7793834,10.875299,1,2,0.5625,1,5,8,10
T3,探索,20251101_05_12,15,0.8118703,1.9289415,1.5623349,7.13772,1,2,0.6,4,5,8,8
T3,探索,20251101_08_01,13,0.77884537,1.848029,1.4088792,6.919873,1,2,0.6923076923076923,3,5,6,6
T3,探索,20251101_08_02,11,0.46875802,1.3631222,1.3171029,7.8534184,1,1,0.8181818181818182,0,4,4,5
T3,探索,20251101_08_03,8,0.74675983,2.0885167,0.9114141,5.2310376,1,2,1.125,0,3,3,3
T3,探索,20251101_08_04,10,0.47735873,1.2929716,1.6727667,8.96101,0,1,0.9,0,0,0,1
T3,探索,20251101_08_05,9,0.6646564,1.6184967,1.3927139,7.0703816,0,2,1.0,0,0,2,3
T3,探索,20251101_08_06,16,0.6719981,1.5462736,1.8802428,10.129547,0,1,0.5625,0,3,8,10
T3,探索,20251101_08_07,16,0.3904576,1.1170386,2.0812695,10.897995,1,2,0.5625,2,6,7,7
T3,探索,20251101_08_08,8,0.52357084,1.2275667,0.5347169,4.981242,0,0,1.125,1,3,3,5
T3,探索,20251101_08_09,11,0.67394614,1.628225,1.3431358,6.867216,1,3,0.8181818181818182,1,3,5,6
T3,探索,20251101_08_10,13,0.47692016,1.405947,1.3635954,7.8847356,1,1,0.6923076923076923,2,5,6,7
T3,探索,20251101_08_11,12,0.6512604,1.6494079,1.3955488,7.698141,0,2,0.75,0,3,5,5
T3,探索,20251101_08_12,15,0.74675983,1.7825333,1.6984625,8.274251,0,0,0.6,2,4,7,8
T3,探索,20251102_05_01,12,0.6719981,1.7910875,1.2637357,6.7971005,1,3,0.75,3,5,5,6
T3,探索,20251102_05_02,14,0.77884537,2.1065352,1.398634,6.7191253,1,2,0.6428571428571429,2,8,8,9
T3,探索,20251102_05_03,10,0.94457716,2.3263125,0.89972764,5.193409,1,2,0.9,1,4,5,5
T3,探索,20251102_05_04,16,0.67394614,1.4636906,1.7515318,9.373201,1,1,0.5625,0,7,8,9
T3,探索,20251102_05_05,8,0.74675983,1.450685,1.2488047,6.3500943,1,2,1.125,0,0,1,2
T3,探索,20251102_05_06,16,0.67394614,1.9942942,1.7664212,8.258873,1,2,0.5625,4,6,7,8
T3,探索,20251102_05_07,15,0.67394614,1.7544212,1.7245085,7.992269,1,1,0.6,4,6,6,8
T3,探索,20251102_05_09,10,0.7944562,1.9218128,1.7828943,7.0735855,1,1,0.9,1,1,3,3
T3,探索,20251102_05_10,12,0.46875802,1.1176872,1.4189175,8.683898,0,1,0.75,0,4,5,5
T3,探索,20251102_05_11,14,0.8081525,1.5271966,1.6727757,8.470324,1,1,0.6428571428571429,0,3,6,8
T3,探索,20251102_05_12,13,0.81101775,1.9055411,1.3542978,6.4362864,1,2,0.6923076923076923,3,4,5,7
T3,探索,20251102_08_01,15,0.48386526,1.2614892,1.2139779,8.339106,1,2,0.6,1,7,10,11
T3,探索,20251102_08_03,16,0.6504629,1.2967466,1.8456666,10.009383,1,1,0.5625,0,7,7,8
T3,探索,20251102_08_04,10,0.74675983,1.8996906,1.2387862,6.3357663,1,2,0.9,0,3,3,3
T3,探索,20251102_08_05,15,0.47735873,1.2418069,1.69842,10.624163,1,3,0.6,0,4,8,10
T3,探索,20251102_08_06,14,0.6646564,1.671654,1.6345124,8.422247,1,2,0.6428571428571429,2,4,6,6
T3,探索,20251102_08_07,16,0.46026874,1.0733583,1.7235348,10.953478,1,1,0.5625,2,6,7,9
T3,探索,20251102_08_08,15,0.78704876,1.9237691,1.6754256,7.710773,0,2,0.6,2,6,7,10
T3,探索,20251102_08_09,16,0.6719981,1.1857187,1.787268,10.225063,1,1,0.5625,0,4,8,11
T3,探索,20251102_08_10,13,0.64378697,1.3604777,1.6200097,8.611527,0,2,0.6923076923076923,1,3,5,6
T3,探索,20251102_08_11,15,0.46875802,1.3127439,1.6984957,10.088227,0,1,0.6,2,4,7,8
T3,探索,20251102_08_12,8,0.5916502,1.6156116,0.58927536,5.013415,1,1,1.125,0,3,4,4
T3,探索,20251108_03_01,14,0.6678107,1.4454579,1.3881358,7.5972013,0,1,0.6428571428571429,4,6,6,8
T3,探索,20251108_03_02,16,0.46026874,1.3242542,1.8223422,10.469655,0,2,0.5625,2,6,7,9
T3,探索,20251108_03_03,15,0.6630334,1.6091502,1.4290088,7.9445786,1,1,0.6,3,6,7,9
T3,探索,20251108_03_04,16,0.66975874,1.498451,1.4779584,8.201737,1,3,0.5625,2,6,8,12
T3,探索,20251108_03_05,16,0.46875802,1.2918763,1.8417796,10.580795,1,2,0.5625,0,7,8,10
T3,探索,20251108_03_06,16,0.3890995,1.0910234,1.494832,10.820845,0,1,0.5625,2,5,8,12
T3,探索,20251108_03_07,16,0.67394614,1.4394995,1.7787797,9.561244,1,1,0.5625,1,4,8,10
T3,探索,20251108_03_08,16,0.46875802,1.3187627,1.8758464,9.805207,1,2,0.5625,3,6,8,9
T3,探索,20251108_03_09,16,0.735974,1.43997,1.5918145,8.641025,0,2,0.5625,1,5,10,11
T3,探索,20251108_03_10,16,0.46875802,1.0599185,1.7986406,11.551659,0,1,0.5625,0,5,7,10
T3,探索,20251108_03_11,16,0.406171,0.9282742,1.5565909,11.543455,0,1,0.5625,0,6,9,11
T3,探索,20251108_03_12,15,0.4043292,0.97611916,1.4660037,10.397057,0,1,0.6,1,7,9,9
T3,探索,20251108_05_01,15,0.6646564,1.7577114,1.4764915,7.2389402,0,2,0.6,5,8,8,8
T3,探索,20251108_05_02,15,0.82586735,1.8290491,0.91045356,5.312844,1,2,0.6,4,9,11,11
T3,探索,20251108_05_03,12,0.6678107,1.9152532,1.5449508,7.0357127,1,1,0.75,2,5,5,5
T3,探索,20251108_05_04,13,0.3489779,0.90754557,1.6320124,10.964049,1,2,0.6923076923076923,0,3,4,7
T3,探索,20251108_05_05,13,0.6697173,1.6072333,1.5376447,8.408617,0,1,0.6923076923076923,0,4,5,6
T3,探索,20251108_05_06,13,0.6556917,1.5306207,1.5686271,8.703699,1,1,0.6923076923076923,1,3,5,6
T3,探索,20251108_05_07,16,0.64036196,1.5938416,1.5188924,8.569629,0,0,0.5625,4,6,9,10
T3,探索,20251108_05_08,8,0.74675983,2.159061,1.1206958,5.191983,1,2,1.125,2,2,3,3
T3,探索,20251108_05_09,13,0.67632705,1.8007767,1.3841604,7.2242126,1,3,0.6923076923076923,2,5,5,6
T3,探索,20251108_05_10,11,0.75411063,1.8030928,1.4322485,6.7171226,1,2,0.8181818181818182,1,4,5,5
T3,探索,20251108_05_11,16,0.74675983,1.6842759,1.8495933,8.853846,1,1,0.5625,3,6,7,8
T3,探索,20251108_05_12,14,0.74675983,1.5172075,1.7788131,8.505469,1,1,0.6428571428571429,2,5,5,6
T3,探索,20251108_08_01,12,0.6556917,1.6817083,1.3841531,7.3288965,1,3,0.75,3,4,4,4
T3,探索,20251108_08_02,15,0.6719981,1.817132,2.0691817,8.323165,0,1,0.6,3,7,8,8
T3,探索,20251108_08_03,9,0.66660446,1.9869525,1.4395419,6.329137,0,2,1.0,1,2,2,3
T3,探索,20251108_08_04,12,0.82586735,2.1254327,1.227068,6.22718,1,3,0.75,1,5,6,6
T3,探索,20251108_08_05,9,0.6646564,1.6403654,1.2787462,6.8981395,1,2,1.0,0,1,1,3
T3,探索,20251108_08_06,11,0.46875802,1.2621868,1.4916873,8.801984,0,1,0.8181818181818182,0,1,3,4
T3,探索,20251108_08_07,16,0.8118703,2.1462855,1.305673,6.837908,1,2,0.5625,2,8,10,12
T3,探索,20251108_08_09,16,0.47692016,1.4144362,2.0272186,9.462129,0,1,0.5625,3,7,7,8
T3,探索,20251108_08_10,12,0.6719981,1.8672032,1.683973,7.7479854,0,1,0.75,1,2,3,5
T3,探索,20251108_08_11,16,0.5032451,1.2406756,1.9413491,11.587484,1,1,0.5625,0,4,6,10
T3,探索,20251108_08_12,14,0.7097373,1.5566714,1.5739851,8.059298,0,1,0.6428571428571429,1,7,7,8
T3,探索,20251109_03_01,16,0.82298136,1.9245256,1.4171499,7.2489767,1,2,0.5625,4,7,9,10
T3,探索,20251109_03_02,16,0.55725867,1.4689825,1.8919367,9.707603,1,3,0.5625,3,5,7,8
T3,探索,20251109_03_03,15,0.52357084,1.4696876,1.6862762,8.928954,0,2,0.6,3,5,9,9
T3,探索,20251109_03_04,10,0.64378697,1.4012924,1.4565434,7.974824,1,1,0.9,0,0,1,4
T3,探索,20251109_03_05,9,0.6719981,1.6340784,1.2156825,6.9369316,0,2,1.0,0,0,1,2
T3,探索,20251109_03_06,15,0.48516014,1.3272362,1.7652978,10.405522,1,1,0.6,0,4,7,8
T3,探索,20251109_03_07,16,0.46026874,1.0707128,1.7012831,10.64816,0,1,0.5625,2,6,7,8
T3,探索,20251109_03_08,16,0.32040647,0.88965285,1.7031937,12.014591,1,1,0.5625,0,7,8,9
T3,探索,20251109_03_09,16,0.722904,1.5841978,1.648096,8.615896,0,0,0.5625,1,7,8,9
T3,探索,20251109_03_10,15,0.6688438,1.2539632,1.6811541,9.048851,0,1,0.6,3,5,6,7
T3,探索,20251109_03_11,16,0.32040647,0.83325046,1.7501659,12.944859,1,1,0.5625,1,4,8,11
T3,探索,20251109_03_12,16,0.74675983,1.4300158,1.3635398,8.0552635,1,1,0.5625,0,8,11,12
T3,探索,20251109_05_01,16,0.46026874,1.2642244,1.5520409,9.246563,1,2,0.5625,4,7,9,10
T3,探索,20251109_05_02,8,0.74675983,1.9929764,0.5020712,4.353632,1,3,1.125,2,3,4,4
T3,探索,20251109_05_03,17,0.74675983,2.053167,1.3848956,7.1608634,1,1,0.5294117647058824,2,11,11,11
T3,探索,20251109_05_04,14,0.722904,1.6604201,1.6407547,8.209512,1,2,0.6428571428571429,0,5,6,8
T3,探索,20251109_05_06,15,0.67394614,1.3461556,1.8648425,10.03064,0,1,0.6,1,3,5,9
T3,探索,20251109_05_07,8,0.5032451,1.228425,0.8073017,5.829755,0,2,1.125,1,1,2,3
T3,探索,20251109_05_08,16,0.67394614,1.2771161,1.3360038,8.161761,1,1,0.5625,2,7,10,12
T3,探索,20251109_05_09,15,0.5110465,1.2481313,1.7043518,10.072756,0,1,0.6,0,5,7,9
T3,探索,20251109_05_10,12,0.8028659,1.4267408,1.3929144,6.9963536,1,2,0.75,1,4,4,4
T3,探索,20251109_05_11,18,0.735974,1.3249482,1.598628,8.715653,1,2,0.5,4,10,11,12
T3,探索,20251109_05_12,18,0.5865741,1.4805182,1.7676729,9.575095,0,1,0.5,5,8,10,11
T3,探索,20251109_08_01,16,0.74675983,1.7867554,1.8083813,8.296037,0,2,0.5625,4,6,9,9
T3,探索,20251109_08_02,8,0.80556726,2.012596,1.3728448,6.1386247,1,3,1.125,0,1,1,1
T3,探索,20251109_08_03,8,0.82298136,2.0536065,1.4729849,6.105282,1,1,1.125,0,1,1,1
T3,探索,20251109_08_04,16,0.6678107,1.4855466,1.8105555,9.874694,1,1,0.5625,0,4,10,10
T3,探索,20251109_08_05,8,0.74675983,1.8227726,1.215633,6.2813783,1,3,1.125,0,0,1,1
T3,探索,20251109_08_06,16,0.66177624,1.6678805,1.7124268,8.94849,1,1,0.5625,1,6,8,10
T3,探索,20251109_08_08,16,0.6646564,1.2113192,1.6955826,9.601136,1,1,0.5625,1,6,8,10
T3,探索,20251109_08_09,8,0.82298136,2.1475167,1.065961,5.386403,1,2,1.125,1,2,2,2
T3,探索,20251109_08_10,12,0.74675983,1.6584836,1.208319,7.0232706,0,1,0.75,0,3,6,6
T3,探索,20251109_08_11,14,0.6099047,1.4358028,1.4412271,8.621131,1,3,0.6428571428571429,1,3,7,8
T3,探索,20251109_08_12,17,0.7115462,1.4690516,1.9667581,9.742568,0,1,0.5294117647058824,2,6,8,8
T3,探索,20251115_03_01,15,0.7097373,1.8366106,1.2225639,6.969891,1,2,0.6,2,8,9,11
T3,探索,20251115_03_02,8,0.74675983,1.2596037,0.54847705,4.1974874,0,1,1.125,1,3,3,4
T3,探索,20251115_03_03,16,0.74675983,1.361419,1.5413477,8.539159,1,1,0.5625,1,6,10,11
T3,探索,20251115_03_04,16,0.6646564,1.5936831,1.8583903,9.710209,1,2,0.5625,2,5,8,9
T3,探索,20251115_03_05,16,0.46875802,1.0977492,1.9490619,11.642762,0,2,0.5625,0,5,7,8
T3,探索,20251115_03_06,16,0.6719981,1.2531493,1.8750224,9.959801,1,3,0.5625,1,4,7,8
T3,探索,20251115_03_07,16,0.29091024,0.815659,1.9696126,12.590506,0,1,0.5625,1,5,6,7
T3,探索,20251115_03_08,14,0.7205231,1.6702904,1.4169759,7.626513,0,1,0.6428571428571429,2,5,8,8
T3,探索,20251115_03_09,16,0.62088144,1.3216357,1.7174073,9.49368,1,2,0.5625,3,6,9,10
T3,探索,20251115_03_10,15,0.47692016,1.2721139,1.6185366,9.740549,0,0,0.6,2,5,7,9
T3,探索,20251115_03_11,16,0.6504629,1.4956387,1.4995856,8.461616,1,2,0.5625,3,6,11,11
T3,探索,20251115_03_12,16,0.6556917,1.1923451,1.601323,9.097737,0,0,0.5625,2,7,9,10
T3,探索,20251115_05_01,13,0.74675983,1.79076,1.2045404,6.4576874,1,1,0.6923076923076923,3,6,7,7
T3,探索,20251115_05_02,17,0.74675983,1.752028,1.6478225,8.466025,1,2,0.5294117647058824,3,8,10,10
T3,探索,20251115_05_03,14,0.74675983,1.6842759,1.0702515,6.3638587,1,2,0.6428571428571429,3,7,9,9
T3,探索,20251115_05_04,13,0.74675983,2.0242612,1.4477547,6.798319,0,1,0.6923076923076923,1,5,8,9
T3,探索,20251115_05_05,10,0.74675983,1.8431274,1.2754403,6.4999347,1,3,0.9,0,2,4,4
T3,探索,20251115_05_06,14,0.67394614,1.4142334,1.7575138,9.192329,1,2,0.6428571428571429,0,4,4,6
T3,探索,20251115_05_07,16,0.67394614,1.6752915,1.5218619,8.088907,1,3,0.5625,3,8,9,9
T3,探索,20251115_05_09,16,0.67632705,1.4579095,1.3504523,8.078689,1,2,0.5625,2,7,10,11
T3,探索,20251115_05_10,18,0.46875802,1.1124574,1.8437314,11.306529,1,2,0.5,2,8,10,11
T3,探索,20251115_05_11,16,0.65884596,1.4073794,1.6751854,9.288948,1,3,0.5625,3,5,8,9
T3,探索,20251115_05_12,13,0.74675983,1.6369185,1.8377371,8.366666,1,1,0.6923076923076923,1,4,4,5
T3,探索,20251115_08_01,11,0.6556917,1.9099194,1.7688107,7.094499,1,2,0.8181818181818182,2,4,4,4
T3,探索,20251115_08_02,11,0.82586735,1.8211831,1.221886,6.4047923,1,2,0.8181818181818182,0,3,3,5
T3,探索,20251115_08_03,10,0.67394614,1.8109784,1.3084931,6.646066,1,2,0.9,0,2,4,5
T3,探索,20251115_08_04,12,0.7944562,2.2533343,1.1657008,5.794943,1,2,0.75,3,6,6,7
T3,探索,20251115_08_05,18,0.46875802,1.2391366,2.139897,12.473125,1,2,0.5,0,6,10,12
T3,探索,20251115_08_06,16,0.46026874,1.3681114,1.9840611,11.175629,1,1,0.5625,0,5,8,9
T3,探索,20251115_08_07,16,0.74675983,1.9704398,1.555846,7.640372,1,3,0.5625,2,7,8,10
T3,探索,20251115_08_09,15,0.7097373,1.5147748,1.5446168,8.297935,1,1,0.6,1,6,8,8
T3,探索,20251115_08_10,16,0.43234423,0.95444745,1.7065576,12.076977,0,1,0.5625,0,3,10,12
T3,探索,20251115_08_11,8,0.7121182,1.8280786,1.5927484,6.833735,1,2,1.125,0,0,0,0
T3,探索,20251115_08_12,18,0.47735873,1.1003621,1.8070097,11.865459,1,2,0.5,3,7,10,12
T3,探索,20251116_03_01,16,0.8118703,1.471351,1.4100459,7.7024612,1,2,0.5625,1,7,10,12
T3,探索,20251116_03_02,15,0.48354653,1.2566396,1.5983943,9.820615,1,3,0.6,2,4,7,8
T3,探索,20251116_03_03,15,0.47692016,1.3249457,1.6817452,9.865497,0,0,0.6,3,5,7,8
T3,探索,20251116_03_04,9,0.7097373,1.7604065,1.0833198,6.08649,1,2,1.0,0,2,3,3
T3,探索,20251116_03_05,10,0.4188658,1.0066254,1.1860305,8.443826,0,1,0.9,0,1,3,6
T3,探索,20251116_03_06,8,0.44757393,0.84048396,0.5324148,5.595022,1,3,1.125,0,3,5,6
T3,探索,20251116_03_07,16,0.67394614,1.4295442,1.672762,9.227024,1,1,0.5625,2,6,9,10
T3,探索,20251116_03_08,8,0.4214007,0.81587756,0.6669775,6.314277,1,2,1.125,0,1,4,6
T3,探索,20251116_03_09,16,0.6504629,1.2692397,1.8708004,10.436726,1,1,0.5625,0,5,7,11
T3,探索,20251116_03_10,16,0.6504629,1.4185201,1.8067784,9.378802,1,1,0.5625,3,6,7,8
T3,探索,20251116_03_11,8,0.46875802,0.981602,0.42912367,5.035573,1,3,1.125,1,3,5,5
T3,探索,20251116_03_12,16,0.38973594,1.0918379,1.5823524,10.452658,0,0,0.5625,3,6,10,10
T3,探索,20251116_05_01,15,0.74675983,2.0311484,1.5452523,7.243885,0,2,0.6,3,7,8,9
T3,探索,20251116_05_02,18,0.74675983,2.1439826,1.6202404,7.238251,0,2,0.5,5,11,11,12
T3,探索,20251116_05_03,18,0.74675983,1.655411,1.487231,7.8556533,1,3,0.5,4,11,13,13
T3,探索,20251116_05_04,16,0.47692016,1.1935438,1.8986269,11.5616455,1,2,0.5625,0,5,7,9
T3,探索,20251116_05_05,8,0.6327862,1.1768036,0.6362021,5.139899,1,2,1.125,0,1,3,5
T3,探索,20251116_05_06,16,0.6719981,1.3886888,1.5260599,8.78282,1,3,0.5625,2,5,9,11
T3,探索,20251116_05_07,16,0.48342666,1.4209427,1.550943,9.680881,1,2,0.5625,1,4,10,11
T3,探索,20251116_05_08,13,0.6719981,1.5384378,1.8077862,8.507802,0,1,0.6923076923076923,1,4,5,5
T3,探索,20251116_05_09,14,0.67394614,2.003584,1.3303171,6.914444,1,2,0.6428571428571429,1,6,8,9
T3,探索,20251116_05_10,11,0.46026874,1.0606885,1.4051297,8.605379,1,1,0.8181818181818182,1,3,3,3
T3,探索,20251116_05_11,8,0.3128244,0.9132441,0.63186705,6.239315,0,1,1.125,0,3,4,4
T3,探索,20251116_05_12,13,0.67394614,1.7777654,1.4970036,7.58899,0,2,0.6923076923076923,2,5,6,6
T3,探索,20251116_08_01,14,0.735974,1.8130664,1.6231725,7.575463,0,1,0.6428571428571429,2,6,8,8
T3,探索,20251116_08_02,15,0.48516014,1.2667426,1.516443,9.597436,1,2,0.6,2,5,8,9
T3,探索,20251116_08_03,15,0.8280502,1.9003047,1.4205223,7.018287,1,2,0.6,5,6,8,9
T3,探索,20251116_08_04,11,0.74675983,1.707439,1.6802872,8.004816,1,2,0.8181818181818182,0,0,4,4
T3,探索,20251116_08_05,9,0.6719981,1.7964478,1.3184313,6.747695,0,2,1.0,0,0,2,3
T3,探索,20251116_08_06,16,0.6678107,1.7489609,1.6828195,8.513956,1,2,0.5625,2,7,8,9
T3,探索,20251116_08_07,16,0.8118703,1.7614491,1.7375184,8.082181,1,1,0.5625,4,7,7,8
T3,探索,20251116_08_08,15,0.7097373,1.6972653,1.6327902,8.078984,0,0,0.6,1,6,10,10
T3,探索,20251116_08_09,8,0.82298136,2.2417393,1.3416064,6.138479,0,1,1.125,0,0,1,1
T3,探索,20251116_08_10,14,0.65827394,1.6207927,1.7496465,8.805318,1,2,0.6428571428571429,2,4,6,6
T3,探索,20251116_08_11,16,0.47692016,1.0934641,1.8375332,11.916979,1,1,0.5625,0,5,9,10
T3,探索,20251116_08_12,12,0.48342666,1.3785745,1.7154928,8.157534,1,2,0.75,2,4,4,5
T3,探索,20251122_03_01,14,0.6556917,1.5932077,1.4707121,7.4076757,1,1,0.6428571428571429,1,8,8,9
T3,探索,20251122_03_02,16,0.74675983,1.6323218,1.6062342,8.538538,0,1,0.5625,1,6,8,11
T3,探索,20251122_03_03,15,0.81101775,2.0531309,1.4401131,6.775808,1,2,0.6,4,9,9,9
T3,探索,20251122_03_04,14,0.6678107,1.3929906,1.5277506,8.4454775,0,1,0.6428571428571429,1,4,6,8
T3,探索,20251122_03_05,14,0.46843085,1.2386311,1.4936867,9.617429,1,2,0.6428571428571429,1,5,6,8
T3,探索,20251122_03_06,15,0.67394614,1.5488751,1.3724687,7.6850677,1,2,0.6,3,8,8,9
T3,探索,20251122_03_07,16,0.70778924,1.4895047,1.9150312,9.727267,0,1,0.5625,2,5,6,10
T3,探索,20251122_03_08,16,0.47735873,1.146743,1.5693933,10.0022955,1,3,0.5625,1,7,9,9
T3,探索,20251122_03_09,8,0.6719981,1.570104,1.2044691,6.4671674,0,1,1.125,0,0,1,2
T3,探索,20251122_03_10,16,0.74675983,1.3264747,1.4627951,7.9522586,1,2,0.5625,3,7,8,10
T3,探索,20251122_03_11,16,0.6646564,1.2339027,1.8683589,10.044522,1,2,0.5625,2,4,7,8
T3,探索,20251122_03_12,16,0.5110465,1.1275733,1.7180734,10.715495,0,0,0.5625,1,7,8,9
T3,探索,20251122_08_01,14,0.6556917,1.6882308,1.5113921,7.611251,1,3,0.6428571428571429,2,7,7,8
T3,探索,20251122_08_02,15,0.9091749,1.5979412,1.5076686,7.1726227,1,2,0.6,2,6,6,8
T3,探索,20251122_08_03,15,0.74675983,2.0481474,1.9096862,7.856118,0,1,0.6,3,6,7,8
T3,探索,20251122_08_04,11,0.74675983,1.927636,1.6615878,7.110663,0,2,0.8181818181818182,2,3,3,3
T3,探索,20251122_08_05,17,0.6646564,1.3990957,2.130839,11.194278,0,2,0.5294117647058824,1,3,8,10
T3,探索,20251122_08_06,16,0.6327862,1.5491182,1.964226,10.061204,0,1,0.5625,1,5,7,9
T3,探索,20251122_08_07,16,0.67394614,1.399126,1.8048251,9.454463,1,1,0.5625,2,5,7,9
T3,探索,20251122_08_08,16,0.49166667,1.4356892,1.6263617,9.029715,0,1,0.5625,3,8,10,10
T3,探索,20251122_08_09,9,0.6678107,1.5513116,1.2245932,6.8311725,1,3,1.0,0,1,2,3
T3,探索,20251122_08_10,16,0.735974,1.4141942,1.6898334,8.983311,1,2,0.5625,2,5,9,10
T3,探索,20251122_08_11,16,0.5916502,1.2109218,1.6261222,9.561135,0,1,0.5625,2,6,8,9
T3,探索,20251122_08_12,15,0.67394614,1.7129034,1.6418738,8.280525,1,2,0.6,1,6,8,9
T3,探索,20251123_05_01,16,0.722904,1.469824,1.5466619,8.444293,0,0,0.5625,3,6,7,10
T3,探索,20251123_05_02,18,0.46875802,1.2047323,1.7835332,10.586743,0,1,0.5,4,7,11,11
T3,探索,20251123_05_03,17,0.8197103,2.0833585,1.722395,7.4196625,1,2,0.5294117647058824,3,9,11,11
T3,探索,20251123_05_04,15,0.46875802,1.0612848,1.8581042,11.384873,1,1,0.6,0,4,6,7
T3,探索,20251123_05_05,11,0.5916502,1.3732326,1.5293548,8.307262,0,2,0.8181818181818182,0,2,3,4
T3,探索,20251123_05_06,16,0.6678107,1.6363267,1.6033283,8.066084,0,0,0.5625,4,7,7,8
T3,探索,20251123_05_07,16,0.52605826,1.0953047,1.5613636,9.945668,1,1,0.5625,2,5,9,10
T3,探索,20251123_05_08,16,0.52106106,1.2800599,1.5458295,9.444256,0,1,0.5625,3,6,9,11
T3,探索,20251123_05_09,8,0.47735873,1.2398417,1.0890855,6.972275,0,1,1.125,0,0,1,2
T3,探索,20251123_05_10,17,0.46875802,1.3272519,1.584005,9.82221,1,2,0.5294117647058824,4,7,10,13
T3,探索,20251123_05_11,16,0.5028065,1.2279866,1.5563139,9.766404,1,2,0.5625,0,6,10,10
T3,探索,20251123_05_12,18,0.4043292,1.0189598,1.8765101,12.216128,0,1,0.5,1,8,10,11
T3,探索,20251123_08_01,14,0.8081983,2.1942625,1.9636167,8.017764,1,2,0.6428571428571429,3,4,4,6
T3,探索,20251123_08_02,13,0.6099047,1.3170365,1.2653688,8.157603,1,1,0.6923076923076923,0,4,6,9
T3,探索,20251123_08_03,16,0.79954594,2.174763,1.8025514,7.4237456,0,2,0.5625,3,8,8,10
T3,探索,20251123_08_05,9,0.6711052,1.6086212,1.5224756,7.5074825,1,2,1.0,0,0,1,1
T3,探索,20251123_08_06,16,0.44757393,1.0476828,2.089902,12.213251,0,0,0.5625,1,4,5,8
T3,探索,20251123_08_07,18,0.52605826,1.2258143,1.8609611,11.041482,1,2,0.5,2,7,11,11
T3,探索,20251123_08_08,14,0.67394614,1.7861764,1.4092624,7.5458508,1,1,0.6428571428571429,3,4,7,9
T3,探索,20251123_08_09,8,0.74675983,1.6993831,1.2674975,5.9119706,1,2,1.125,0,1,2,3
T3,探索,20251123_08_10,16,0.46875802,1.28965,1.7433966,10.53628,0,1,0.5625,2,6,8,9
T3,探索,20251123_08_11,18,0.48386526,1.2633543,1.8674545,11.568855,1,1,0.5,1,8,11,13
T3,探索,20251123_08_12,16,0.735974,1.4882498,1.9509563,9.519604,0,2,0.5625,3,4,6,9
T3,探索,20251124_03_01,16,0.735974,2.1220384,1.5176364,7.4292145,1,2,0.5625,3,7,9,10
T3,探索,20251124_03_02,8,0.47692016,1.2648233,0.62115043,5.498238,0,1,1.125,0,3,4,4
T3,探索,20251124_03_03,15,0.6556917,1.6172795,1.3255714,7.829616,1,2,0.6,2,7,9,10
T3,探索,20251124_03_04,14,0.67394614,1.3920631,1.5322986,8.516693,1,2,0.6428571428571429,0,5,7,9
T3,探索,20251124_03_05,16,0.5916502,1.3260895,1.8017617,10.366168,0,1,0.5625,0,5,8,9
T3,探索,20251124_03_06,16,0.5454381,1.3668818,2.0441103,10.813005,0,0,0.5625,1,4,8,9
T3,探索,20251124_03_07,16,0.6556917,1.3046209,1.6667088,9.233184,1,1,0.5625,2,5,9,9
T3,探索,20251124_03_08,16,0.74675983,1.6131996,1.4894657,8.060011,1,1,0.5625,1,8,9,9
T3,探索,20251124_03_09,16,0.46875802,1.0499091,1.9071704,11.589966,0,2,0.5625,1,5,8,8
T3,探索,20251124_03_10,16,0.37089336,0.8837373,1.7736533,12.289364,0,0,0.5625,1,5,8,10
T3,探索,20251124_03_11,14,0.406171,1.00628,1.635512,10.398389,0,0,0.6428571428571429,3,4,5,6
T3,探索,20251124_03_12,16,0.46875802,1.0380044,1.5750712,10.552281,1,1,0.5625,1,6,8,10
T3,探索,20251124_05_01,15,0.999999,2.4564962,1.1099542,5.4897585,1,2,0.6,5,9,10,10
T3,探索,20251124_05_02,18,0.74675983,1.8647062,2.250709,8.853351,0,2,0.5,6,9,10,10
T3,探索,20251124_05_03,8,0.6385582,1.675028,0.66150653,5.174878,1,3,1.125,0,2,3,4
T3,探索,20251124_05_04,14,0.9870092,2.168144,1.1887381,5.7184343,1,3,0.6428571428571429,2,5,8,10
T3,探索,20251124_05_05,16,0.74675983,1.9123727,1.6048428,7.64417,0,2,0.5625,3,8,9,9
T3,探索,20251124_05_06,13,0.67394614,1.507533,1.5922767,8.519789,1,2,0.6923076923076923,0,4,4,5
T3,探索,20251124_05_07,14,0.7121182,1.4140421,1.7520261,8.925751,1,1,0.6428571428571429,0,4,5,7
T3,探索,20251124_05_08,14,0.48472157,1.2980845,1.5825582,9.641153,1,3,0.6428571428571429,0,5,6,7
T3,探索,20251124_05_09,12,0.8362193,1.861175,1.3926297,6.68149,1,2,0.75,2,4,4,5
T3,探索,20251124_05_10,16,0.82298136,1.8202205,1.4773378,7.292282,1,2,0.5625,3,7,10,11
T3,探索,20251124_05_11,12,0.74675983,1.9362367,1.933457,7.959204,1,1,0.75,1,2,4,5
T3,探索,20251124_05_12,18,0.735974,1.9604104,1.7625062,8.397028,1,2,0.5,4,8,10,11
T3,探索,20251129_05_01,13,0.74675983,1.6757866,1.641432,8.19131,1,1,0.6923076923076923,1,2,6,6
T3,探索,20251129_05_02,18,0.7097373,1.6087662,2.1302793,9.479156,1,2,0.5,6,8,9,10
T3,探索,20251129_05_03,8,0.47735873,1.08231,0.55860543,5.2842894,0,1,1.125,1,3,4,4
T3,探索,20251129_05_04,16,0.65884596,1.596362,1.9383496,10.039297,1,1,0.5625,0,5,7,8
T3,探索,20251129_05_05,13,0.735974,1.4402193,1.6431929,8.296495,1,1,0.6923076923076923,0,4,5,6
T3,探索,20251129_05_06,16,0.6646564,1.7662007,1.9647262,8.345773,1,1,0.5625,4,8,8,9
T3,探索,20251129_05_07,8,0.74675983,1.3790659,0.93069917,5.543911,1,2,1.125,0,1,1,3
T3,探索,20251129_05_08,16,0.5916502,1.2688193,1.6362569,9.723282,1,3,0.5625,0,6,8,11
T3,探索,20251129_05_09,12,0.47735873,1.4316376,1.7676915,9.077787,0,2,0.75,0,2,3,5
T3,探索,20251129_05_10,16,0.67394614,1.7004378,1.4686459,7.943718,1,1,0.5625,2,7,9,11
T3,探索,20251129_05_11,18,0.6327862,1.6131226,1.9272084,10.28746,1,2,0.5,3,6,10,10
T3,探索,20251129_05_12,9,0.82586735,2.1272507,1.1547711,5.669965,1,1,1.0,1,3,3,3
T3,探索,20251129_08_01,14,0.6719981,1.616132,1.7748883,7.978576,1,1,0.6428571428571429,3,6,7,7
T3,探索,20251129_08_02,11,0.735974,1.8341259,1.4437778,6.6103077,1,2,0.8181818181818182,0,4,5,6
T3,探索,20251129_08_03,14,0.7121182,1.6496342,1.6907349,8.710441,1,2,0.6428571428571429,2,3,4,7
T3,探索,20251129_08_04,9,0.5677118,1.4787275,1.4391209,7.4819527,0,2,1.0,0,0,1,3
T3,探索,20251129_08_05,12,0.7121182,1.4937006,1.4582626,7.8979907,0,1,0.75,0,2,4,6
T3,探索,20251129_08_06,12,0.56138206,1.5046724,1.6780441,9.04021,1,2,0.75,0,1,4,5
T3,探索,20251129_08_07,18,0.4214007,1.1309721,2.1968477,12.725838,0,2,0.5,2,5,8,10
T3,探索,20251129_08_08,16,0.67394614,1.6196542,1.4180496,8.072641,1,1,0.5625,1,9,10,10
T3,探索,20251129_08_09,13,0.67394614,1.4703196,1.4355289,7.789172,1,2,0.6923076923076923,1,4,6,6
T3,探索,20251129_08_10,8,0.67394614,1.2664728,0.84822035,5.5950212,1,1,1.125,0,2,2,3
T3,探索,20251129_08_11,11,0.6328146,1.4225591,1.674084,8.6104765,0,0,0.8181818181818182,0,1,2,3
T3,探索,20251129_08_12,16,0.74675983,1.7423956,1.4379975,7.51737,1,1,0.5625,1,10,10,10
T3,探索,20251130_05_01,16,0.6646564,1.762458,1.8348234,8.598519,1,2,0.5625,2,6,9,10
T3,探索,20251130_05_02,13,0.9456665,2.1526952,1.0413414,5.527828,1,3,0.6923076923076923,3,6,7,8
T3,探索,20251130_05_03,16,0.74675983,1.9167659,1.4680011,7.37552,1,1,0.5625,4,7,8,9
T3,探索,20251130_05_04,13,0.82586735,1.7738553,1.2245797,6.254211,1,3,0.6923076923076923,1,7,7,7
T3,探索,20251130_05_05,16,0.48516014,1.1340894,1.9333293,11.970165,0,1,0.5625,0,3,7,11
T3,探索,20251130_05_06,12,0.67394614,1.8125043,1.7737696,8.115061,1,1,0.75,0,1,3,7
T3,探索,20251130_05_07,8,0.735974,1.3652893,0.67019415,4.704813,0,2,1.125,0,3,3,3
T3,探索,20251130_05_09,9,0.74675983,2.205638,1.2291002,5.7775035,0,2,1.0,0,2,3,4
T3,探索,20251130_05_10,16,0.70778924,1.5449692,1.8872826,9.621812,0,0,0.5625,1,6,7,9
T3,探索,20251130_05_11,15,0.6504629,1.7291256,1.7878915,8.619895,1,2,0.6,3,5,7,9
T3,探索,20251130_05_12,16,0.74675983,1.594832,1.9454591,9.325094,1,2,0.5625,1,4,6,9
T3,探索,20251130_08_01,16,0.722904,1.6941237,1.550921,8.100708,1,2,0.5625,2,7,9,11
T3,探索,20251130_08_02,13,0.92353344,2.0507667,1.0849512,5.6549664,1,2,0.6923076923076923,2,6,8,8
T3,探索,20251130_08_03,13,0.47692016,1.1505034,1.6684033,10.02105,1,2,0.6923076923076923,0,2,5,6
T3,探索,20251130_08_04,16,0.47735873,1.3675175,1.5827464,9.087234,1,2,0.5625,3,7,9,9
T3,探索,20251130_08_05,8,0.67632705,1.7630798,1.3496339,6.733222,1,2,1.125,0,0,0,0
T3,探索,20251130_08_06,8,0.55259037,1.384198,1.2019694,6.677988,1,1,1.125,0,1,1,1
T3,探索,20251130_08_07,16,0.67394614,1.7343544,1.8310422,8.342716,1,1,0.5625,3,8,9,10
T3,探索,20251130_08_08,8,0.6719981,1.9875689,0.9854115,5.5980377,0,1,1.125,0,1,2,3
T3,探索,20251130_08_09,11,0.6099047,1.4934344,1.3467824,7.6217117,0,2,0.8181818181818182,0,3,4,6
T3,探索,20251130_08_10,16,0.6678107,1.5621749,1.6052896,8.78712,0,1,0.5625,2,6,8,10
T3,探索,20251130_08_11,16,0.67394614,1.762504,1.652391,8.403047,0,1,0.5625,2,7,9,10
T3,探索,20251130_08_12,17,0.37331805,0.886162,1.9932487,13.268358,0,1,0.5294117647058824,1,4,7,11
W1,確認,20260704_02_01,9,0.70240545,1.7265847,1.0196521,5.773056,1,1,1.0,2,2,3,3
W1,確認,20260704_02_02,16,0.55281687,1.3962691,1.7218453,9.710415,1,2,0.5625,3,4,9,10
W1,確認,20260704_02_03,11,0.55281687,1.6583228,1.3971939,7.189056,0,1,0.8181818181818182,2,2,5,6
W1,確認,20260704_02_04,16,0.55281687,1.5280768,1.48328,8.856801,0,0,0.5625,3,6,8,10
W1,確認,20260704_02_06,13,0.61717856,1.4940816,1.5154043,7.950199,1,2,0.6923076923076923,3,5,6,6
W1,確認,20260704_02_07,10,0.7318511,1.8152888,1.0578196,6.261807,1,1,0.9,1,2,3,5
W1,確認,20260704_02_09,9,0.55281687,1.5589958,1.3627036,6.518371,1,1,1.0,2,2,3,3
W1,確認,20260704_02_10,14,0.55281687,1.3366687,1.7997553,9.671165,0,1,0.6428571428571429,3,3,4,5
W1,確認,20260704_02_11,16,0.45336214,0.9978035,1.7384148,11.690879,0,1,0.5625,2,5,7,8
W1,確認,20260704_03_01,8,0.83025694,1.8009764,1.0766585,5.548555,1,2,1.125,0,2,2,2
W1,確認,20260704_03_02,16,0.6649788,1.6488339,1.717646,8.566778,0,1,0.5625,6,6,8,9
W1,確認,20260704_03_03,15,0.8412698,2.0840943,1.0521872,5.926219,1,2,0.6,6,7,10,11
W1,確認,20260704_03_04,16,0.7318511,1.4030867,1.7850235,9.038346,1,2,0.5625,4,6,7,9
W1,確認,20260704_03_05,14,0.5109734,1.2675188,2.0772216,11.495947,1,2,0.6428571428571429,0,0,4,5
W1,確認,20260704_03_06,15,0.45336214,1.3600864,1.8447381,10.477493,0,1,0.6,1,3,6,9
W1,確認,20260704_03_07,16,0.5591232,1.6086617,1.6887839,8.589806,1,2,0.5625,4,6,10,11
W1,確認,20260704_03_08,15,0.55281687,1.1081932,1.7051802,9.927489,0,2,0.6,3,5,5,5
W1,確認,20260704_03_09,10,0.7318511,1.7117611,1.3022916,6.827923,0,1,0.9,0,2,3,3
W1,確認,20260704_03_10,10,0.5109734,1.257589,1.2637292,7.888504,0,1,0.9,0,0,3,3
W1,確認,20260704_03_11,10,0.6849756,1.4579785,1.2657752,7.094034,1,2,0.9,0,1,3,3
W1,確認,20260704_03_12,16,0.6234849,1.534107,1.8006339,9.651269,0,0,0.5625,3,5,7,8
W1,確認,20260704_10_02,18,0.53049296,1.3072956,1.7174019,10.313155,0,0,0.5,2,8,10,12
W1,確認,20260704_10_03,16,0.7318511,1.722507,1.3689098,7.0913577,1,2,0.5625,4,8,9,11
W1,確認,20260704_10_04,16,0.70190686,1.5981394,1.5201168,8.505145,1,1,0.5625,4,6,8,10
W1,確認,20260704_10_05,13,0.53049296,1.3706932,1.9061475,10.251062,0,2,0.6923076923076923,1,1,3,5
W1,確認,20260704_10_06,16,0.6404161,1.6725471,2.0456553,8.954716,1,1,0.5625,4,6,8,9
W1,確認,20260704_10_07,16,0.71096444,1.9281337,1.6844001,7.825047,0,1,0.5625,6,7,8,8
W1,確認,20260704_10_08,13,0.53062075,1.2830292,1.7603359,9.6626625,1,2,0.6923076923076923,2,2,3,5
W1,確認,20260704_10_09,12,0.53062075,1.370821,1.5718856,8.619551,1,1,0.75,1,3,4,5
W1,確認,20260704_10_10,12,0.70240545,1.4485712,1.8529229,9.128451,0,2,0.75,1,1,1,2
W1,確認,20260704_10_11,14,0.7318511,1.5636724,1.5089993,7.9784393,1,2,0.6428571428571429,2,5,6,7
W1,確認,20260704_10_12,12,0.53062075,1.3932056,1.5385125,8.347438,1,1,0.75,2,3,4,6
W1,確認,20260705_02_01,9,0.70240545,1.5951573,1.1589178,6.344177,0,1,1.0,1,1,3,3
W1,確認,20260705_02_02,12,0.70240545,1.7085844,1.2259389,7.1105886,1,3,0.75,1,2,5,6
W1,確認,20260705_02_03,14,0.71096444,1.6108268,1.1813868,6.914814,1,2,0.6428571428571429,6,6,8,8
W1,確認,20260705_02_04,16,0.48372617,1.4151725,2.1585588,9.929688,0,1,0.5625,5,5,6,7
W1,確認,20260705_02_06,16,0.7318511,1.8205961,1.6472945,7.7634544,1,2,0.5625,5,6,9,9
W1,確認,20260705_02_07,9,0.71096444,1.8733647,1.1086267,5.6976852,0,1,1.0,2,2,4,4
W1,確認,20260705_02_08,8,0.53062075,1.4427942,1.2572527,6.6332083,0,2,1.125,0,0,2,3
W1,確認,20260705_02_09,16,0.70190686,1.4945855,1.8818583,9.719477,1,2,0.5625,3,4,6,8
W1,確認,20260705_02_10,11,0.55281687,1.3994448,1.5066363,8.352297,1,2,0.8181818181818182,0,2,3,3
W1,確認,20260705_02_11,11,0.71096444,1.5750116,1.437367,7.5943074,0,1,0.8181818181818182,0,1,3,5
W1,確認,20260705_02_12,10,0.7318511,1.5548862,1.1733516,6.3479466,1,2,0.9,2,3,3,4
W1,確認,20260705_03_01,15,0.45336214,1.196583,1.2245898,8.343967,1,1,0.6,4,7,8,9
W1,確認,20260705_03_02,15,0.6001186,1.6126039,1.6382803,8.72729,1,2,0.6,3,5,8,9
W1,確認,20260705_03_03,16,0.70190686,1.8075407,1.4707792,7.850692,1,2,0.5625,5,7,8,10
W1,確認,20260705_03_04,16,0.7318511,1.8829142,1.7669108,8.054441,1,1,0.5625,5,7,7,7
W1,確認,20260705_03_05,15,0.481982,1.4128215,2.2000656,11.472054,0,1,0.6,0,2,4,7
W1,確認,20260705_03_06,13,0.5109734,1.4046922,1.7073355,10.014385,0,0,0.6923076923076923,0,1,3,7
W1,確認,20260705_03_07,15,0.47747746,1.3209296,1.568515,9.1589155,0,2,0.6,4,6,7,9
W1,確認,20260705_03_08,12,0.7318511,1.7380301,1.3572015,6.9035497,1,2,0.75,1,4,5,7
W1,確認,20260705_03_09,16,0.53062075,1.4297887,1.7676011,10.282511,1,1,0.5625,2,4,7,9
W1,確認,20260705_03_10,12,0.7318511,1.286293,1.3426586,7.3650866,1,1,0.75,1,3,4,6
W1,確認,20260705_03_11,15,0.38683805,1.0049953,1.5537151,10.959649,1,1,0.6,3,3,7,10
W1,確認,20260705_03_12,15,0.55281687,1.2150979,1.4879268,9.324274,0,0,0.6,3,3,8,11
W1,確認,20260705_10_02,16,0.55281687,1.5210503,1.528524,8.742259,0,1,0.5625,3,7,8,10
W1,確認,20260705_10_03,17,0.55281687,1.3716468,1.4837321,9.205554,0,0,0.5294117647058824,5,8,11,11
W1,確認,20260705_10_04,14,0.49699697,1.3849007,1.9970548,10.133092,1,1,0.6428571428571429,0,3,5,7
W1,確認,20260705_10_05,12,0.70240545,1.4449462,1.9391707,9.416482,0,0,0.75,0,0,0,3
W1,確認,20260705_10_06,11,0.481982,1.2130322,1.5611386,9.000501,0,2,0.8181818181818182,0,1,2,2
W1,確認,20260705_10_07,16,0.71096444,1.6069851,1.4790958,8.530966,0,2,0.5625,2,4,11,12
W1,確認,20260705_10_08,10,0.7318511,1.7619977,1.5038729,7.125552,1,1,0.9,1,1,2,3
W1,確認,20260705_10_10,16,0.41897622,1.2413061,1.7068902,10.127073,0,1,0.5625,2,5,9,10
W1,確認,20260705_10_11,13,0.70240545,1.5640296,1.4921478,8.06544,0,1,0.6923076923076923,2,3,3,6
W1,確認,20260705_10_12,16,0.71096444,1.506021,1.5493922,8.289931,1,1,0.5625,5,7,8,8
W1,確認,20260711_02_01,10,0.7318511,1.7582476,1.0502545,5.8600287,1,3,0.9,2,3,5,5
W1,確認,20260711_02_02,13,0.501638,1.4480429,1.6640536,8.380935,1,2,0.6923076923076923,3,4,4,6
W1,確認,20260711_02_03,16,0.55281687,1.5327178,1.8864108,9.5784025,0,1,0.5625,3,5,8,10
W1,確認,20260711_02_04,14,0.71096444,1.5771973,1.7431433,8.428323,1,1,0.6428571428571429,2,4,6,6
W1,確認,20260711_02_05,11,0.53049296,1.447824,1.6723208,9.008224,0,1,0.8181818181818182,0,0,1,2
W1,確認,20260711_02_06,10,0.55281687,1.4335301,1.2004247,6.6691437,0,1,0.9,1,3,5,5
W1,確認,20260711_02_07,14,0.53062075,1.4613127,2.0947552,9.056243,1,1,0.6428571428571429,3,5,5,6
W1,確認,20260711_02_08,12,0.5109734,1.276486,1.4568989,8.634095,0,1,0.75,1,3,4,6
W1,確認,20260711_02_09,10,0.71096444,1.7217957,1.5210134,7.1058984,0,1,0.9,1,2,3,3
W1,確認,20260711_02_10,14,0.55281687,1.4364002,2.0815551,10.3889675,1,2,0.6428571428571429,2,2,3,5
W1,確認,20260711_02_11,13,0.5109734,1.221376,1.6419659,9.799291,0,1,0.6923076923076923,1,2,3,4
W1,確認,20260711_02_12,8,0.7075734,1.8857431,1.0949903,6.1033545,1,2,1.125,0,0,1,1
W1,確認,20260711_03_02,15,0.5526891,1.45106,1.3780357,8.114558,0,2,0.6,4,7,8,10
W1,確認,20260711_03_03,14,0.7318511,1.5623561,1.5818983,8.054632,1,2,0.6428571428571429,3,4,6,6
W1,確認,20260711_03_04,15,0.71096444,1.7327088,1.449263,7.2903733,1,3,0.6,5,6,8,10
W1,確認,20260711_03_05,11,0.55281687,1.3545059,1.5032628,8.649945,1,2,0.8181818181818182,0,0,3,5
W1,確認,20260711_03_06,16,0.70240545,1.747567,1.5392178,7.7242355,0,0,0.5625,5,7,9,10
W1,確認,20260711_03_07,11,0.71096444,1.8064059,1.4416959,7.0281525,1,2,0.8181818181818182,2,3,3,4
W1,確認,20260711_03_08,16,0.70240545,1.6155874,1.9245661,9.451614,0,2,0.5625,3,5,6,8
W1,確認,20260711_03_09,15,0.53049296,1.3872087,1.6339848,9.515434,0,1,0.6,0,5,7,8
W1,確認,20260711_03_10,9,0.6234849,1.7775905,1.2685641,6.9085197,0,1,1.0,0,0,1,3
W1,確認,20260711_03_11,9,0.42222825,1.2601807,1.30814,7.4967732,0,0,1.0,0,1,2,2
W1,確認,20260711_03_12,15,0.5109734,1.2241534,1.7358276,10.428343,1,2,0.6,1,3,6,10
W1,確認,20260711_10_01,12,0.71096444,1.5699782,1.4486908,7.6334143,1,2,0.75,2,3,4,4
W1,確認,20260711_10_02,16,0.70240545,1.5400317,1.7273196,8.79454,1,2,0.5625,5,6,8,8
W1,確認,20260711_10_03,18,0.45336214,1.3078301,1.535565,9.955209,0,0,0.5,4,9,10,11
W1,確認,20260711_10_04,16,0.7318511,1.535627,1.4806489,8.069902,1,1,0.5625,3,5,10,11
W1,確認,20260711_10_05,12,0.45336214,1.1630813,1.722603,10.234693,1,2,0.75,0,0,3,5
W1,確認,20260711_10_06,18,0.7318511,1.4964777,1.8508184,9.568056,1,2,0.5,5,7,9,9
W1,確認,20260711_10_07,12,0.5749859,1.5409707,1.7315193,8.920217,1,2,0.75,0,1,4,4
W1,確認,20260711_10_08,11,0.66448027,1.2348791,1.3203987,7.431159,0,1,0.8181818181818182,2,2,3,3
W1,確認,20260711_10_09,11,0.7318511,1.6822102,1.5402653,7.666397,0,1,0.8181818181818182,1,2,2,3
W1,確認,20260711_10_10,18,0.45336214,1.0681597,2.0243628,12.715503,0,1,0.5,3,5,9,12
W1,確認,20260711_10_11,11,0.53049296,1.3943753,1.7155209,8.9255085,0,1,0.8181818181818182,1,1,2,3
W1,確認,20260711_10_12,16,0.70190686,1.510088,1.7890927,9.020479,0,1,0.5625,3,5,7,8
W1,確認,20260712_02_01,12,0.70240545,1.7198392,1.1801358,6.796548,1,2,0.75,1,5,5,6
W1,確認,20260712_02_02,13,0.63996536,1.451587,1.2128799,7.3852563,1,1,0.6923076923076923,1,4,7,8
W1,確認,20260712_02_03,14,0.70190686,1.3035299,1.5750908,8.527131,1,2,0.6428571428571429,2,3,5,8
W1,確認,20260712_02_04,16,0.55281687,1.1778976,1.4656485,9.200693,0,1,0.5625,4,7,9,9
W1,確認,20260712_02_05,10,0.55281687,1.5246099,1.5029241,7.9577475,1,1,0.9,0,0,2,2
W1,確認,20260712_02_06,16,0.71096444,1.6538714,1.7367606,8.6774,0,1,0.5625,4,6,8,8
W1,確認,20260712_02_07,9,0.45336214,1.2633917,1.2899191,7.4453464,1,2,1.0,1,1,2,3
W1,確認,20260712_02_08,11,0.5063324,1.2793353,1.3334996,8.369358,0,2,0.8181818181818182,0,1,3,5
W1,確認,20260712_02_09,14,0.55281687,1.3082966,1.7990441,9.793216,0,1,0.6428571428571429,2,3,5,5
W1,確認,20260712_02_10,12,0.45725998,1.2565987,1.4726231,8.808672,1,1,0.75,1,3,4,5
W1,確認,20260712_02_11,14,0.38426408,1.0492382,1.808101,11.131367,0,0,0.6428571428571429,1,2,5,5
W1,確認,20260712_02_12,8,0.71096444,1.9439907,0.9444597,5.532268,0,1,1.125,0,1,2,4
W1,確認,20260712_03_02,15,0.7318511,1.4629186,1.367051,7.6490383,1,1,0.6,3,5,9,10
W1,確認,20260712_03_03,16,0.7318511,1.3297408,1.5596734,8.615351,1,3,0.5625,3,5,9,10
W1,確認,20260712_03_04,10,0.5109734,1.2815286,1.3955376,8.318356,1,1,0.9,0,0,1,4
W1,確認,20260712_03_05,16,0.53049296,1.2615433,2.0478463,11.772278,1,2,0.5625,0,2,6,6
W1,確認,20260712_03_06,16,0.55281687,1.4636724,1.8249493,9.157202,0,1,0.5625,5,7,7,7
W1,確認,20260712_03_07,16,0.7318511,1.4784667,1.6300213,8.795635,0,1,0.5625,3,5,9,10
W1,確認,20260712_03_08,12,0.70190686,1.7080859,1.7145561,8.057092,1,2,0.75,1,2,4,4
W1,確認,20260712_03_09,14,0.45491347,1.0954955,1.8149899,11.063207,0,2,0.6428571428571429,0,2,4,7
W1,確認,20260712_03_10,11,0.53049296,1.2680542,1.2138395,7.6123657,1,1,0.8181818181818182,1,3,5,5
W1,確認,20260712_03_11,16,0.39009008,0.92633533,1.833885,12.297683,0,0,0.5625,1,5,6,10
W1,確認,20260712_03_12,15,0.5526891,1.2293483,1.6567638,9.877409,1,2,0.6,3,4,6,8
W1,確認,20260712_10_01,17,0.53062075,1.2593102,1.9702989,10.646533,1,1,0.5294117647058824,5,6,7,10
W1,確認,20260712_10_02,14,0.71096444,1.7304183,1.831262,8.326017,0,1,0.6428571428571429,3,4,7,8
W1,確認,20260712_10_03,15,0.5760544,1.4010918,1.6496956,9.272954,1,2,0.6,2,4,6,9
W1,確認,20260712_10_04,13,0.55281687,1.6584506,1.5730526,7.381773,1,2,0.6923076923076923,5,5,7,7
W1,確認,20260712_10_05,8,0.55281687,1.4203844,1.3667673,7.030707,1,3,1.125,0,0,1,1
W1,確認,20260712_10_06,9,0.55281687,1.4595411,1.3964083,7.5813813,0,2,1.0,0,0,1,2
W1,確認,20260712_10_07,14,0.3239349,0.87524164,1.6296974,11.021488,1,1,0.6428571428571429,0,4,6,6
W1,確認,20260712_10_08,9,0.7318511,1.9700346,1.1455872,5.9024706,1,2,1.0,1,2,2,4
W1,確認,20260712_10_09,10,0.53062075,1.2482252,1.5449815,8.702589,1,1,0.9,0,0,1,1
W1,確認,20260712_10_10,11,0.53049296,1.2095314,1.3699859,8.539165,1,1,0.8181818181818182,0,0,5,6
W1,確認,20260712_10_11,11,0.47747746,1.3044142,1.8096155,9.084685,1,1,0.8181818181818182,0,0,3,4
W1,確認,20260712_10_12,17,0.525662,1.4061173,1.8544896,10.716661,1,2,0.5294117647058824,3,5,9,10
W1,確認,20260718_02_01,8,0.7318511,1.826596,0.91834563,5.390781,1,2,1.125,0,1,1,3
W1,確認,20260718_02_02,12,0.53062075,1.5144758,1.458447,8.243729,1,1,0.75,1,3,5,5
W1,確認,20260718_02_03,12,0.62398344,1.6022644,1.737697,8.194447,1,2,0.75,3,3,3,3
W1,確認,20260718_02_04,16,0.71096444,1.7942743,1.6607702,8.337434,1,2,0.5625,4,5,9,9
W1,確認,20260718_02_05,14,0.55281687,1.4685276,1.6963558,9.153002,0,1,0.6428571428571429,2,3,5,5
W1,確認,20260718_02_06,12,0.6404161,1.5587008,1.3446244,7.586842,1,2,0.75,2,2,5,5
W1,確認,20260718_02_07,14,0.3509009,1.0419323,1.7594724,10.317431,1,2,0.6428571428571429,3,4,5,6
W1,確認,20260718_02_08,12,0.6409147,1.5566254,1.560366,8.062443,0,1,0.75,2,2,4,4
W1,確認,20260718_02_09,13,0.55281687,1.2100921,1.8688247,10.312716,1,3,0.6923076923076923,1,1,3,4
W1,確認,20260718_02_10,10,0.7318511,1.6536168,1.3423297,7.0749235,1,2,0.9,0,1,2,3
W1,確認,20260718_02_11,13,0.41897622,1.1297492,1.5952806,10.018756,1,1,0.6923076923076923,0,2,5,6
W1,確認,20260718_02_12,12,0.53049296,1.4439224,1.7045896,8.635057,1,1,0.75,1,3,4,4
W1,確認,20260718_03_01,12,0.71096444,1.6769493,1.0313728,6.020074,0,2,0.75,3,6,6,8
W1,確認,20260718_03_02,9,0.7318511,1.9259107,1.1812004,6.01371,1,3,1.0,2,2,2,2
W1,確認,20260718_03_03,16,0.71096444,1.6176887,1.3521212,7.623978,1,3,0.5625,5,8,9,10
W1,確認,20260718_03_04,16,0.48681292,1.3756669,1.8916355,9.889681,0,1,0.5625,4,6,7,7
W1,確認,20260718_03_05,15,0.48291507,1.0845381,2.049623,12.574427,0,0,0.6,0,0,5,7
W1,確認,20260718_03_06,15,0.70190686,1.7126104,1.5261569,7.700093,0,1,0.6,5,6,7,8
W1,確認,20260718_03_07,16,0.55281687,1.4797586,1.8499066,9.842688,0,0,0.5625,2,4,8,9
W1,確認,20260718_03_08,15,0.71096444,1.4745963,1.8335636,9.184919,0,0,0.6,3,4,5,7
W1,確認,20260718_03_09,12,0.7318511,1.5623561,1.3155794,7.2475057,1,2,0.75,0,2,5,7
W1,確認,20260718_03_10,15,0.47357965,1.0995947,1.854939,10.97285,0,0,0.6,2,4,4,6
W1,確認,20260718_03_11,16,0.71096444,1.6108268,1.682345,9.100924,0,0,0.5625,2,4,8,13
W1,確認,20260718_03_12,16,0.71096444,1.8550731,1.8920939,8.557977,1,2,0.5625,4,5,6,9
W1,確認,20260718_10_02,11,0.71096444,1.4290092,1.321832,7.2449865,1,2,0.8181818181818182,2,2,3,5
W1,確認,20260718_10_03,14,0.71096444,1.8751464,1.2462922,7.047524,1,2,0.6428571428571429,2,5,7,8
W1,確認,20260718_10_06,12,0.64754903,1.58463,1.549646,8.321815,1,2,0.75,1,1,3,4
W1,確認,20260718_10_07,14,0.70240545,1.770436,1.7148944,7.938447,1,2,0.6428571428571429,3,5,6,6
W1,確認,20260718_10_08,10,0.7318511,2.1281824,1.3247128,6.614601,1,2,0.9,1,1,2,2
W1,確認,20260718_10_09,18,0.55281687,1.3751467,1.5254644,9.538621,0,1,0.5,6,7,12,14
W1,確認,20260718_10_10,12,0.55281687,1.6140585,1.3385073,7.4276557,1,2,0.75,1,4,6,6
W1,確認,20260718_10_11,12,0.55281687,1.2320856,1.5812097,9.285939,1,1,0.75,1,1,3,5
W1,確認,20260718_10_12,14,0.55281687,1.2738626,1.9239002,10.565802,1,2,0.6428571428571429,1,2,4,5
W1,確認,20260719_02_01,8,0.71096444,1.7372332,1.0613523,5.6613464,1,2,1.125,1,2,2,2
W1,確認,20260719_02_02,10,0.70240545,1.7496457,0.9128962,5.6881037,1,2,0.9,1,2,4,6
W1,確認,20260719_02_03,14,0.66448027,1.770114,1.3737099,7.2954082,0,2,0.6428571428571429,4,6,7,7
W1,確認,20260719_02_04,13,0.7318511,1.5694773,1.6569766,8.485967,0,1,0.6923076923076923,1,3,3,6
W1,確認,20260719_02_05,14,0.53049296,1.3363073,2.2558904,11.338862,0,0,0.6428571428571429,0,1,3,6
W1,確認,20260719_02_06,16,0.55281687,1.4957238,1.5434502,9.057565,1,2,0.5625,2,6,8,10
W1,確認,20260719_02_07,14,0.55281687,1.514073,1.6909105,9.068233,1,2,0.6428571428571429,2,3,5,8
W1,確認,20260719_02_08,10,0.70240545,1.6447868,1.5498575,7.3971515,1,2,0.9,1,2,2,3
W1,確認,20260719_02_09,13,0.61717856,1.6206245,1.6362977,8.497381,1,2,0.6923076923076923,3,3,3,6
W1,確認,20260719_02_10,14,0.55281687,1.4050976,1.7173318,9.65782,0,2,0.6428571428571429,1,3,5,7
W1,確認,20260719_02_11,13,0.45491347,1.2360892,1.8506347,10.215429,1,1,0.6923076923076923,1,2,4,4
W1,確認,20260719_02_12,14,0.55281687,1.4836564,1.6294568,8.687505,1,3,0.6428571428571429,4,5,6,7
W1,確認,20260719_03_01,10,0.7318511,1.570148,0.9729499,5.991409,1,2,0.9,2,2,5,6
W1,確認,20260719_03_02,16,0.55281687,1.558868,1.5089394,8.103294,1,1,0.5625,5,8,10,10
W1,確認,20260719_03_03,16,0.70240545,1.6916417,1.4450159,7.7202973,0,1,0.5625,6,7,8,9
W1,確認,20260719_03_04,15,0.47343194,1.3676804,1.3014389,7.996874,0,1,0.6,5,7,10,10
W1,確認,20260719_03_05,13,0.501638,1.439493,1.9984243,10.273808,1,3,0.6923076923076923,0,1,2,3
W1,確認,20260719_03_06,16,0.47357965,1.3540349,2.2256467,11.795751,1,1,0.5625,0,2,7,9
W1,確認,20260719_03_07,14,0.71096444,1.6176887,1.5280527,7.5502768,0,1,0.6428571428571429,2,6,8,8
W1,確認,20260719_03_08,16,0.3829365,0.9802654,2.2872636,12.593585,0,1,0.5625,3,3,3,6
W1,確認,20260719_03_09,16,0.53049296,1.1389475,2.0624619,11.6728735,0,1,0.5625,1,4,7,7
W1,確認,20260719_03_10,12,0.5591232,1.5520388,1.423257,7.3518267,1,3,0.75,3,3,5,5
W1,確認,20260719_03_11,16,0.3479073,0.93454385,1.9106318,12.214131,0,0,0.5625,2,5,5,7
W1,確認,20260719_03_12,15,0.55281687,1.3888825,1.5937951,8.730182,1,2,0.6,4,6,7,8
W1,確認,20260719_10_02,18,0.71096444,1.5511646,1.9988533,9.662784,0,1,0.5,6,8,10,11
W1,確認,20260719_10_03,16,0.42222825,0.9757358,1.857697,11.575537,1,2,0.5625,3,5,6,7
W1,確認,20260719_10_04,13,0.79164743,1.8284729,1.250234,6.332223,1,3,0.6923076923076923,5,6,6,7
W1,確認,20260719_10_05,8,0.47357965,1.2487186,1.207133,7.317973,1,2,1.125,0,0,0,0
W1,確認,20260719_10_06,14,0.66448027,1.548101,1.2491641,7.082043,0,0,0.6428571428571429,3,5,7,9
W1,確認,20260719_10_07,16,0.55281687,1.2308128,1.8715931,10.595489,1,2,0.5625,3,5,6,8
W1,確認,20260719_10_08,14,0.61717856,1.2431936,1.8664693,10.187269,0,0,0.6428571428571429,0,2,5,6
W1,確認,20260719_10_09,8,0.55281687,1.5459903,1.0962802,6.6474776,1,3,1.125,0,0,0,1
W1,確認,20260719_10_10,16,0.49774018,1.1408962,1.8379922,11.217396,0,1,0.5625,3,4,7,9
W1,確認,20260719_10_11,17,0.53062075,1.4948808,1.6560063,9.710457,0,1,0.5294117647058824,4,6,9,12
W1,確認,20260719_10_12,9,0.55586606,1.4892915,1.2968137,6.8623986,1,2,1.0,0,2,2,3
W1,確認,20260725_01_01,8,0.49970827,1.2115207,1.1918024,7.127018,1,2,1.125,0,0,1,1
W1,確認,20260725_01_02,8,0.55281687,1.3408432,1.0725011,6.612877,1,2,1.125,0,1,1,1
W1,確認,20260725_01_03,10,0.55281687,1.6362545,1.3699793,7.1604114,1,3,0.9,2,2,2,3
W1,確認,20260725_01_04,14,0.70190686,1.6857619,1.7598628,8.490975,1,2,0.6428571428571429,3,4,6,6
W1,確認,20260725_01_06,14,0.5109734,1.3650978,1.4445536,8.727242,0,1,0.6428571428571429,2,4,6,8
W1,確認,20260725_01_07,15,0.4627186,1.3434318,2.0943854,10.810638,0,1,0.6,1,2,5,9
W1,確認,20260725_01_08,12,0.61717856,1.4045769,1.4208696,8.239059,0,2,0.75,1,2,4,6
W1,確認,20260725_01_09,10,0.70190686,1.876639,1.3357202,6.7434783,0,0,0.9,1,1,3,4
W1,確認,20260725_01_10,11,0.55281687,1.393017,1.444415,8.19594,0,0,0.8181818181818182,1,1,4,4
W1,確認,20260725_01_11,12,0.66448027,1.3595608,1.5821263,8.5202265,1,2,0.75,1,1,4,4
W1,確認,20260725_01_12,11,0.70240545,1.6626503,1.1602911,6.79275,1,2,0.8181818181818182,2,2,4,5
W1,確認,20260725_04_01,10,0.70190686,1.5421071,1.0443087,6.174513,1,2,0.9,3,3,4,4
W1,確認,20260725_04_02,14,0.45336214,1.0068697,2.224757,12.562388,0,0,0.6428571428571429,0,0,2,3
W1,確認,20260725_04_03,8,0.46892747,1.1625047,1.1328974,7.220949,1,2,1.125,0,0,0,1
W1,確認,20260725_04_04,15,0.71096444,1.9340289,1.4141161,6.981114,0,2,0.6,4,7,10,10
W1,確認,20260725_04_05,11,0.7318511,1.8450925,1.4504653,6.9033747,1,3,0.8181818181818182,3,3,3,5
W1,確認,20260725_04_06,15,0.55281687,1.1641171,1.4045782,9.085878,1,2,0.6,3,5,8,10
W1,確認,20260725_04_07,17,0.71096444,1.2768968,1.7104621,9.359322,0,1,0.5294117647058824,3,5,9,11
W1,確認,20260725_04_08,13,0.48648646,1.1440346,1.6051944,9.725913,1,1,0.6923076923076923,1,2,5,7
W1,確認,20260725_04_10,15,0.55281687,1.424617,1.2374129,7.7939873,0,1,0.6,4,6,11,11
W1,確認,20260725_04_11,18,0.7318511,1.8330716,1.5426244,7.809701,0,1,0.5,5,7,12,13
W1,確認,20260725_04_12,17,0.45725998,1.1436921,1.8327317,11.373949,0,0,0.5294117647058824,4,4,9,9
W1,確認,20260725_07_01,9,0.7318511,1.6913105,1.1243473,6.019582,0,2,1.0,1,2,2,3
W1,確認,20260725_07_02,13,0.45336214,1.2870867,1.5987458,9.655155,1,2,0.6923076923076923,0,2,5,6
W1,確認,20260725_07_03,12,0.70240545,1.9576278,1.3194468,6.5922146,1,2,0.75,3,3,6,7
W1,確認,20260725_07_04,16,0.55281687,1.6130568,1.7516738,8.825355,0,2,0.5625,4,6,8,9
W1,確認,20260725_07_05,16,0.55281687,1.6138029,1.6124953,8.846106,0,1,0.5625,3,5,9,10
W1,確認,20260725_07_06,16,0.5063324,1.2836294,1.9273806,10.793103,0,1,0.5625,3,4,7,9
W1,確認,20260725_07_07,11,0.6329041,1.5702577,1.1409851,6.9878893,0,2,0.8181818181818182,1,3,3,6
W1,確認,20260725_07_08,8,0.7318511,1.7612675,1.4244274,6.6718984,1,2,1.125,0,0,1,1
W1,確認,20260725_07_09,16,0.7318511,1.6279397,1.530798,7.945728,1,2,0.5625,6,8,8,10
W1,確認,20260725_07_10,12,0.66448027,1.6908767,1.723411,7.300306,0,1,0.75,3,5,5,5
W1,確認,20260725_07_11,8,0.71096444,1.8662335,1.1695238,6.0284348,1,2,1.125,0,1,1,1
W1,確認,20260725_07_12,16,0.7318511,1.815161,1.8556275,8.402418,1,2,0.5625,4,6,9,9
W1,確認,20260726_01_01,12,0.7318511,1.5401601,1.0209044,6.1468825,1,1,0.75,3,5,5,6
W1,確認,20260726_01_02,10,0.71096444,1.685484,1.1176913,6.098239,1,2,0.9,3,4,4,5
W1,確認,20260726_01_03,16,0.53062075,1.3541028,1.8358047,10.216508,1,1,0.5625,4,5,7,9
W1,確認,20260726_01_04,11,0.53062075,1.4849548,1.501004,7.9310346,1,1,0.8181818181818182,2,2,3,3
W1,確認,20260726_01_05,10,0.55281687,1.6026307,1.6627281,8.150297,1,3,0.9,0,0,2,3
W1,確認,20260726_01_06,12,0.71096444,1.6948196,1.3165118,6.8600807,1,2,0.75,3,4,6,6
W1,確認,20260726_01_08,12,0.6234849,1.3571538,1.3611698,7.6988287,1,2,0.75,3,4,4,5
W1,確認,20260726_01_09,8,0.55281687,1.5319687,1.1209848,6.382269,1,3,1.125,1,1,1,1
W1,確認,20260726_01_10,9,0.49234477,1.344266,1.2210025,7.332326,0,1,1.0,0,0,3,3
W1,確認,20260726_01_11,12,0.7318511,1.8152888,1.5219871,7.412309,0,1,0.75,1,4,4,4
W1,確認,20260726_01_12,9,0.55281687,1.5367998,1.1522559,6.464313,1,1,1.0,1,2,3,3
W1,確認,20260726_04_01,11,0.71096444,1.8488617,1.016277,5.947667,1,2,0.8181818181818182,2,4,4,4
W1,確認,20260726_04_02,9,0.55281687,1.1081932,1.1745538,7.4359894,1,1,1.0,0,0,2,2
W1,確認,20260726_04_03,15,0.70240545,1.7064781,1.7986308,8.156947,0,1,0.6,6,6,6,8
W1,確認,20260726_04_04,18,0.66448027,1.6706592,1.7831614,8.879939,0,0,0.5,6,9,11,12
W1,確認,20260726_04_05,15,0.53049296,1.3559912,1.6088657,9.219212,1,2,0.6,3,6,7,8
W1,確認,20260726_04_06,11,0.45336214,1.1612525,1.5040369,8.815923,0,1,0.8181818181818182,1,2,2,4
W1,確認,20260726_04_07,14,0.6649788,1.4115944,1.5377715,8.732246,1,1,0.6428571428571429,0,4,7,8
W1,確認,20260726_04_08,15,0.45801434,1.0840294,1.8316954,10.886466,0,0,0.6,3,4,6,7
W1,確認,20260726_04_10,14,0.46892747,1.2763832,1.4704865,9.053443,0,1,0.6428571428571429,4,4,6,7
W1,確認,20260726_04_11,15,0.47747746,1.1703902,1.7446588,9.951278,0,1,0.6,2,6,6,6
W1,確認,20260726_04_12,15,0.7318511,1.5753033,1.3491337,7.5178957,0,1,0.6,6,6,7,9
W1,確認,20260726_07_01,9,0.7318511,1.9365275,1.1649274,5.8144827,1,2,1.0,1,2,3,3
W1,確認,20260726_07_03,10,0.7318511,1.7835016,1.3906192,6.459564,1,2,0.9,3,3,3,3
W1,確認,20260726_07_04,15,0.70190686,1.73886,1.9207457,8.528248,1,2,0.6,3,5,6,8
W1,確認,20260726_07_05,16,0.7318511,2.0608115,1.4390538,7.266715,1,2,0.5625,5,6,10,10
W1,確認,20260726_07_06,10,0.70190686,1.9566306,1.2924026,6.373042,1,1,0.9,1,2,4,5
W1,確認,20260726_07_07,14,0.55281687,1.514073,1.8807759,8.478097,0,1,0.6428571428571429,4,6,6,6
W1,確認,20260726_07_08,12,0.42222825,1.1210364,1.5578978,9.218948,0,1,0.75,2,2,3,6
W1,確認,20260726_07_09,14,0.71096444,1.9282615,1.7117492,7.622209,1,1,0.6428571428571429,2,5,7,7
W1,確認,20260726_07_10,16,0.55281687,1.4751065,1.7564193,9.932917,1,1,0.5625,3,5,6,9
W1,確認,20260726_07_11,16,0.49699697,1.4434019,1.9437189,10.51007,0,2,0.5625,3,3,8,8
W1,確認,20260726_07_12,15,0.7318511,1.7232875,1.3109376,6.788474,0,1,0.6,4,6,8,8
W1,確認,20260801_01_01,12,0.7318511,1.7930927,1.4888365,7.4242544,0,2,0.75,2,2,3,6
W1,確認,20260801_01_02,9,0.6412427,1.7078279,1.3777199,6.7623477,0,1,1.0,1,1,1,3
W1,確認,20260801_01_03,11,0.7318511,1.6401267,1.1736858,6.682249,0,2,0.8181818181818182,2,3,4,5
W1,確認,20260801_01_04,11,0.70240545,1.7729461,1.3774996,7.2620087,1,1,0.8181818181818182,0,1,5,7
W1,確認,20260801_01_05,12,0.4779403,1.3372731,1.6326668,9.487444,1,3,0.75,1,1,3,3
W1,確認,20260801_01_06,9,0.49699697,1.2271129,1.2135735,7.396036,1,2,1.0,0,1,1,1
W1,確認,20260801_01_07,12,0.49699697,1.3028113,1.5792497,8.992199,0,1,0.75,1,2,3,5
W1,確認,20260801_01_08,11,0.55281687,1.2520447,1.329467,8.326597,1,1,0.8181818181818182,0,1,3,6
W1,確認,20260801_01_10,13,0.55281687,1.558868,1.6903005,8.157365,1,2,0.6923076923076923,4,4,5,6
W1,確認,20260801_01_11,16,0.4150747,0.96951663,1.8186753,12.133991,1,2,0.5625,0,4,6,10
W1,確認,20260801_01_12,8,0.45336214,1.2520576,0.90309083,6.6527195,1,2,1.125,0,0,1,2
W1,確認,20260801_04_01,11,0.55281687,1.6362545,1.1729982,7.022571,0,1,0.8181818181818182,1,2,5,6
W1,確認,20260801_04_02,8,0.55281687,1.4462037,1.0924667,6.637604,1,2,1.125,0,0,1,1
W1,確認,20260801_04_03,18,0.51534146,1.1431776,2.2681003,13.229813,0,0,0.5,2,4,6,9
W1,確認,20260801_04_04,14,0.55281687,1.2829328,1.5795903,9.355704,0,1,0.6428571428571429,1,3,5,8
W1,確認,20260801_04_05,15,0.7318511,1.647434,1.5995711,8.074792,0,2,0.6,4,5,7,8
W1,確認,20260801_04_06,12,0.4821607,1.0541632,1.4758227,9.238492,1,2,0.75,1,2,4,4
W1,確認,20260801_04_07,15,0.5591232,1.4186792,1.5843577,8.866193,0,1,0.6,5,5,7,9
W1,確認,20260801_04_08,12,0.55281687,1.2702938,1.3837653,8.454595,0,2,0.75,0,2,5,7
W1,確認,20260801_04_09,14,0.70240545,1.6862606,1.9370419,9.191154,0,2,0.6428571428571429,2,3,3,7
W1,確認,20260801_04_10,14,0.7318511,1.203504,1.3777586,7.8547673,1,1,0.6428571428571429,2,3,8,12
W1,確認,20260801_04_11,18,0.47343194,1.3078272,1.8551251,10.202553,1,2,0.5,6,7,9,12
W1,確認,20260801_04_12,17,0.6412427,1.1947503,1.6570436,9.425825,0,1,0.5294117647058824,4,7,9,10
W1,確認,20260801_07_01,10,0.70240545,1.4521374,1.485478,7.884733,1,1,0.9,0,0,0,1
W1,確認,20260801_07_02,13,0.55281687,1.4487777,1.842164,9.8061695,1,1,0.6923076923076923,1,1,3,7
W1,確認,20260801_07_03,16,0.7318511,1.5527593,1.3895153,7.9839187,1,2,0.5625,3,6,9,10
W1,確認,20260801_07_04,16,0.66448027,1.5164825,1.655891,8.749524,1,2,0.5625,4,6,8,9
W1,確認,20260801_07_05,16,0.71096444,1.5511646,1.5413735,8.2174015,1,2,0.5625,3,6,10,11
W1,確認,20260801_07_06,16,0.70190686,1.4774243,1.7679855,8.953344,1,3,0.5625,5,6,7,8
W1,確認,20260801_07_07,11,0.7318511,1.4629014,1.6186976,8.164719,0,1,0.8181818181818182,0,0,1,4
W1,確認,20260801_07_08,13,0.8068011,1.4490227,1.4996387,7.5615335,1,2,0.6923076923076923,2,3,3,6
W1,確認,20260801_07_10,16,0.70240545,1.454377,1.8394185,9.668188,1,2,0.5625,2,3,7,9
W1,確認,20260801_07_11,9,0.6404161,1.4994909,1.4488437,7.374379,1,2,1.0,0,1,1,1
W1,確認,20260801_07_12,11,0.55281687,1.3265032,1.3862243,8.256528,1,2,0.8181818181818182,1,2,2,3
W1,確認,20260802_01_01,14,0.6001186,1.6380851,1.4100767,7.7984843,1,2,0.6428571428571429,4,6,6,7
W1,確認,20260802_01_02,14,0.53049296,1.4303553,1.4048079,8.390613,0,2,0.6428571428571429,4,5,7,7
W1,確認,20260802_01_03,11,0.7318511,1.783343,1.027642,5.724329,1,3,0.8181818181818182,2,4,4,4
W1,確認,20260802_01_04,13,0.7318511,1.5714017,1.2383358,7.2385893,1,2,0.6923076923076923,2,4,6,9
W1,確認,20260802_01_05,10,0.45336214,1.2672933,1.714601,8.70748,0,1,0.9,0,0,2,2
W1,確認,20260802_01_06,10,0.45336214,1.315947,1.4127284,8.318576,1,1,0.9,0,1,2,2
W1,確認,20260802_01_07,12,0.5526891,1.2697995,1.2625045,7.959382,0,1,0.75,1,3,5,6
W1,確認,20260802_01_08,14,0.38618854,1.0999832,1.7584823,10.571609,1,2,0.6428571428571429,1,4,5,5
W1,確認,20260802_01_09,12,0.48681292,1.2855084,1.3697118,8.475725,0,1,0.75,2,3,4,4
W1,確認,20260802_01_10,10,0.70240545,1.687812,1.4804891,7.1742024,1,2,0.9,1,1,2,2
W1,確認,20260802_01_11,14,0.4728253,1.0282016,1.8983251,11.544314,1,1,0.6428571428571429,0,1,4,6
W1,確認,20260802_01_12,14,0.45592198,1.2056539,1.955045,11.289197,1,2,0.6428571428571429,1,2,4,5
W1,確認,20260802_04_01,12,0.5591232,1.2668357,1.1899915,7.52211,1,2,0.75,3,4,5,5
W1,確認,20260802_04_02,12,0.71096444,1.5897844,1.5799603,8.283206,1,1,0.75,0,1,4,6
W1,確認,20260802_04_03,13,0.55281687,1.3962691,1.6774107,9.51685,0,1,0.6923076923076923,1,2,4,5
W1,確認,20260802_04_04,15,0.53062075,1.370821,1.4850173,8.9045315,1,3,0.6,4,6,7,10
W1,確認,20260802_04_05,18,0.71096444,1.3956848,1.6896094,8.975529,1,1,0.5,6,8,9,11
W1,確認,20260802_04_06,15,0.53316957,1.2229002,1.5202432,9.064585,0,1,0.6,5,6,6,9
W1,確認,20260802_04_07,17,0.61430764,1.1158239,2.0777903,11.741238,0,1,0.5294117647058824,3,3,7,10
W1,確認,20260802_04_08,14,0.45336214,1.1844125,1.61569,10.031979,1,2,0.6428571428571429,1,3,6,8
W1,確認,20260802_04_09,15,0.7104659,1.5195322,1.5659182,8.465106,1,2,0.6,3,4,7,8
W1,確認,20260802_04_10,14,0.6404161,1.3207341,1.5228746,8.860156,0,1,0.6428571428571429,1,1,8,8
W1,確認,20260802_04_11,13,0.7318511,1.7205037,1.5102154,7.357129,1,2,0.6923076923076923,2,3,4,6
W1,確認,20260802_04_12,17,0.7318511,1.5400323,1.3635149,7.8173366,1,3,0.5294117647058824,5,7,11,12
W1,確認,20260802_07_01,18,0.7318511,1.5728291,1.6863004,8.787901,1,2,0.5,6,7,11,11
W1,確認,20260802_07_02,8,0.53049296,1.3667916,1.288918,7.20104,0,1,1.125,0,0,0,0
W1,確認,20260802_07_03,10,0.55281687,1.5273365,1.4017627,7.730702,1,1,0.9,0,1,2,3
W1,確認,20260802_07_04,16,0.4814317,1.2337376,1.6729629,10.206805,1,1,0.5625,3,6,7,9
W1,確認,20260802_07_05,9,0.55281687,1.2917436,1.162337,7.075562,0,1,1.0,1,1,1,2
W1,確認,20260802_07_06,9,0.55281687,1.5424803,1.3687546,7.294303,1,3,1.0,0,1,1,2
W1,確認,20260802_07_07,9,0.53049296,1.2476034,1.2061708,7.2450004,1,1,1.0,1,1,1,1
W1,確認,20260802_07_08,11,0.53049296,1.3074211,1.262667,7.8481994,1,2,0.8181818181818182,1,3,3,3
W1,確認,20260802_07_10,14,0.46892747,1.1947151,1.5329742,9.509235,0,1,0.6428571428571429,2,4,6,7
W1,確認,20260802_07_12,17,0.7318511,1.9035869,1.3490309,7.392941,1,3,0.5294117647058824,5,9,11,12
W1,確認,20260808_01_01,14,0.55281687,1.5234085,1.9264021,9.282523,1,1,0.6428571428571429,3,3,5,5
W1,確認,20260808_01_02,13,0.42709315,0.98246944,1.4561521,10.102054,1,1,0.6923076923076923,2,2,5,6
W1,確認,20260808_01_03,14,0.5526891,1.3124256,1.5612389,8.814153,0,0,0.6428571428571429,4,5,5,7
W1,確認,20260808_01_04,14,0.45336214,1.2455276,1.9546461,9.980303,0,2,0.6428571428571429,3,3,5,6
W1,確認,20260808_01_05,12,0.53062075,1.4568082,1.7179058,9.162849,0,0,0.75,0,1,3,4
W1,確認,20260808_01_06,15,0.5109734,1.3949755,1.8146075,9.457113,1,3,0.6,3,5,6,7
W1,確認,20260808_01_07,11,0.55281687,1.5938712,1.6708205,7.5777626,0,1,0.8181818181818182,2,2,3,4
W1,確認,20260808_01_08,16,0.55281687,1.2840803,2.097106,11.645278,0,0,0.5625,2,3,5,7
W1,確認,20260808_01_09,13,0.55281687,1.4406433,1.4922211,8.704226,0,1,0.6923076923076923,2,3,4,5
W1,確認,20260808_01_10,8,0.53062075,1.4731015,1.2213997,6.512904,0,1,1.125,1,1,1,2
W1,確認,20260808_01_11,11,0.41897622,1.1926523,1.6483498,9.205272,0,1,0.8181818181818182,1,1,2,3
W1,確認,20260808_01_12,13,0.46191216,1.2742305,1.6436845,9.5491495,1,2,0.6923076923076923,1,3,3,7
W1,確認,20260808_04_01,13,0.5109734,1.1706637,1.1987529,8.296064,1,1,0.6923076923076923,2,4,6,7
W1,確認,20260808_04_02,10,0.481982,1.1957767,1.4108588,8.696422,1,2,0.9,0,0,1,1
W1,確認,20260808_04_03,12,0.55281687,1.329745,1.6799178,9.309235,0,1,0.75,0,1,3,5
W1,確認,20260808_04_04,14,0.55281687,1.3879567,1.073106,7.3358207,0,1,0.6428571428571429,5,6,8,10
W1,確認,20260808_04_05,15,0.5109734,1.2217463,1.4968781,9.370688,1,1,0.6,3,4,9,9
W1,確認,20260808_04_06,10,0.7318511,1.5334738,0.979377,5.9869328,1,2,0.9,1,2,4,5
W1,確認,20260808_04_07,16,0.47747746,1.3137761,1.5207746,10.023285,1,1,0.5625,4,4,9,12
W1,確認,20260808_04_08,9,0.7318511,1.9734364,0.6781676,4.951431,1,3,1.0,1,3,4,5
W1,確認,20260808_04_09,15,0.38618854,1.0541562,1.7810385,11.651813,0,2,0.6,1,3,6,8
W1,確認,20260808_04_10,13,0.6404161,1.5380327,1.3528308,7.973451,1,2,0.6923076923076923,2,3,6,8
W1,確認,20260808_04_11,18,0.53049296,1.3206847,2.0543156,10.831011,0,0,0.5,5,7,8,9
W1,確認,20260808_04_12,15,0.7318511,1.6087542,1.4470831,7.7457194,1,2,0.6,4,6,7,9
W1,確認,20260808_07_01,9,0.70240545,1.7921495,1.1713151,6.321435,1,2,1.0,1,1,1,4
W1,確認,20260808_07_03,16,0.71096444,1.3541204,1.4868371,8.280359,1,2,0.5625,5,7,8,10
W1,確認,20260808_07_04,16,0.71096444,1.6994718,1.599484,7.7573843,0,1,0.5625,3,7,11,11
W1,確認,20260808_07_05,8,0.7318511,1.9956324,0.97381985,5.5135627,0,2,1.125,0,0,4,4
W1,確認,20260808_07_06,11,0.5061425,1.3539563,1.4283819,8.187143,0,1,0.8181818181818182,1,2,3,3
W1,確認,20260808_07_07,8,0.55281687,1.6584506,0.97810996,6.1920357,0,1,1.125,0,0,2,2
W1,確認,20260808_07_08,12,0.55281687,1.3905919,1.3679706,7.8805366,1,2,0.75,2,3,5,6
W1,確認,20260808_07_10,16,0.55281687,1.3751467,1.6624663,9.60215,1,2,0.5625,4,6,9,10
W1,確認,20260808_07_11,12,0.5591232,1.6424332,1.507398,7.8051405,1,2,0.75,3,3,3,4
W1,確認,20260808_07_12,18,0.48681292,1.4091026,1.8896589,10.830028,1,1,0.5,5,6,8,9
W1,確認,20260809_01_01,12,0.70240545,1.1890125,1.1179038,6.8281226,1,1,0.75,1,3,6,8
W1,確認,20260809_01_02,11,0.55281687,1.50344,1.14996,6.789859,1,2,0.8181818181818182,1,5,5,5
W1,確認,20260809_01_03,10,0.55281687,1.1998744,1.37419,7.939519,1,1,0.9,0,1,2,2
W1,確認,20260809_01_04,14,0.55281687,1.6138029,1.6752723,8.0129385,1,1,0.6428571428571429,3,5,8,8
W1,確認,20260809_01_05,13,0.53062075,1.3468767,1.665358,9.533237,1,1,0.6923076923076923,0,2,5,6
W1,確認,20260809_01_06,14,0.5591232,1.4853107,1.8894044,9.568642,1,2,0.6428571428571429,3,3,5,5
W1,確認,20260809_01_07,16,0.7318511,1.4617136,1.6100091,8.528075,1,3,0.5625,4,5,9,10
W1,確認,20260809_01_08,14,0.5526891,1.3928893,1.823767,9.391332,1,1,0.6428571428571429,1,2,8,8
W1,確認,20260809_01_09,16,0.5212853,1.3271097,1.8925284,10.707001,0,1,0.5625,3,4,6,8
W1,確認,20260809_01_10,14,0.70190686,1.6950804,1.5783639,7.934988,1,3,0.6428571428571429,4,5,6,7
W1,確認,20260809_01_11,16,0.4354918,1.1397892,1.8948267,11.353538,0,1,0.5625,4,5,6,8
W1,確認,20260809_01_12,8,0.7318511,1.7929649,1.5460758,6.96617,0,1,1.125,0,0,0,0
W1,確認,20260809_04_01,16,0.44035664,1.1429338,1.1502407,8.561245,0,1,0.5625,5,9,11,11
W1,確認,20260809_04_02,11,0.53049296,1.0973598,1.4448578,8.505196,1,2,0.8181818181818182,0,2,4,4
W1,確認,20260809_04_03,15,0.55281687,1.360998,1.3521892,8.391337,0,1,0.6,3,6,9,9
W1,確認,20260809_04_04,15,0.7318511,1.5994078,1.1089643,6.653694,1,2,0.6,5,8,9,9
W1,確認,20260809_04_05,15,0.70190686,1.7439451,1.8409878,9.1038885,0,0,0.6,2,4,7,8
W1,確認,20260809_04_06,13,0.70240545,1.2577817,1.4023755,7.7753468,1,1,0.6923076923076923,1,4,5,5
W1,確認,20260809_04_07,12,0.7318511,1.8374848,1.661825,7.8925586,1,2,0.75,1,1,4,6
W1,確認,20260809_04_08,17,0.55281687,1.0645665,1.9325095,11.73371,1,2,0.5294117647058824,2,4,8,10
W1,確認,20260809_04_09,15,0.66448027,1.3267614,1.8034571,9.802027,0,0,0.6,1,2,6,7
W1,確認,20260809_04_11,18,0.70190686,1.401721,1.6406378,8.990105,1,1,0.5,6,7,11,12
W1,確認,20260809_04_12,18,0.55281687,1.4751555,1.8859552,9.804174,0,1,0.5,5,9,10,11
W1,確認,20260809_07_01,16,0.5760544,1.5162294,1.3927969,8.380683,0,2,0.5625,5,7,8,9
W1,確認,20260809_07_02,9,0.53049296,1.4948285,1.394892,7.5268755,1,3,1.0,0,0,1,2
W1,確認,20260809_07_03,8,0.70190686,1.6378576,1.2465918,6.6347237,1,2,1.125,0,0,0,0
W1,確認,20260809_07_04,16,0.7318511,1.9790437,1.8947629,8.499306,1,2,0.5625,3,5,7,8
W1,確認,20260809_07_05,16,0.53062075,1.2466855,1.6327016,10.191484,1,1,0.5625,2,4,9,9
W1,確認,20260809_07_07,18,0.71096444,1.4065645,1.9461259,10.388431,0,1,0.5,4,6,8,11
W1,確認,20260809_07_08,11,0.71096444,1.6788377,1.4097403,6.863021,1,2,0.8181818181818182,1,4,4,5
W1,確認,20260809_07_10,16,0.38683805,1.0207803,1.6152521,10.7866955,1,2,0.5625,3,6,9,9
W1,確認,20260809_07_11,17,0.53062075,1.2448457,1.916938,11.267828,1,1,0.5294117647058824,2,4,8,9
W1,確認,20260809_07_12,15,0.7318511,1.5743421,1.6083921,8.064716,1,2,0.6,5,5,8,8
W1,確認,20260815_01_01,12,0.55281687,1.5636481,1.6338924,8.445236,1,2,0.75,2,2,3,5
W1,確認,20260815_01_02,10,0.7318511,1.8961776,1.283373,6.247009,0,2,0.9,2,2,4,5
W1,確認,20260815_01_03,12,0.5211575,1.4964174,1.5122904,8.099947,0,1,0.75,1,4,4,4
W1,確認,20260815_01_04,12,0.71096444,1.7747548,1.2145425,6.9526696,0,1,0.75,2,3,5,6
W1,確認,20260815_01_05,12,0.46191216,1.2216487,1.6782726,9.6157465,1,2,0.75,0,2,3,3
W1,確認,20260815_01_06,14,0.6849756,1.7906094,1.431949,7.2837563,0,1,0.6428571428571429,6,6,6,7
W1,確認,20260815_01_07,15,0.5760544,1.4065593,1.4877995,8.420657,0,0,0.6,2,6,7,8
W1,確認,20260815_01_08,10,0.6404161,1.5876064,1.4383644,7.0231256,1,2,0.9,2,2,2,4
W1,確認,20260815_01_10,16,0.55281687,1.1442257,1.534612,10.095223,1,2,0.5625,3,5,9,12
W1,確認,20260815_01_12,14,0.7318511,1.7157062,1.3812037,7.352614,1,2,0.6428571428571429,3,5,7,8
W1,確認,20260815_04_01,9,0.7674636,1.8849438,1.2273772,6.088255,1,1,1.0,1,2,2,2
W1,確認,20260815_04_02,15,0.47747746,1.2504803,1.793474,10.646932,0,0,0.6,1,4,5,6
W1,確認,20260815_04_03,12,0.55281687,1.4528071,1.5314627,8.58061,0,1,0.75,0,3,4,4
W1,確認,20260815_04_04,15,0.7318511,1.7380301,1.5907393,7.2330523,1,2,0.6,7,8,9,9
W1,確認,20260815_04_05,18,0.481982,1.0893447,1.8590788,12.113919,1,2,0.5,3,5,10,13
W1,確認,20260815_04_06,12,0.7268052,1.8387454,1.3264939,7.24236,1,2,0.75,1,2,4,6
W1,確認,20260815_04_07,15,0.47826287,1.0102228,1.6817346,11.03644,0,0,0.6,1,4,7,8
W1,確認,20260815_04_08,15,0.55281687,1.5160829,1.5125035,8.860866,1,1,0.6,4,5,7,8
W1,確認,20260815_04_10,15,0.7318511,1.6475618,1.4340192,7.803281,1,2,0.6,2,5,9,10
W1,確認,20260815_04_11,18,0.59618586,1.4850398,1.7300031,9.42307,1,1,0.5,6,8,10,11
W1,確認,20260815_04_12,18,0.45336214,1.0042055,1.8893658,12.012536,1,1,0.5,5,6,8,11
W1,確認,20260815_07_01,16,0.70190686,1.8202478,1.434589,7.4739695,0,0,0.5625,5,7,8,11
W1,確認,20260815_07_02,15,0.45336214,1.2024444,1.4081293,8.837027,0,2,0.6,5,6,7,8
W1,確認,20260815_07_04,14,0.7318511,1.5159795,1.504073,8.086843,1,2,0.6428571428571429,1,5,6,7
W1,確認,20260815_07_05,16,0.4793432,1.151605,1.7178887,10.757537,1,1,0.5625,3,4,8,8
W1,確認,20260815_07_06,11,0.55281687,1.3896842,1.4834236,7.9877605,1,2,0.8181818181818182,1,2,3,3
W1,確認,20260815_07_07,8,0.45725998,1.3163348,1.346082,6.8148847,0,1,1.125,0,1,1,2
W1,確認,20260815_07_08,10,0.55281687,1.5022861,1.4927231,7.447571,1,2,0.9,1,2,3,3
W1,確認,20260815_07_09,16,0.55281687,1.1368794,1.9781598,11.411321,0,1,0.5625,1,3,6,8
W1,確認,20260815_07_10,16,0.5760544,1.3835101,1.7090986,9.810533,0,0,0.5625,3,6,8,10
W1,確認,20260815_07_11,15,0.44035664,1.1689593,1.7124201,10.04407,0,1,0.6,5,5,7,7
W1,確認,20260815_07_12,16,0.7318511,1.4498959,1.446607,8.058961,1,3,0.5625,5,6,8,11
W1,確認,20260816_01_01,14,0.71096444,1.9524219,1.3738966,6.460558,0,0,0.6428571428571429,5,6,9,9
W1,確認,20260816_01_03,14,0.7318511,1.4667993,1.6897768,8.586699,1,2,0.6428571428571429,2,2,6,6
W1,確認,20260816_01_04,14,0.39495495,1.1472608,1.4439943,9.608322,1,2,0.6428571428571429,2,4,7,9
W1,確認,20260816_01_05,12,0.66448027,1.5953199,1.5337169,8.40387,0,2,0.75,0,1,3,4
W1,確認,20260816_01_06,12,0.45336214,1.2438337,1.6266677,9.381581,0,1,0.75,0,1,4,5
W1,確認,20260816_01_07,16,0.5526891,1.5465776,1.7409524,8.821884,0,1,0.5625,5,7,8,8
W1,確認,20260816_01_08,11,0.55281687,1.5188017,1.4954075,7.495268,0,1,0.8181818181818182,2,2,4,4
W1,確認,20260816_01_09,16,0.66448027,1.521196,1.7800242,9.735623,0,0,0.5625,3,4,7,9
W1,確認,20260816_01_10,12,0.5109734,1.3597236,1.5920027,8.530083,1,2,0.75,3,3,3,4
W1,確認,20260816_01_11,16,0.41897622,1.1502396,1.9803823,11.618884,0,1,0.5625,2,3,8,9
W1,確認,20260816_01_12,14,0.7318511,1.5205346,1.616474,8.4380045,1,2,0.6428571428571429,2,3,6,6
W1,確認,20260816_04_01,13,0.7318511,1.5457823,1.1776078,6.6348615,1,2,0.6923076923076923,5,6,6,6
W1,確認,20260816_04_02,17,0.53062075,1.2903574,1.4620335,9.041094,1,2,0.5294117647058824,4,9,10,11
W1,確認,20260816_04_03,15,0.55281687,1.3384575,1.4260848,8.385933,0,1,0.6,5,7,8,8
W1,確認,20260816_04_04,13,0.53049296,1.1911176,1.5997225,9.444078,0,1,0.6923076923076923,0,3,5,6
W1,確認,20260816_04_05,12,0.7318511,1.8554051,1.2696197,6.674552,0,1,0.75,2,3,5,7
W1,確認,20260816_04_06,13,0.70240545,1.5459574,1.614538,8.319742,1,2,0.6923076923076923,3,3,5,5
W1,確認,20260816_04_07,15,0.506006,1.1351655,1.8757868,11.411702,0,0,0.6,1,2,6,8
W1,確認,20260816_04_08,13,0.45336214,1.120206,1.7708086,10.529943,0,0,0.6923076923076923,1,2,3,6
W1,確認,20260816_04_10,15,0.53049296,1.3623142,1.4443946,8.716936,1,2,0.6,2,7,8,9
W1,確認,20260816_04_11,9,0.5316759,1.3370463,1.3803352,7.676067,0,0,1.0,0,0,1,3
W1,確認,20260816_04_12,15,0.53062075,1.462067,1.4607686,8.231705,1,2,0.6,4,7,8,10
W1,確認,20260816_07_01,10,0.55281687,1.4995059,1.5655491,7.5645843,1,1,0.9,1,1,3,3
W1,確認,20260816_07_02,12,0.55281687,1.4416708,1.6305699,8.993517,0,2,0.75,0,1,4,5
W1,確認,20260816_07_03,8,0.45336214,1.2935623,1.160045,7.1663723,0,2,1.125,0,0,0,0
W1,確認,20260816_07_04,18,0.71096444,1.7243725,1.6790121,8.507513,0,1,0.5,6,8,10,10
W1,確認,20260816_07_05,16,0.6001186,1.512292,1.9983228,8.916472,1,2,0.5625,5,7,9,9
W1,確認,20260816_07_07,16,0.5760544,1.2754921,1.8548176,10.828086,1,2,0.5625,1,3,7,9
W1,確認,20260816_07_08,16,0.55281687,1.5418745,1.7435542,9.806189,0,2,0.5625,2,5,8,8
W1,確認,20260816_07_09,18,0.70190686,1.5586226,1.7401373,9.391462,0,1,0.5,4,6,10,11
W1,確認,20260816_07_10,16,0.55281687,1.1933988,1.7361349,10.377084,0,1,0.5625,2,4,8,10
W1,確認,20260816_07_11,16,0.7318511,1.469359,1.7751956,9.353905,0,0,0.5625,3,5,5,9
W1,確認,20260816_07_12,16,0.5591232,1.4849578,1.5977033,9.145968,1,2,0.5625,5,5,8,9
W1,確認,20260822_01_01,12,0.7318511,1.7535955,1.0013068,6.275713,0,1,0.75,1,5,6,7
W1,確認,20260822_01_03,14,0.5526891,1.3292576,1.4626878,8.318322,1,2,0.6428571428571429,3,5,6,6
W1,確認,20260822_01_04,16,0.6001186,1.510974,1.7847339,9.243349,0,1,0.5625,4,6,7,9
W1,確認,20260822_01_05,14,0.45336214,1.2935623,2.247771,11.313253,0,1,0.6428571428571429,1,1,4,5
W1,確認,20260822_01_06,13,0.7318511,1.7159413,1.197715,6.6238027,0,1,0.6923076923076923,4,6,7,8
W1,確認,20260822_01_07,12,0.55281687,1.4091237,1.6347526,8.466548,0,1,0.75,2,2,4,4
W1,確認,20260822_01_08,10,0.53062075,1.3099469,1.4178336,8.133912,1,2,0.9,0,0,2,2
W1,確認,20260822_01_09,14,0.42222825,1.2024084,1.5829372,10.092531,1,1,0.6428571428571429,0,3,7,8
W1,確認,20260822_01_10,14,0.39009008,0.99428713,2.0572937,11.544207,0,0,0.6428571428571429,1,2,4,6
W1,確認,20260822_01_11,13,0.55281687,1.2605293,1.6184968,9.518408,1,1,0.6923076923076923,0,3,3,5
W1,確認,20260822_01_12,11,0.66448027,1.7282705,1.3147715,6.8818874,0,1,0.8181818181818182,2,3,5,5
W1,確認,20260822_04_03,12,0.53049296,1.346749,1.6045415,9.404391,0,0,0.75,0,0,4,5
W1,確認,20260822_04_04,15,0.6404161,1.378833,1.595054,8.967137,1,1,0.6,3,5,6,10
W1,確認,20260822_04_05,18,0.55281687,1.4550856,1.7769071,10.225304,0,1,0.5,4,6,10,11
W1,確認,20260822_04_06,18,0.55281687,1.3833219,1.6998798,9.510989,0,2,0.5,5,8,10,11
W1,確認,20260822_04_07,18,0.27675378,0.7629506,1.8829349,14.303244,0,0,0.5,3,4,10,13
W1,確認,20260822_04_08,15,0.55281687,1.3651352,1.6689609,9.709557,1,1,0.6,4,4,6,7
W1,確認,20260822_04_09,13,0.55281687,1.4141394,1.320133,8.056006,0,2,0.6923076923076923,4,4,6,7
W1,確認,20260822_04_10,15,0.36836958,0.77405083,1.4919357,11.529474,1,1,0.6,1,5,8,11
W1,確認,20260822_04_11,12,0.7104659,1.5188826,1.292128,7.453197,1,2,0.75,2,2,4,6
W1,確認,20260822_04_12,15,0.71096444,1.5521688,1.1045686,6.918249,1,2,0.6,4,7,10,11
W1,確認,20260822_07_01,9,0.71096444,1.8165982,0.8150055,5.3583117,1,2,1.0,2,3,3,3
W1,確認,20260822_07_02,10,0.47747746,1.3131965,1.557488,8.528686,1,3,0.9,0,0,2,2
W1,確認,20260822_07_03,8,0.7318511,1.7360516,1.1661247,6.017774,0,2,1.125,0,1,1,2
W1,確認,20260822_07_04,18,0.53049296,1.4446005,1.6530985,9.507211,0,0,0.5,5,9,9,10
W1,確認,20260822_07_05,16,0.7318511,1.5688504,1.2985382,7.260565,1,2,0.5625,6,9,10,10
W1,確認,20260822_07_06,14,0.38683805,1.0748484,1.7953454,10.829527,1,1,0.6428571428571429,0,3,5,7
W1,確認,20260822_07_07,16,0.55281687,1.360998,1.6310055,9.35883,1,1,0.5625,4,5,7,10
W1,確認,20260822_07_08,10,0.70240545,1.4667943,1.3746879,7.1813626,1,2,0.9,1,1,3,3
W1,確認,20260822_07_10,12,0.6404161,1.6064008,1.388364,7.637776,1,1,0.75,3,3,4,5
W1,確認,20260822_07_11,15,0.70240545,1.654248,1.8806082,8.456266,1,2,0.6,4,6,6,7
W1,確認,20260822_07_12,17,0.6001186,1.7289898,1.7238927,8.421958,1,2,0.5294117647058824,6,8,10,11
W1,確認,20260823_01_01,12,0.71096444,1.4076288,1.4103112,7.531331,1,2,0.75,2,3,4,5
W1,確認,20260823_01_02,11,0.55281687,1.2635899,1.6150628,8.978425,0,1,0.8181818181818182,0,0,4,4
W1,確認,20260823_01_03,13,0.5526891,1.5812049,1.7243606,8.329694,1,2,0.6923076923076923,3,4,5,5
W1,確認,20260823_01_04,14,0.55281687,1.3716129,1.7370454,9.540113,1,2,0.6428571428571429,1,4,6,6
W1,確認,20260823_01_06,14,0.70240545,1.7857153,1.6629199,8.686555,0,1,0.6428571428571429,0,2,7,9
W1,確認,20260823_01_07,11,0.55281687,1.5944111,1.533113,7.619898,1,1,0.8181818181818182,0,3,4,4
W1,確認,20260823_01_08,11,0.5526891,1.3585135,1.4481707,8.124381,1,1,0.8181818181818182,0,2,3,5
W1,確認,20260823_01_09,13,0.4354918,1.0152601,1.7291858,10.2196665,0,1,0.6923076923076923,2,2,4,5
W1,確認,20260823_01_10,14,0.46892747,1.1919218,1.6290796,9.729411,0,1,0.6428571428571429,3,4,5,6
W1,確認,20260823_01_11,16,0.45336214,1.1523442,1.9050075,11.660195,1,1,0.5625,1,4,7,9
W1,確認,20260823_01_12,14,0.42222825,1.1509176,1.665955,10.49939,0,0,0.6428571428571429,1,3,6,7
W1,確認,20260823_04_01,12,0.8206141,1.5019689,0.9513194,5.5907397,1,1,0.75,4,5,6,6
W1,確認,20260823_04_02,11,0.53062075,1.2616711,1.5730629,8.958738,0,1,0.8181818181818182,0,0,2,4
W1,確認,20260823_04_03,12,0.5061425,1.2387441,1.4041853,8.909069,0,0,0.75,0,1,5,6
W1,確認,20260823_04_04,15,0.55281687,1.6362545,1.8866897,8.430412,1,2,0.6,4,5,7,7
W1,確認,20260823_04_05,18,0.7318511,1.3178514,1.7089608,9.124391,1,1,0.5,5,6,9,11
W1,確認,20260823_04_06,15,0.45336214,0.99921954,1.6510293,10.869009,1,2,0.6,3,4,6,8
W1,確認,20260823_04_07,10,0.70240545,1.7708045,1.6565557,7.078337,0,2,0.9,1,2,3,3
W1,確認,20260823_04_08,12,0.4709212,1.1724504,1.3900969,8.568759,0,2,0.75,2,3,4,6
W1,確認,20260823_04_09,15,0.55281687,1.4338564,1.9102118,9.861985,1,1,0.6,2,4,6,8
W1,確認,20260823_04_10,12,0.70190686,1.7720034,1.6110632,7.666618,0,2,0.75,2,2,3,7
W1,確認,20260823_04_11,17,0.5211575,1.2810063,1.8223681,10.465871,0,0,0.5294117647058824,5,6,8,11
W1,確認,20260823_04_12,12,0.7318511,1.7620941,0.92760634,5.947256,1,2,0.75,3,5,6,7
W1,確認,20260823_07_02,8,0.47747746,1.3842018,1.3478999,7.174684,1,1,1.125,0,0,0,1
W1,確認,20260823_07_03,9,0.55281687,1.2886157,1.2678473,7.5591006,0,1,1.0,0,0,1,2
W1,確認,20260823_07_04,15,0.7318511,1.671506,1.719493,8.014019,0,0,0.6,4,6,7,8
W1,確認,20260823_07_05,11,0.49699697,1.1712408,1.563448,9.3602295,1,1,0.8181818181818182,0,0,1,4
W1,確認,20260823_07_06,14,0.5109734,1.3518517,1.4855014,9.172291,0,2,0.6428571428571429,2,4,5,8
W1,確認,20260823_07_07,16,0.55281687,1.3726453,1.5647892,9.246455,1,1,0.5625,4,7,7,8
W1,確認,20260823_07_08,16,0.5063324,1.2243772,1.7052933,10.18871,0,0,0.5625,4,5,8,8
W1,確認,20260823_07_10,14,0.70240545,1.7389045,1.4378719,7.7403464,1,2,0.6428571428571429,3,5,6,6
W1,確認,20260823_07_11,17,0.55281687,1.4595411,1.8819475,10.147217,0,1,0.5294117647058824,5,6,8,10
W1,確認,20260823_07_12,16,0.55281687,1.2378335,1.6732688,9.93351,0,1,0.5625,4,5,8,9
W1,確認,20260829_01_01,14,0.46892747,1.2730879,1.6446488,9.448775,0,1,0.6428571428571429,2,5,5,6
W1,確認,20260829_01_02,13,0.7318511,1.7928371,1.3819387,7.071747,0,1,0.6923076923076923,4,5,6,6
W1,確認,20260829_01_03,11,0.7318511,1.8374848,1.3598623,6.44382,0,1,0.8181818181818182,2,5,5,5
W1,確認,20260829_01_04,12,0.7318511,1.7001977,1.2669898,6.7903976,0,1,0.75,2,2,5,7
W1,確認,20260829_01_05,14,0.53049296,1.2390848,1.9307612,10.874991,0,0,0.6428571428571429,0,2,4,4
W1,確認,20260829_01_06,14,0.55281687,1.4595411,1.8529564,9.383926,0,1,0.6428571428571429,3,4,4,5
W1,確認,20260829_01_07,16,0.53062075,1.2790251,1.7988857,10.182192,0,1,0.5625,5,6,6,6
W1,確認,20260829_01_08,10,0.47357965,1.312425,1.1895897,7.558125,1,2,0.9,1,1,3,5
W1,確認,20260829_01_09,12,0.7318511,1.7028285,1.6312706,7.705615,1,1,0.75,2,3,3,4
W1,確認,20260829_01_10,12,0.55281687,1.1196836,1.4418249,8.909643,1,2,0.75,0,1,5,7
W1,確認,20260829_01_11,14,0.7318511,1.3724331,1.7063696,8.897595,0,0,0.6428571428571429,1,2,6,7
W1,確認,20260829_01_12,12,0.6001186,1.7057524,1.1167729,6.805102,1,2,0.75,1,5,6,6
W1,確認,20260829_04_02,15,0.5760544,1.6117862,1.7760257,8.552061,1,2,0.6,4,6,7,7
W1,確認,20260829_04_03,10,0.525662,1.447069,1.3552431,7.6880846,1,2,0.9,1,1,2,3
W1,確認,20260829_04_04,18,0.5760544,1.443622,2.094694,11.446268,1,2,0.5,4,5,8,12
W1,確認,20260829_04_05,18,0.7318511,1.8701888,1.78081,8.042225,1,2,0.5,7,9,9,10
W1,確認,20260829_04_06,15,0.44035664,1.2567936,1.7903962,9.783298,0,1,0.6,3,4,7,8
W1,確認,20260829_04_07,17,0.55281687,1.2157592,1.771486,10.765988,1,1,0.5294117647058824,4,4,9,10
W1,確認,20260829_04_08,11,0.71096444,1.6827575,1.304229,6.8636255,1,2,0.8181818181818182,2,3,4,5
W1,確認,20260829_04_09,13,0.49234477,1.4325198,1.6578578,7.7175465,0,1,0.6923076923076923,5,5,6,6
W1,確認,20260829_04_10,18,0.63754517,1.3861561,1.6579715,9.436483,1,3,0.5,3,8,11,11
W1,確認,20260829_04_11,18,0.8412698,1.503222,1.419233,7.434129,0,0,0.5,4,9,12,12
W1,確認,20260829_04_12,12,0.6404161,1.5415599,1.1580814,6.5358863,1,2,0.75,3,5,6,7
W1,確認,20260829_07_01,11,0.7318511,1.641523,1.1663803,6.851894,1,2,0.8181818181818182,0,2,4,5
W1,確認,20260829_07_02,12,0.55281687,1.4011997,1.2741069,7.9238653,1,2,0.75,1,2,5,7
W1,確認,20260829_07_03,12,0.51534146,1.3179322,1.7626867,9.312449,0,0,0.75,1,2,3,3
W1,確認,20260829_07_04,16,0.7318511,1.6385753,1.7790276,8.500612,1,1,0.5625,4,6,9,10
W1,確認,20260829_07_05,13,0.7318511,1.7929649,1.7319008,7.897555,1,2,0.6923076923076923,3,4,5,6
W1,確認,20260829_07_06,13,0.55281687,1.4079329,1.4603672,8.510585,0,0,0.6923076923076923,1,4,5,7
W1,確認,20260829_07_07,15,0.53049296,1.3067715,1.7037845,9.490613,1,2,0.6,2,5,7,8
W1,確認,20260829_07_08,14,0.5061425,1.314035,1.7259027,9.833779,1,1,0.6428571428571429,2,2,6,7
W1,確認,20260829_07_09,9,0.55281687,1.2120318,1.2147292,7.4625964,0,1,1.0,0,0,2,2
W1,確認,20260829_07_10,16,0.53062075,1.5014703,1.8943697,9.890093,1,1,0.5625,2,6,6,10
W1,確認,20260829_07_11,13,0.7318511,1.7359238,1.7320179,8.181088,0,1,0.6923076923076923,1,3,4,6
W1,確認,20260829_07_12,14,0.55281687,1.5828357,1.5197175,7.9612494,1,2,0.6428571428571429,4,6,7,7
W1,確認,20260830_01_01,14,0.5526891,1.4295921,1.8129575,9.445289,1,3,0.6428571428571429,3,4,4,7
W1,確認,20260830_01_02,14,0.6409147,1.6535684,1.6165168,8.156927,0,0,0.6428571428571429,4,4,6,8
W1,確認,20260830_01_03,14,0.53062075,1.3789378,1.4499484,8.760117,0,1,0.6428571428571429,4,5,7,8
W1,確認,20260830_01_04,16,0.55281687,1.3082591,1.6486294,9.7733555,0,1,0.5625,4,5,7,11
W1,確認,20260830_01_05,8,0.55281687,1.4462776,1.2203864,7.050929,1,2,1.125,0,0,0,0
W1,確認,20260830_01_06,12,0.5591232,1.4109871,1.336385,7.636861,1,2,0.75,4,4,4,5
W1,確認,20260830_01_07,12,0.55281687,1.5646793,1.6348003,8.428156,1,1,0.75,2,2,3,5
W1,確認,20260830_01_08,14,0.71096444,1.2982372,1.3225833,7.500864,1,1,0.6428571428571429,3,4,8,8
W1,確認,20260830_01_09,11,0.45336214,1.3289526,1.2998106,7.7466187,0,2,0.8181818181818182,2,3,3,3
W1,確認,20260830_01_10,16,0.7104659,1.2603748,2.0021348,10.369882,0,0,0.5625,2,3,4,9
W1,確認,20260830_01_11,14,0.45336214,1.0965182,1.7882402,10.576331,1,1,0.6428571428571429,2,3,4,5
W1,確認,20260830_01_12,14,0.7318511,1.6376252,1.9345367,8.781176,0,1,0.6428571428571429,3,3,6,7
W1,確認,20260830_04_02,12,0.53049296,1.2638265,1.649485,9.287869,1,2,0.75,0,0,2,4
W1,確認,20260830_04_03,8,0.6412427,1.5720823,0.7438776,5.395581,1,1,1.125,1,2,2,3
W1,確認,20260830_04_04,11,0.70240545,1.5105866,1.5829403,8.056193,1,2,0.8181818181818182,0,0,3,3
W1,確認,20260830_04_05,18,0.6823425,1.5991518,1.6450762,8.566581,0,0,0.5,7,8,10,12
W1,確認,20260830_04_06,15,0.55281687,1.2815063,1.6057884,9.309229,1,1,0.6,3,6,6,8
W1,確認,20260830_04_07,12,0.55281687,1.5367998,1.5256923,7.796808,0,1,0.75,3,4,4,6
W1,確認,20260830_04_08,11,0.71096444,1.9098285,1.2019924,6.701929,1,3,0.8181818181818182,0,1,4,5
W1,確認,20260830_04_09,18,0.55281687,1.4497025,1.952918,10.784716,0,1,0.5,2,6,9,12
W1,確認,20260830_04_10,15,0.71096444,1.7490653,1.3866969,7.4027967,0,2,0.6,5,7,7,8
W1,確認,20260830_04_11,13,0.7187815,1.6148021,1.1353363,6.7104135,1,3,0.6923076923076923,3,5,7,7
W1,確認,20260830_04_12,15,0.55281687,1.536672,1.7012433,9.189777,1,2,0.6,4,4,5,7
W1,確認,20260830_07_01,10,0.70240545,1.9576278,1.0322542,5.6825485,1,2,0.9,2,4,4,4
W1,確認,20260830_07_02,10,0.5526891,1.5365442,1.45936,7.9214168,0,1,0.9,0,0,2,2
W1,確認,20260830_07_03,11,0.49699697,1.3352901,1.7101034,8.713554,0,1,0.8181818181818182,0,2,2,2
W1,確認,20260830_07_04,16,0.76783276,1.7740117,1.5655373,7.92598,1,1,0.5625,4,6,9,10
W1,確認,20260830_07_05,13,0.55281687,1.2417351,1.8196454,10.065701,0,1,0.6923076923076923,0,2,4,5
W1,確認,20260830_07_06,16,0.7318511,1.3513076,1.6284335,8.73401,1,2,0.5625,4,5,7,11
W1,確認,20260830_07_07,9,0.5109734,1.4176977,1.1684932,6.862469,1,2,1.0,1,2,2,2
W1,確認,20260830_07_08,15,0.7318511,1.7442336,1.5875686,8.157216,0,1,0.6,1,5,9,9
W1,確認,20260830_07_09,15,0.55281687,1.6089718,1.5266962,8.11058,0,1,0.6,5,6,8,8
W1,確認,20260830_07_10,10,0.70240545,1.6377347,1.3488393,7.120215,0,1,0.9,1,1,2,2
W1,確認,20260830_07_11,18,0.55281687,1.3236711,2.1505408,11.251656,0,1,0.5,5,7,7,8
W1,確認,20260830_07_12,14,0.55281687,1.6583228,1.9221855,8.708944,0,1,0.6428571428571429,2,4,6,7
W1,確認,20260905_01_01,12,0.7667462,1.7814753,1.2471116,6.3621607,1,2,0.75,4,5,5,7
W1,確認,20260905_01_02,11,0.49234477,1.2005719,1.3166014,8.449059,1,2,0.8181818181818182,0,2,3,3
W1,確認,20260905_01_03,12,0.70240545,1.6862606,1.6726084,7.9054556,0,1,0.75,2,3,3,4
W1,確認,20260905_01_04,14,0.7318511,1.4629014,1.4454683,7.955634,1,2,0.6428571428571429,2,3,7,7
W1,確認,20260905_01_05,14,0.45801434,1.3517331,1.8354946,10.541534,1,2,0.6428571428571429,1,1,5,8
W1,確認,20260905_01_06,16,0.53049296,1.173649,2.094945,11.500779,0,0,0.5625,2,3,6,8
W1,確認,20260905_01_07,12,0.6649788,1.5763552,1.2580857,7.352627,1,2,0.75,1,3,7,7
W1,確認,20260905_01_08,12,0.45336214,1.1991925,1.6273297,9.287164,1,1,0.75,2,2,3,4
W1,確認,20260905_01_09,14,0.45336214,1.0981185,1.618737,10.235987,1,2,0.6428571428571429,1,3,7,7
W1,確認,20260905_01_10,16,0.47343194,1.3386524,1.8766897,10.571275,1,1,0.5625,2,4,7,9
W1,確認,20260905_01_11,9,0.7318511,1.8374848,1.1985661,6.0174317,1,3,1.0,2,2,3,3
W1,確認,20260905_01_12,13,0.67303926,1.5680927,1.3954637,8.038061,0,1,0.6923076923076923,1,3,5,8
W1,確認,20260905_06_02,16,0.7318511,1.9018465,1.6944631,8.387523,1,2,0.5625,4,6,7,9
W1,確認,20260905_06_03,10,0.41897622,1.0030388,1.0282118,7.7722883,1,2,0.9,0,3,3,4
W1,確認,20260905_06_04,11,0.7318511,1.8670287,1.2175667,5.9888225,1,2,0.8181818181818182,3,4,5,6
W1,確認,20260905_06_05,11,0.55281687,1.5861119,1.5096465,8.288092,1,2,0.8181818181818182,0,0,3,4
W1,確認,20260905_06_06,14,0.45336214,1.1434271,1.8695371,10.843983,0,1,0.6428571428571429,1,2,6,6
W1,確認,20260905_06_07,16,0.63754517,1.7671152,1.675652,7.8780875,1,1,0.5625,7,8,8,8
W1,確認,20260905_06_08,16,0.42709315,1.2050617,1.6302764,10.536205,1,2,0.5625,3,5,8,10
W1,確認,20260905_06_09,15,0.70240545,1.7085844,1.4002094,7.743214,0,1,0.6,2,6,8,11
W1,確認,20260905_06_10,13,0.53062075,1.2949303,1.5777595,9.083651,1,2,0.6923076923076923,2,3,5,6
W1,確認,20260905_06_11,16,0.47677946,1.2151965,1.9130538,11.2478695,0,0,0.5625,4,4,5,7
W1,確認,20260905_06_12,13,0.5591232,1.5299728,1.4135413,8.115057,0,2,0.6923076923076923,0,3,7,8
W1,確認,20260905_09_01,11,0.49699697,1.437172,1.5554247,7.7412415,1,2,0.8181818181818182,2,2,4,5
W1,確認,20260905_09_03,13,0.66334534,1.6030825,1.4669981,7.75525,1,3,0.6923076923076923,2,4,6,7
W1,確認,20260905_09_04,17,0.7318511,1.6294677,1.6917144,8.908757,1,2,0.5294117647058824,5,6,8,10
W1,確認,20260905_09_05,12,0.481982,1.1554247,1.640024,9.942774,0,1,0.75,0,0,3,5
W1,確認,20260905_09_06,13,0.5063324,1.2373827,1.6739452,9.800207,0,1,0.6923076923076923,0,2,4,4
W1,確認,20260905_09_07,16,0.55281687,1.5652919,1.93175,10.060937,1,2,0.5625,4,4,7,7
W1,確認,20260905_09_08,9,0.70240545,1.7017835,1.4886924,6.7103534,0,2,1.0,1,2,2,2
W1,確認,20260905_09_09,11,0.7318511,1.5551442,1.3517892,6.943221,1,3,0.8181818181818182,1,4,4,4
W1,確認,20260905_09_11,12,0.53049296,1.3576877,1.4243531,8.854456,0,1,0.75,0,0,6,7
W1,確認,20260905_09_12,12,0.576881,1.487503,1.4077673,8.266157,1,2,0.75,2,2,3,5
W1,確認,20260906_01_01,13,0.55281687,1.4258183,1.6099957,8.635164,1,1,0.6923076923076923,3,3,4,5
W1,確認,20260906_01_02,10,0.55281687,1.4416708,1.5879729,7.8386292,1,3,0.9,0,1,3,3
W1,確認,20260906_01_03,14,0.55281687,1.5267298,1.6845622,8.406658,0,1,0.6428571428571429,5,5,5,7
W1,確認,20260906_01_04,16,0.53049296,1.364309,1.932517,10.163721,1,2,0.5625,4,6,7,7
W1,確認,20260906_01_05,15,0.47826287,1.3458304,1.723624,9.521446,0,1,0.6,3,5,7,8
W1,確認,20260906_01_06,12,0.4728253,1.3474113,1.7085974,9.390155,0,0,0.75,1,1,3,4
W1,確認,20260906_01_07,16,0.36936936,0.9247457,1.7547408,12.438756,1,2,0.5625,2,3,8,9
W1,確認,20260906_01_08,14,0.70190686,1.914787,1.4680791,7.5141234,0,1,0.6428571428571429,3,4,5,7
W1,確認,20260906_01_09,14,0.5109734,1.1586933,1.6076813,9.565394,1,1,0.6428571428571429,4,4,4,7
W1,確認,20260906_01_10,14,0.70240545,1.3816011,1.7843751,9.330507,1,2,0.6428571428571429,1,2,3,7
W1,確認,20260906_01_11,14,0.46892747,1.2155432,1.7452044,10.343834,0,1,0.6428571428571429,1,2,6,9
W1,確認,20260906_01_12,12,0.55281687,1.3316023,1.5576175,8.81789,1,2,0.75,1,2,2,3
W1,確認,20260906_06_02,14,0.70240545,1.4445843,1.2724836,7.013879,1,2,0.6428571428571429,5,7,7,8
W1,確認,20260906_06_03,15,0.7318511,1.5425303,1.1817244,7.0441556,1,3,0.6,3,7,9,11
W1,確認,20260906_06_04,16,0.55281687,1.6583228,1.7697284,8.10277,0,1,0.5625,7,7,7,8
W1,確認,20260906_06_05,15,0.45336214,1.1301913,2.021586,11.938877,0,2,0.6,1,3,4,7
W1,確認,20260906_06_06,12,0.71096444,1.5383444,1.7700125,8.812778,0,2,0.75,1,1,2,3
W1,確認,20260906_06_07,18,0.8412698,1.7642835,1.7599462,8.419785,0,0,0.5,7,7,10,11
W1,確認,20260906_06_08,16,0.46892747,1.3623883,1.9071693,10.161779,0,0,0.5625,2,5,9,9
W1,確認,20260906_06_09,16,0.45336214,1.184206,1.6485299,10.720041,0,1,0.5625,3,4,8,11
W1,確認,20260906_06_10,9,0.61717856,1.4902676,1.2075763,7.1846585,0,1,1.0,0,0,1,2
W1,確認,20260906_06_11,11,0.55281687,1.5348631,1.8684574,8.93759,1,1,0.8181818181818182,0,0,1,3
W1,確認,20260906_06_12,16,0.46892747,1.2945093,1.6323928,9.441564,1,2,0.5625,3,7,8,9
W1,確認,20260906_09_01,10,0.5591232,1.4723052,1.4738889,7.8162603,1,2,0.9,0,1,2,3
W1,確認,20260906_09_02,16,0.55281687,1.5897701,2.173086,9.911302,1,1,0.5625,2,4,7,8
W1,確認,20260906_09_03,15,0.7318511,1.625238,1.657937,8.281977,1,2,0.6,3,5,7,8
W1,確認,20260906_09_04,15,0.55281687,1.4680911,1.2415175,8.054703,0,1,0.6,5,6,9,10
W1,確認,20260906_09_05,10,0.53049296,1.4439224,1.493758,8.284151,1,2,0.9,0,0,0,2
W1,確認,20260906_09_06,12,0.7318511,1.454193,1.3138684,7.3124685,0,1,0.75,2,2,4,5
W1,確認,20260906_09_07,14,0.55281687,1.2104816,1.8050144,10.0236225,0,1,0.6428571428571429,3,3,3,6
W1,確認,20260906_09_09,16,0.3803625,1.0926859,2.1222486,11.763808,1,2,0.5625,2,3,7,10
W1,確認,20260906_09_10,13,0.70240545,1.5728366,1.5236344,8.35482,1,2,0.6923076923076923,1,2,4,7
W1,確認,20260906_09_11,16,0.481982,1.1264656,2.0441527,12.39573,0,1,0.5625,0,2,6,10
W1,確認,20260906_09_12,16,0.45336214,1.278944,1.9028336,11.203082,0,1,0.5625,2,3,8,10
W2,確認,20260502_04_01,14,0.55657536,1.2895243,1.5413998,9.017863,0,2,0.6428571428571429,1,5,8,8
W2,確認,20260502_04_02,15,0.712781,1.5296768,1.3614434,7.680132,0,1,0.6,5,5,9,10
W2,確認,20260502_04_03,15,0.69058794,1.7908533,1.4819596,7.2737646,1,2,0.6,4,7,10,10
W2,確認,20260502_04_04,11,0.53556746,1.4744157,1.7662362,8.865904,0,0,0.8181818181818182,0,0,2,5
W2,確認,20260502_04_05,16,0.7621053,1.4983368,1.5546926,8.43206,0,0,0.5625,3,5,11,12
W2,確認,20260502_04_06,14,0.712781,1.7795875,1.4479362,7.340098,1,2,0.6428571428571429,3,4,8,9
W2,確認,20260502_04_07,15,0.7458026,1.375843,1.6386234,8.252893,1,2,0.6,5,5,6,9
W2,確認,20260502_04_08,13,0.7452703,1.9936187,1.4752593,6.7349668,0,1,0.6923076923076923,4,5,6,7
W2,確認,20260502_04_09,15,0.6618681,1.194274,1.6330572,9.689576,1,1,0.6,1,2,9,11
W2,確認,20260502_04_10,15,0.53556746,1.2194966,1.6252683,10.039082,0,1,0.6,1,5,7,9
W2,確認,20260502_04_11,15,0.3437234,0.94236016,1.6040237,11.466292,0,1,0.6,2,3,8,10
W2,確認,20260502_04_12,16,0.3965515,1.0012578,1.8749802,11.713504,1,3,0.5625,1,5,8,9
W2,確認,20260502_05_01,16,0.7289676,1.5153253,1.3500247,7.5095334,1,2,0.5625,5,7,10,11
W2,確認,20260502_05_02,14,0.7870371,1.7420707,0.7778348,4.720873,1,3,0.6428571428571429,3,8,11,12
W2,確認,20260502_05_03,9,0.7289676,1.594525,1.036694,6.125137,0,0,1.0,0,2,3,4
W2,確認,20260502_05_04,10,0.7621053,2.0021327,1.1191821,5.5670376,1,2,0.9,2,4,5,5
W2,確認,20260502_05_05,18,0.4490683,1.2735946,1.8540908,11.457189,0,1,0.5,4,5,11,12
W2,確認,20260502_05_07,16,0.53556746,1.6058991,1.4983605,7.9584227,0,1,0.5625,6,8,8,11
W2,確認,20260502_05_08,10,0.70900744,1.7546334,1.3069954,6.7239866,0,2,0.9,2,2,3,4
W2,確認,20260502_05_09,15,0.6618681,1.7633153,1.6219738,8.336796,1,3,0.6,2,6,7,9
W2,確認,20260502_05_10,11,0.49912977,1.4501063,1.6136414,8.675292,0,2,0.8181818181818182,0,1,3,5
W2,確認,20260502_05_11,18,0.7458026,1.6097978,1.9827672,9.682887,0,2,0.5,2,6,12,13
W2,確認,20260502_05_12,14,0.712781,1.6095048,1.4112103,7.765409,1,3,0.6428571428571429,1,4,9,9
W2,確認,20260502_08_01,16,0.7621053,1.839338,1.3703228,6.7327228,1,3,0.5625,5,8,10,10
W2,確認,20260502_08_02,15,0.6537457,1.5644631,1.1132264,6.783438,1,2,0.6,6,9,10,10
W2,確認,20260502_08_03,18,0.70900744,1.6060842,1.6773841,8.449249,1,1,0.5,7,9,10,11
W2,確認,20260502_08_04,18,0.72463864,1.8824891,1.9092695,8.646768,0,1,0.5,6,7,11,11
W2,確認,20260502_08_05,13,0.999999,1.7346816,0.9950611,5.171124,1,3,0.6923076923076923,4,6,7,8
W2,確認,20260502_08_06,11,0.712781,1.6759361,1.4958386,7.2720075,1,2,0.8181818181818182,2,3,4,4
W2,確認,20260502_08_07,12,0.53556746,1.461286,1.5330498,8.503038,0,1,0.75,2,2,4,5
W2,確認,20260502_08_08,13,0.55657536,1.4886943,1.3994225,8.022153,1,1,0.6923076923076923,2,4,7,8
W2,確認,20260502_08_09,9,0.70900744,1.7051705,1.375479,6.700138,0,1,1.0,0,1,3,3
W2,確認,20260502_08_10,12,0.70900744,1.6109883,1.3775814,7.1772604,0,1,0.75,2,3,6,6
W2,確認,20260502_08_11,12,0.7621053,1.6501107,1.4226873,7.0294213,1,2,0.75,3,4,5,5
W2,確認,20260502_08_12,10,0.72048444,1.5879618,1.1449151,6.2658253,1,2,0.9,1,3,4,4
W2,確認,20260503_04_01,8,0.46636793,0.66485876,0.120116025,2.5173848,0,0,1.125,5,6,7,7
W2,確認,20260503_04_07,8,0.14953254,0.4262724,0.22747202,5.179826,0,0,1.125,3,4,8,8
W2,確認,20260503_04_10,8,0.23865545,0.58174723,0.22476983,4.9973135,0,0,1.125,4,5,6,6
W2,確認,20260503_05_01,15,0.5186899,1.113852,1.1833755,8.563879,1,2,0.6,4,6,10,11
W2,確認,20260503_05_02,16,0.7621053,1.9927728,1.5493246,7.4079905,0,1,0.5625,5,7,10,10
W2,確認,20260503_05_03,12,0.7198767,1.7847656,1.0115666,5.707068,1,3,0.75,5,6,6,6
W2,確認,20260503_05_04,18,0.712781,1.5922536,1.3324999,7.93021,0,1,0.5,5,9,13,14
W2,確認,20260503_05_05,15,0.53556746,1.5898248,1.5055549,7.2815394,1,1,0.6,7,7,9,9
W2,確認,20260503_05_06,16,0.70900744,1.5195802,1.7993366,9.27035,0,0,0.5625,2,5,10,10
W2,確認,20260503_05_07,15,0.6753297,1.5551069,1.4414504,7.797877,0,1,0.6,5,6,9,9
W2,確認,20260503_05_08,9,0.55657536,1.4964681,1.0723197,6.162018,0,1,1.0,1,3,3,4
W2,確認,20260503_05_09,18,0.3803428,1.0036368,1.6887424,11.282273,0,0,0.5,5,8,11,12
W2,確認,20260503_05_10,16,0.53556746,1.4788518,1.4343352,9.010901,0,0,0.5625,3,6,10,12
W2,確認,20260503_05_11,15,0.601275,1.3378057,1.6547874,9.601231,0,0,0.6,2,4,7,9
W2,確認,20260503_05_12,13,0.53556746,1.079878,1.0460161,7.5077896,1,2,0.6923076923076923,4,6,8,8
W2,確認,20260503_08_06,8,0.19567363,0.46793202,0.14042561,4.497879,0,0,1.125,4,5,6,8
W2,確認,20260503_08_10,10,0.6540106,0.9971024,0.3736186,3.6091478,0,0,0.9,4,6,8,8
W2,確認,20260503_08_12,8,0.33568034,0.8153352,0.3692863,5.3188224,0,0,1.125,1,4,5,5
W2,確認,20260509_04_01,12,0.6753297,1.6184268,1.3541279,7.3124104,1,2,0.75,1,4,6,6
W2,確認,20260509_04_02,10,0.7621053,1.6953737,0.9603602,5.769417,1,3,0.9,2,3,5,5
W2,確認,20260509_04_03,15,0.55657536,1.4752197,1.7620369,8.889037,1,1,0.6,4,5,7,7
W2,確認,20260509_04_04,11,0.712781,1.6449,1.5845321,7.8287807,1,3,0.8181818181818182,0,1,4,5
W2,確認,20260509_04_05,16,0.53556746,1.5721438,1.6218274,8.645097,0,1,0.5625,4,7,9,10
W2,確認,20260509_04_06,16,0.5931527,1.4085996,1.3693306,8.097008,0,1,0.5625,5,8,9,10
W2,確認,20260509_04_07,15,0.70900744,1.5946425,1.3070687,7.4571414,1,2,0.6,3,6,9,10
W2,確認,20260509_04_08,15,0.3977009,1.0175761,1.4473001,10.21621,0,1,0.6,2,6,9,9
W2,確認,20260509_04_09,14,0.6537457,1.602341,1.5994811,8.422734,0,1,0.6428571428571429,2,4,5,8
W2,確認,20260509_04_10,13,0.53556746,1.1928245,1.4157976,9.085977,0,1,0.6923076923076923,0,3,7,8
W2,確認,20260509_04_11,16,0.6118371,1.3703812,1.7473097,9.353749,0,1,0.5625,3,7,8,10
W2,確認,20260509_04_12,12,0.7621053,1.7474023,1.1790141,6.731647,1,2,0.75,2,3,6,7
W2,確認,20260509_05_01,16,0.70900744,1.3632697,1.6150862,8.397274,1,2,0.5625,5,6,9,10
W2,確認,20260509_05_02,10,0.7289676,1.4771531,1.215515,6.5981708,0,0,0.9,1,2,3,3
W2,確認,20260509_05_03,16,0.999999,2.3838444,1.8058927,6.867113,1,3,0.5625,6,7,10,10
W2,確認,20260509_05_04,12,0.712781,1.8144612,1.1239977,6.161259,1,2,0.75,2,5,7,7
W2,確認,20260509_05_05,18,0.7870371,2.0716114,1.5572366,7.1428967,0,2,0.5,7,10,12,12
W2,確認,20260509_05_06,12,0.7621053,1.8934734,1.6418474,7.6296606,0,1,0.75,1,1,5,6
W2,確認,20260509_05_07,14,0.7621053,1.5426991,1.367036,7.355274,0,1,0.6428571428571429,2,3,8,10
W2,確認,20260509_05_08,8,0.7621053,1.9724264,0.6933977,4.800221,1,3,1.125,1,3,3,3
W2,確認,20260509_05_09,12,0.7621053,1.5322691,1.3953618,7.1639953,1,3,0.75,1,4,6,6
W2,確認,20260509_05_10,15,0.74094135,1.4366698,1.7215546,8.371827,1,2,0.6,3,5,7,8
W2,確認,20260509_05_11,17,0.53556746,1.3409637,1.7371265,10.286523,1,1,0.5294117647058824,2,5,10,11
W2,確認,20260509_05_12,16,0.712781,1.4047866,1.5076821,8.415241,1,1,0.5625,2,4,10,12
W2,確認,20260509_08_01,15,0.712781,2.1345694,1.6767513,7.0872016,0,1,0.6,6,8,8,8
W2,確認,20260509_08_02,15,0.46302179,1.0859617,1.1519842,8.750927,1,2,0.6,3,6,9,12
W2,確認,20260509_08_03,16,0.7458026,1.7631278,1.4453259,7.5643272,1,3,0.5625,6,7,10,10
W2,確認,20260509_08_04,15,0.70900744,1.6080402,1.7142714,8.219273,1,1,0.6,3,6,8,9
W2,確認,20260509_08_05,8,0.72463864,1.9652004,1.4012316,6.550773,1,2,1.125,0,0,0,0
W2,確認,20260509_08_06,16,0.4307089,1.2642198,1.8221667,10.309405,0,1,0.5625,2,5,9,10
W2,確認,20260509_08_07,11,0.56469774,1.3956246,1.1045216,7.2255454,0,2,0.8181818181818182,0,2,6,6
W2,確認,20260509_08_08,16,0.712781,1.4581136,1.4729323,8.3433275,1,1,0.5625,3,5,10,11
W2,確認,20260509_08_09,11,0.53556746,1.4514778,1.2399805,7.2848177,0,1,0.8181818181818182,1,3,5,5
W2,確認,20260509_08_10,8,0.7621053,1.9273596,1.1469386,5.830384,1,3,1.125,0,1,2,2
W2,確認,20260509_08_11,16,0.7458026,1.3876771,1.8405042,9.464596,0,1,0.5625,2,4,8,10
W2,確認,20260509_08_12,13,0.53556746,1.3808377,1.5129803,8.915129,1,2,0.6923076923076923,2,2,6,7
W2,確認,20260510_04_05,8,0.3928477,0.81734866,0.15211521,3.704686,0,0,1.125,4,5,5,6
W2,確認,20260510_04_06,8,0.20721608,0.5260686,0.23922095,5.3862906,0,0,1.125,2,5,6,7
W2,確認,20260510_05_01,8,0.13587569,0.32986858,0.12860037,4.926748,0,0,1.125,5,6,8,8
W2,確認,20260510_05_02,8,0.08704048,0.20692502,0.06618568,4.588729,0,0,1.125,5,8,8,8
W2,確認,20260510_05_03,10,0.32713115,0.67261285,0.20567018,4.2790074,0,0,0.9,6,7,8,8
W2,確認,20260510_05_05,8,0.26982877,0.6226919,0.43381116,6.0055823,0,0,1.125,1,3,6,6
W2,確認,20260510_05_07,8,0.4385198,0.8398876,0.094733,3.0856519,0,0,1.125,5,5,6,6
W2,確認,20260510_05_11,10,0.22401845,0.57907075,0.59601355,7.803596,0,0,0.9,2,4,8,8
W2,確認,20260510_08_02,8,0.13763572,0.37341633,0.17092589,5.4534845,0,0,1.125,4,6,8,8
W2,確認,20260510_08_04,8,0.14086413,0.29889086,0.06314601,3.265995,0,0,1.125,6,6,8,8
W2,確認,20260510_08_11,8,0.32713115,0.7583657,0.3966577,5.414447,0,0,1.125,1,3,5,5
W2,確認,20260510_08_12,14,0.5186899,1.195751,1.5777404,10.085971,0,1,0.6428571428571429,1,2,7,8
W2,確認,20260516_04_01,15,0.70963126,1.8124561,1.3342013,6.9954023,1,3,0.6,5,6,8,10
W2,確認,20260516_04_02,15,0.7870371,1.9131652,1.5031712,7.019971,1,2,0.6,5,6,8,9
W2,確認,20260516_04_03,16,0.71086127,1.838778,1.8921878,8.046829,1,1,0.5625,5,6,8,9
W2,確認,20260516_04_04,11,0.7621053,2.0644832,1.2377527,5.8732157,1,2,0.8181818181818182,3,4,6,6
W2,確認,20260516_04_05,16,0.50017226,1.2254198,2.1076021,11.1372595,0,0,0.5625,3,4,7,8
W2,確認,20260516_04_06,15,0.7621053,1.7272031,1.262088,6.5729895,0,1,0.6,3,6,9,10
W2,確認,20260516_04_07,13,0.45247328,1.248422,1.3251162,8.224367,0,0,0.6923076923076923,3,5,6,7
W2,確認,20260516_04_08,9,0.7621053,2.2363431,0.70427996,4.7781177,1,2,1.0,2,3,5,5
W2,確認,20260516_04_09,16,0.7621053,1.5775523,1.3595955,7.2854214,1,2,0.5625,5,8,11,11
W2,確認,20260516_04_10,9,0.712781,1.6116095,1.3693628,6.813317,0,2,1.0,0,1,2,3
W2,確認,20260516_04_11,15,0.55657536,1.3265252,1.6435398,9.636366,0,1,0.6,2,4,8,9
W2,確認,20260516_04_12,16,0.712781,1.957356,1.628326,7.5569553,1,2,0.5625,5,7,9,10
W2,確認,20260516_05_01,16,0.55657536,1.2350851,1.4815313,9.024645,1,1,0.5625,4,6,9,10
W2,確認,20260516_05_02,16,0.712781,1.5070335,1.2166352,7.1211653,1,2,0.5625,7,7,10,11
W2,確認,20260516_05_03,16,0.7621053,1.679033,1.4705496,7.278038,1,2,0.5625,6,7,10,11
W2,確認,20260516_05_04,13,0.70900744,1.6197249,1.333893,7.4101286,1,3,0.6923076923076923,2,3,8,8
W2,確認,20260516_05_05,18,0.7621053,1.6291028,1.1846391,7.0590763,1,3,0.5,6,9,13,15
W2,確認,20260516_05_06,8,0.712781,2.0187147,1.1625818,5.5742784,1,3,1.125,1,1,3,3
W2,確認,20260516_05_07,16,0.5186899,1.2160937,1.7296525,10.280066,1,2,0.5625,3,6,9,9
W2,確認,20260516_05_08,16,0.64344865,1.6412345,1.8071241,8.25405,1,2,0.5625,6,7,8,9
W2,確認,20260516_05_09,9,0.72463864,1.5908182,1.18422,6.4963045,1,1,1.0,0,1,2,4
W2,確認,20260516_05_10,12,0.6618681,1.5416453,1.6270182,7.9538784,1,3,0.75,3,3,3,5
W2,確認,20260516_05_11,15,0.712781,1.3944441,1.4912897,8.308149,0,1,0.6,4,5,8,9
W2,確認,20260516_05_12,14,0.7289676,1.5916662,1.1693372,6.8135185,1,2,0.6428571428571429,3,6,8,9
W2,確認,20260516_08_01,16,0.7621053,2.100177,1.6304518,7.4432015,1,2,0.5625,6,7,10,10
W2,確認,20260516_08_02,11,0.7621053,1.6546278,1.2230548,6.6340694,1,2,0.8181818181818182,2,3,4,4
W2,確認,20260516_08_03,18,0.7621053,2.0223114,1.2669191,6.7339935,0,1,0.5,7,10,13,14
W2,確認,20260516_08_04,10,0.55657536,1.4360863,1.3653083,7.033847,1,2,0.9,0,3,4,4
W2,確認,20260516_08_05,14,0.7621053,1.7561522,1.3770263,7.1891727,1,2,0.6428571428571429,3,6,7,7
W2,確認,20260516_08_06,15,0.5096783,1.1329722,1.3811301,9.181251,1,2,0.6,2,7,9,10
W2,確認,20260516_08_07,11,0.7621053,1.7582684,1.0223459,6.059809,0,2,0.8181818181818182,0,5,6,6
W2,確認,20260516_08_09,10,0.45247328,1.3077486,1.7593015,8.6362505,0,0,0.9,0,1,2,2
W2,確認,20260516_08_10,15,0.53556746,1.2187434,1.4868639,9.472714,0,2,0.6,3,4,7,10
W2,確認,20260516_08_11,14,0.7621053,1.5883243,1.39775,7.046597,1,2,0.6428571428571429,5,7,7,8
W2,確認,20260516_08_12,15,0.57882,1.2416801,1.5887343,8.901537,1,2,0.6,5,6,7,8
W2,確認,20260517_04_05,8,0.33853054,0.5801192,0.12542845,3.2928348,0,0,1.125,4,5,7,7
W2,確認,20260517_04_09,8,0.32093728,0.83876055,0.29545337,4.872923,0,0,1.125,3,4,5,5
W2,確認,20260517_05_01,8,0.32061902,0.57331204,0.052173648,2.8793397,0,0,1.125,5,5,7,7
W2,確認,20260517_05_02,8,0.15973304,0.3580133,0.083641276,3.9183893,0,0,1.125,5,6,7,8
W2,確認,20260517_05_04,9,0.53556746,0.6701533,0.20132959,2.4858687,0,0,1.0,3,8,8,8
W2,確認,20260517_05_11,10,0.15018833,0.42369974,0.45883292,7.88282,0,0,0.9,3,6,9,10
W2,確認,20260517_05_12,8,0.41165438,0.99160933,0.61548203,5.5855794,0,0,1.125,2,2,3,3
W2,確認,20260517_08_02,8,0.37514994,0.56862754,0.10141856,2.7157323,0,0,1.125,5,6,7,7
W2,確認,20260517_08_04,8,0.55657536,1.1180122,0.14481762,3.1931818,0,0,1.125,4,5,5,6
W2,確認,20260517_08_06,8,0.18959725,0.46310866,0.17607641,4.727158,0,0,1.125,4,4,7,8
W2,確認,20260517_08_11,8,0.13763572,0.3593128,0.26620048,6.319139,0,0,1.125,3,5,8,8
W2,確認,20260530_05_01,16,0.72463864,1.690915,1.1854534,7.0655212,0,1,0.5625,3,10,11,12
W2,確認,20260530_05_02,15,0.7621053,1.7777367,1.2651739,6.410024,0,1,0.6,6,6,8,9
W2,確認,20260530_05_03,18,0.7621053,2.027688,1.4901279,7.2470145,1,2,0.5,5,11,12,13
W2,確認,20260530_05_05,16,0.712781,1.6234984,1.4215821,7.7761507,1,2,0.5625,5,6,10,12
W2,確認,20260530_05_06,12,0.7452703,1.7362903,1.3224865,6.839133,1,1,0.75,2,3,5,6
W2,確認,20260530_05_07,12,0.70900744,1.5306041,1.9617374,8.190764,1,2,0.75,2,3,4,4
W2,確認,20260530_05_08,16,0.7198767,1.5763814,1.4819678,7.88348,1,2,0.5625,4,7,8,9
W2,確認,20260530_05_09,16,0.41558182,1.074143,1.7081023,11.204532,0,0,0.5625,3,5,9,11
W2,確認,20260530_05_10,11,0.7621053,1.7171977,1.2781904,6.8905797,0,2,0.8181818181818182,1,2,4,6
W2,確認,20260530_05_11,16,0.4167554,1.1048168,1.9060664,11.268236,0,1,0.5625,2,5,7,8
W2,確認,20260530_05_12,16,0.7621053,1.3704646,1.3467832,7.580376,1,1,0.5625,4,6,10,11
W2,確認,20260530_08_01,16,0.70900744,1.9022236,1.4802884,7.5044246,1,3,0.5625,5,7,9,10
W2,確認,20260530_08_02,16,0.7621053,1.8163626,1.1963073,7.1024656,1,2,0.5625,3,6,13,13
W2,確認,20260530_08_03,17,0.71754295,1.7005565,1.6455632,8.168928,1,1,0.5294117647058824,6,7,10,11
W2,確認,20260530_08_04,18,0.7621053,1.5765616,1.7707788,8.170555,1,1,0.5,8,8,11,12
W2,確認,20260530_08_05,18,0.999999,2.2655818,1.6565357,6.6975446,1,2,0.5,8,10,11,11
W2,確認,20260530_08_06,12,0.7621053,1.5107415,1.3705328,7.5178523,0,1,0.75,1,1,6,6
W2,確認,20260530_08_07,15,0.53556746,1.4374475,1.6737747,8.94845,0,0,0.6,4,5,7,10
W2,確認,20260530_08_08,12,0.53556746,1.4731654,1.5629386,8.152697,1,1,0.75,2,4,5,5
W2,確認,20260530_08_09,9,0.7621053,1.9305177,1.3856577,6.2584996,1,2,1.0,1,1,3,4
W2,確認,20260530_08_10,16,0.57815933,1.2848747,1.6999476,9.875579,0,1,0.5625,3,4,8,10
W2,確認,20260530_08_11,16,0.5265559,1.3368282,1.9245528,10.723091,1,2,0.5625,2,4,8,9
W2,確認,20260530_08_12,16,0.45247328,1.0695734,1.7827243,11.240224,0,0,0.5625,1,6,8,8
W2,確認,20260606_05_02,16,0.7452703,1.7076689,1.1706631,6.562985,1,2,0.5625,6,10,11,11
W2,確認,20260606_05_03,16,0.7218719,1.9442613,1.2409477,6.6192484,1,3,0.5625,6,8,10,11
W2,確認,20260606_05_05,9,0.72463864,1.7721766,1.275467,6.44411,1,3,1.0,0,0,1,3
W2,確認,20260606_05_06,16,0.70900744,1.8237898,1.5079757,7.734552,0,0,0.5625,4,7,10,10
W2,確認,20260606_05_07,16,0.7621053,2.0429006,1.4982448,7.0754313,1,1,0.5625,5,6,9,11
W2,確認,20260606_05_08,16,0.70900744,1.3013332,1.4497296,7.913757,0,0,0.5625,4,8,10,10
W2,確認,20260606_05_09,12,0.70900744,1.7840766,1.6117038,7.697167,1,1,0.75,1,1,6,6
W2,確認,20260606_05_10,17,0.69058794,1.6153853,1.8920538,9.120206,1,2,0.5294117647058824,5,7,9,11
W2,確認,20260606_05_11,15,0.51788646,1.3042924,1.4683775,9.437664,1,2,0.6,1,5,6,11
W2,確認,20260606_05_12,16,0.999999,1.7074729,1.2989129,6.162535,1,2,0.5625,6,7,9,11
W2,確認,20260606_09_01,16,0.7621053,1.498302,1.491318,8.070558,1,1,0.5625,4,5,10,11
W2,確認,20260606_09_02,16,0.7621053,1.7144282,1.5989157,7.685641,0,2,0.5625,8,8,9,9
W2,確認,20260606_09_03,16,0.51788646,1.2445514,1.60118,9.699951,1,2,0.5625,5,6,9,10
W2,確認,20260606_09_04,16,0.7621053,1.854248,1.9294928,8.676188,1,3,0.5625,4,5,9,10
W2,確認,20260606_09_06,16,0.7870371,1.8694342,1.5161972,7.3046966,1,2,0.5625,6,6,9,9
W2,確認,20260606_09_07,18,0.7621053,1.4912363,1.3600872,7.8147955,0,0,0.5,6,8,12,14
W2,確認,20260606_09_08,9,0.5931527,1.4551729,1.3983084,7.3525553,1,2,1.0,0,1,1,1
W2,確認,20260606_09_09,9,0.7621053,1.8987374,1.1949003,5.9215894,1,3,1.0,2,2,2,3
W2,確認,20260606_09_10,12,0.70900744,1.6312197,1.4661967,7.2645516,0,0,0.75,3,3,5,6
W2,確認,20260606_09_11,11,0.53556746,1.3124617,1.2791433,7.4833016,1,2,0.8181818181818182,3,4,4,4
W2,確認,20260606_09_12,16,0.53556746,1.3488743,1.847464,9.820873,1,2,0.5625,4,5,8,10
W2,確認,20260607_05_01,16,0.47691643,1.201845,1.2969218,8.5347805,1,2,0.5625,5,8,9,9
W2,確認,20260607_05_02,16,0.712781,1.5897863,1.7198194,8.369308,0,2,0.5625,5,6,8,9
W2,確認,20260607_05_03,16,0.7621053,1.6868951,1.2945088,6.926997,1,1,0.5625,7,8,10,10
W2,確認,20260607_05_04,18,0.7621053,1.971285,1.6973647,7.7884564,1,1,0.5,8,8,10,12
W2,確認,20260607_05_05,10,0.53556746,1.4294074,1.4910113,8.090642,1,1,0.9,0,0,2,3
W2,確認,20260607_05_06,16,0.7766488,1.8477838,1.2470688,6.243633,1,2,0.5625,6,10,11,12
W2,確認,20260607_05_07,15,0.6953933,1.459225,1.7684841,8.633352,1,3,0.6,4,5,7,7
W2,確認,20260607_05_08,17,0.3803428,1.0079358,1.8179814,12.313703,1,2,0.5294117647058824,3,4,10,13
W2,確認,20260607_05_09,8,0.7458026,1.7741709,1.3984634,6.4822397,1,1,1.125,0,0,2,2
W2,確認,20260607_05_10,16,0.55657536,1.4084629,1.2791088,8.153842,0,1,0.5625,5,6,10,11
W2,確認,20260607_05_11,17,0.4385198,1.0397787,1.7656159,11.657955,0,0,0.5294117647058824,2,6,9,10
W2,確認,20260607_05_12,16,0.7621053,1.7310915,1.9523674,8.514582,1,2,0.5625,5,6,8,9
W2,確認,20260607_09_02,15,0.69058794,1.5206906,1.7535623,8.423579,1,1,0.6,5,6,7,7
W2,確認,20260607_09_03,16,0.712781,2.036525,1.6094452,7.0482516,1,2,0.5625,8,8,9,10
W2,確認,20260607_09_04,16,0.95381004,1.7120368,1.3586549,6.4660783,1,2,0.5625,6,8,10,10
W2,確認,20260607_09_05,11,0.47691643,1.3268276,1.506738,8.352363,1,3,0.8181818181818182,0,1,5,6
W2,確認,20260607_09_06,16,0.712781,1.4451289,1.3533311,7.5349307,1,2,0.5625,4,8,11,11
W2,確認,20260607_09_07,16,0.6569102,1.4563205,1.4339187,8.559562,1,3,0.5625,3,6,9,12
W2,確認,20260607_09_08,18,0.5186899,1.2527515,1.8510759,11.101804,1,2,0.5,3,6,11,13
W2,確認,20260607_09_09,16,0.37788403,1.0930133,2.024325,11.48625,0,1,0.5625,2,4,8,9
W2,確認,20260607_09_10,9,0.7870371,1.8589183,0.9689368,5.4058146,1,1,1.0,1,3,3,3
W2,確認,20260607_09_11,16,0.53556746,1.3496168,1.5933096,9.567844,0,2,0.5625,3,4,9,11
W2,確認,20260607_09_12,12,0.53556746,1.4752002,1.4355116,8.070447,1,2,0.75,2,2,5,6
W2,確認,20260613_02_01,15,0.6203329,1.5836152,1.5353574,8.356503,0,0,0.6,4,5,6,10
W2,確認,20260613_02_02,14,0.56469774,1.3386512,1.5678074,9.020377,1,2,0.6428571428571429,3,3,7,8
W2,確認,20260613_02_03,12,0.7621053,1.6942242,1.2317097,7.030826,0,2,0.75,1,2,6,8
W2,確認,20260613_02_04,15,0.712781,1.7670383,1.5602382,7.253886,0,1,0.6,5,8,9,9
W2,確認,20260613_02_05,12,0.53556746,1.4346002,1.7218802,9.159076,1,2,0.75,0,1,4,6
W2,確認,20260613_02_06,12,0.7621053,1.9460871,1.2103288,6.2434406,1,2,0.75,2,4,8,8
W2,確認,20260613_02_07,8,0.70900744,1.7463872,1.320372,6.24713,1,2,1.125,0,1,2,2
W2,確認,20260613_02_08,12,0.56469774,1.3615965,1.3710229,8.0290365,1,2,0.75,2,3,5,6
W2,確認,20260613_02_09,11,0.6618681,1.5081588,1.5760217,8.228618,0,1,0.8181818181818182,0,1,3,5
W2,確認,20260613_02_10,16,0.44635513,1.1673037,1.705457,10.855485,0,1,0.5625,1,4,10,11
W2,確認,20260613_02_11,12,0.5347641,1.2863805,1.554,8.863413,1,1,0.75,1,1,6,7
W2,確認,20260613_02_12,12,0.45247328,1.2057997,1.6395977,9.12325,0,1,0.75,2,2,4,5
W2,確認,20260613_05_01,16,0.5186899,1.1392598,1.3238114,9.153108,0,1,0.5625,3,6,9,12
W2,確認,20260613_05_02,18,0.63532627,1.564716,1.7897891,9.48229,1,1,0.5,5,7,11,11
W2,確認,20260613_05_03,16,0.70900744,1.7030768,1.7241582,8.092739,0,1,0.5625,6,7,8,9
W2,確認,20260613_05_06,9,0.7621053,1.8514556,1.1787738,6.22454,0,1,1.0,0,0,2,3
W2,確認,20260613_05_07,16,0.6330027,1.4792933,1.1455452,7.0805364,0,1,0.5625,4,10,11,11
W2,確認,20260613_05_08,18,0.53556746,1.3927879,1.7851074,10.357224,0,1,0.5,3,6,12,12
W2,確認,20260613_05_09,14,0.7458026,1.6792951,1.6178466,8.054459,1,2,0.6428571428571429,3,4,4,7
W2,確認,20260613_05_10,16,0.53556746,1.326359,1.5397836,9.295435,0,0,0.5625,3,6,11,11
W2,確認,20260613_05_11,13,0.5931527,1.4882586,1.6551871,8.331412,1,2,0.6923076923076923,2,4,5,6
W2,確認,20260613_05_12,16,0.70900744,1.2965662,1.5242077,8.606089,1,1,0.5625,4,4,9,13
W2,確認,20260613_09_01,16,0.7458026,1.6722363,2.1159399,8.701509,0,1,0.5625,6,7,7,8
W2,確認,20260613_09_02,16,0.712781,2.130796,1.7631118,7.869271,0,1,0.5625,4,7,9,9
W2,確認,20260613_09_03,18,0.70900744,1.7871989,2.1939576,8.835305,1,1,0.5,7,8,9,10
W2,確認,20260613_09_04,16,0.55657536,1.4886943,1.3565567,8.282002,1,2,0.5625,5,7,9,11
W2,確認,20260613_09_05,11,0.53556746,1.3194709,1.6965787,9.297303,1,1,0.8181818181818182,0,0,1,4
W2,確認,20260613_09_06,13,0.53556746,1.2889063,1.7779638,10.328397,0,0,0.6923076923076923,0,0,4,7
W2,確認,20260613_09_07,16,0.5186899,1.289836,2.1147268,10.936797,1,1,0.5625,4,4,6,6
W2,確認,20260613_09_08,15,0.70900744,1.4870511,1.6561954,8.995417,0,1,0.6,3,4,6,9
W2,確認,20260613_09_09,9,0.7458026,1.8169374,1.4025955,6.347937,1,2,1.0,1,1,3,4
W2,確認,20260613_09_10,16,0.55657536,1.2968502,1.7168385,9.903894,1,3,0.5625,4,5,7,9
W2,確認,20260613_09_11,16,0.7621053,1.649427,1.6156484,7.8655286,1,2,0.5625,6,7,8,11
W2,確認,20260613_09_12,14,0.6753297,1.6418699,1.4796447,7.991912,0,1,0.6428571428571429,3,4,8,9
W2,確認,20260614_02_01,16,0.415606,1.0855666,1.7064756,10.370812,0,2,0.5625,4,6,10,10
W2,確認,20260614_02_02,11,0.59082913,1.585632,1.554593,7.384518,0,1,0.8181818181818182,3,3,4,4
W2,確認,20260614_02_03,12,0.7621053,1.6275728,1.5793957,7.516354,0,1,0.75,2,3,5,5
W2,確認,20260614_02_04,16,0.7013301,1.4202034,2.0174727,9.545984,0,1,0.5625,4,4,7,8
W2,確認,20260614_02_05,8,0.47691643,1.2751344,1.2659292,7.3606176,1,1,1.125,0,0,0,0
W2,確認,20260614_02_06,15,0.70900744,1.6371927,1.8411871,8.584747,1,2,0.6,4,5,8,8
W2,確認,20260614_02_07,12,0.5096783,1.3898755,1.4919198,8.399603,0,0,0.75,1,3,4,6
W2,確認,20260614_02_08,13,0.6618681,1.4197081,1.3775815,7.9633384,1,1,0.6923076923076923,3,3,7,8
W2,確認,20260614_02_09,10,0.55657536,1.6018212,1.2753845,6.9429884,1,3,0.9,1,2,3,4
W2,確認,20260614_02_10,12,0.72463864,1.3510532,1.344532,7.426958,1,2,0.75,1,2,4,7
W2,確認,20260614_02_11,16,0.53556746,1.2440652,1.6630278,9.732404,0,1,0.5625,5,5,10,11
W2,確認,20260614_02_12,10,0.4385198,1.1449332,1.1168506,7.5590634,1,1,0.9,1,2,3,6
W2,確認,20260614_05_01,15,0.7458026,1.921178,1.3306788,6.762473,1,2,0.6,5,6,9,10
W2,確認,20260614_05_02,16,0.712781,1.5971295,1.4630878,7.6002865,1,1,0.5625,7,7,9,9
W2,確認,20260614_05_03,17,0.71702296,1.6757696,2.050902,9.48734,1,2,0.5294117647058824,5,6,8,8
W2,確認,20260614_05_04,14,0.47691643,1.1985239,2.1837528,11.200159,0,1,0.6428571428571429,1,1,5,7
W2,確認,20260614_05_05,8,0.5347641,1.3682749,1.1447227,6.864333,0,0,1.125,0,0,1,2
W2,確認,20260614_05_06,15,0.5096783,1.2752147,1.4071659,9.00038,1,2,0.6,3,6,8,9
W2,確認,20260614_05_07,8,0.6618681,1.7080672,1.4939777,6.513801,1,2,1.125,0,1,2,2
W2,確認,20260614_05_08,16,0.712781,1.8577459,1.4755902,7.3688703,1,3,0.5625,5,6,10,12
W2,確認,20260614_05_09,11,0.712781,1.6392148,1.3858383,7.0068884,1,2,0.8181818181818182,1,3,5,5
W2,確認,20260614_05_10,14,0.56469774,1.2065723,1.7325243,9.975672,0,1,0.6428571428571429,1,3,5,7
W2,確認,20260614_05_11,13,0.712781,1.4966844,1.5742452,8.192313,1,1,0.6923076923076923,2,2,7,7
W2,確認,20260614_05_12,12,0.45247328,1.2992425,1.4311746,7.9489923,1,3,0.75,1,4,5,7
W2,確認,20260614_09_01,16,0.64344865,1.4405469,1.4490808,8.2798,0,1,0.5625,5,7,11,11
W2,確認,20260614_09_02,16,0.7289676,1.7873873,1.4322867,7.5052414,1,1,0.5625,4,6,12,12
W2,確認,20260614_09_03,16,0.53556746,1.5121015,1.8973006,9.09146,0,0,0.5625,6,6,9,9
W2,確認,20260614_09_04,17,0.7621053,2.1014805,1.9837378,7.8990636,1,1,0.5294117647058824,5,8,11,11
W2,確認,20260614_09_05,8,0.70900744,1.7175615,1.364968,6.6767983,0,1,1.125,0,0,0,1
W2,確認,20260614_09_06,16,0.4307089,1.1424818,2.1052263,11.6078005,0,0,0.5625,3,3,7,8
W2,確認,20260614_09_07,11,0.7621053,1.8758321,1.3337026,6.544197,0,2,0.8181818181818182,1,4,4,4
W2,確認,20260614_09_08,9,0.70900744,1.9367048,1.1830359,6.1121693,1,2,1.0,1,1,2,4
W2,確認,20260614_09_09,13,0.45492014,1.1694272,1.4526329,9.419287,0,1,0.6923076923076923,1,3,7,7
W2,確認,20260614_09_10,14,0.70900744,1.5148486,1.8990734,9.308985,1,1,0.6428571428571429,1,2,6,6
W2,確認,20260614_09_11,17,0.6484144,1.5384356,1.9516114,10.372584,1,2,0.5294117647058824,1,5,10,11
W2,確認,20260614_09_12,15,0.5186899,1.3677146,1.5403925,9.169627,0,2,0.6,2,5,7,9
W2,確認,20260620_02_01,16,0.7198767,1.9388962,1.300827,7.2202444,0,1,0.5625,5,8,11,12
W2,確認,20260620_02_02,14,0.7621053,1.8155591,1.5219164,7.188697,1,1,0.6428571428571429,3,5,8,9
W2,確認,20260620_02_03,16,0.65143925,1.7225742,1.1884959,7.2980647,0,1,0.5625,5,7,11,12
W2,確認,20260620_02_04,14,0.48643795,1.2989825,1.790314,9.687695,0,0,0.6428571428571429,2,3,7,7
W2,確認,20260620_02_05,10,0.53556746,1.3922557,1.6297959,8.34948,0,0,0.9,0,0,2,3
W2,確認,20260620_02_06,11,0.53556746,1.4292393,1.5382881,8.577676,0,2,0.8181818181818182,0,1,3,3
W2,確認,20260620_02_07,16,0.70900744,1.587495,1.4524156,7.992023,0,0,0.5625,4,7,9,10
W2,確認,20260620_02_08,12,0.48872447,1.2882695,1.8142514,8.926658,1,1,0.75,3,3,3,3
W2,確認,20260620_02_09,12,0.7621053,1.8989477,1.4601765,7.055034,1,2,0.75,2,5,5,6
W2,確認,20260620_02_10,8,0.6753297,1.7960895,1.211784,5.8398876,1,2,1.125,0,2,2,2
W2,確認,20260620_02_11,16,0.53556746,1.2019477,1.8934269,10.827473,0,0,0.5625,1,5,8,9
W2,確認,20260620_02_12,11,0.5284601,1.3495066,1.5753388,8.467372,0,1,0.8181818181818182,1,1,2,3
W2,確認,20260620_05_01,16,0.7870371,1.3953965,1.2305295,7.0040793,1,1,0.5625,5,6,10,13
W2,確認,20260620_05_02,16,0.7621053,1.9376072,1.408375,6.8055696,1,3,0.5625,5,8,9,11
W2,確認,20260620_05_03,16,0.7621053,1.8688136,1.3943379,6.9499025,1,1,0.5625,6,8,9,10
W2,確認,20260620_05_04,11,0.6618681,1.5973134,1.5099542,8.106609,0,1,0.8181818181818182,0,0,4,4
W2,確認,20260620_05_05,10,0.712781,1.5835149,1.4200398,7.3284354,1,2,0.9,0,1,2,3
W2,確認,20260620_05_06,16,0.9890632,2.203642,1.4767462,6.39751,0,2,0.5625,5,8,10,10
W2,確認,20260620_05_07,16,0.72463864,1.4167153,1.4594867,7.758708,1,1,0.5625,5,7,10,10
W2,確認,20260620_05_08,16,0.601275,1.278336,1.666785,9.5830345,1,1,0.5625,3,5,8,11
W2,確認,20260620_05_09,10,0.7870371,1.6750425,1.1394484,5.933497,0,1,0.9,3,3,3,4
W2,確認,20260620_05_10,14,0.7621053,1.7096903,1.5926433,7.9275794,0,1,0.6428571428571429,2,3,6,8
W2,確認,20260620_05_11,15,0.60687137,1.4912199,1.6366574,8.699967,0,1,0.6,3,5,9,9
W2,確認,20260620_05_12,16,0.5265559,1.4453971,1.5448673,8.590833,0,1,0.5625,3,7,11,11
W2,確認,20260620_09_02,16,0.7621053,1.466984,1.6101401,7.853631,1,2,0.5625,5,7,10,10
W2,確認,20260620_09_03,16,0.53556746,1.5987085,1.7084647,8.461149,0,1,0.5625,5,7,9,10
W2,確認,20260620_09_04,16,0.6753297,1.7505951,1.4760062,7.6029325,0,2,0.5625,5,8,10,10
W2,確認,20260620_09_05,9,0.50017226,1.2972705,1.4915801,8.016887,0,1,1.0,0,0,1,2
W2,確認,20260620_09_06,17,0.53556746,1.4226353,2.0147297,10.066511,1,1,0.5294117647058824,4,6,8,9
W2,確認,20260620_09_07,16,0.712781,1.7575324,1.6669731,8.571127,1,1,0.5625,4,5,9,10
W2,確認,20260620_09_08,16,0.45492014,1.1177803,2.038077,12.042465,0,0,0.5625,2,3,7,9
W2,確認,20260620_09_09,9,0.53556746,1.5729473,1.2019103,6.508148,1,2,1.0,1,2,3,3
W2,確認,20260620_09_10,18,0.3314301,0.9485302,1.8039246,12.459448,0,0,0.5,2,7,11,12
W2,確認,20260620_09_11,15,0.53556746,1.2908534,1.5170857,8.941188,1,2,0.6,4,6,7,9
W2,確認,20260620_09_12,18,0.5265559,1.3219577,2.107354,11.245976,0,1,0.5,5,5,8,10
W2,確認,20260621_02_01,16,0.5252581,1.4044979,1.8348042,9.710916,1,2,0.5625,3,5,8,9
W2,確認,20260621_02_02,10,0.44635513,1.279866,1.2618891,7.894604,0,2,0.9,0,0,5,5
W2,確認,20260621_02_03,12,0.72463864,1.5916362,1.0227695,6.4014707,1,2,0.75,1,4,7,8
W2,確認,20260621_02_04,16,0.7621053,1.8629929,1.414297,7.2277975,0,1,0.5625,5,7,10,12
W2,確認,20260621_02_05,10,0.5735605,1.5090058,1.4242939,7.786297,0,2,0.9,1,1,2,3
W2,確認,20260621_02_06,13,0.4307089,1.2112557,1.6028105,8.945791,0,0,0.6923076923076923,2,5,5,5
W2,確認,20260621_02_07,11,0.7229542,1.710995,1.3546604,6.999583,0,1,0.8181818181818182,1,3,5,5
W2,確認,20260621_02_08,12,0.6753297,1.5860472,1.480078,7.4907775,0,1,0.75,2,4,4,5
W2,確認,20260621_02_09,12,0.70900744,1.5552981,1.7329787,8.193901,1,1,0.75,2,2,3,5
W2,確認,20260621_02_10,9,0.712781,1.6106542,1.2265067,6.3859982,1,2,1.0,1,2,2,3
W2,確認,20260621_02_11,15,0.4167554,1.1670552,1.5381125,10.143063,0,0,0.6,2,4,9,10
W2,確認,20260621_09_01,14,0.7621053,1.8063164,1.3329657,6.825747,1,2,0.6428571428571429,4,4,6,9
W2,確認,20260621_09_02,18,0.53556746,1.3483119,2.0617542,10.884763,0,0,0.5,4,6,9,10
W2,確認,20260621_09_03,16,0.70900744,1.6830947,1.348075,7.49383,1,1,0.5625,5,7,9,11
W2,確認,20260621_09_04,18,0.7621053,1.750146,1.504881,7.771071,1,2,0.5,6,9,12,12
W2,確認,20260621_09_05,9,0.47691643,1.3723398,1.5112373,7.946595,0,1,1.0,0,0,1,2
W2,確認,20260621_09_06,18,0.7621053,1.6647887,1.4444677,7.7867193,1,3,0.5,6,10,12,13
W2,確認,20260621_09_07,16,0.70900744,1.7542531,1.751126,8.0721035,0,1,0.5625,4,7,9,10
W2,確認,20260621_09_08,8,0.64344865,1.6146117,1.0507381,6.0232854,1,2,1.125,1,1,1,2
W2,確認,20260621_09_10,16,0.7115219,1.5608385,1.6509645,8.628259,0,0,0.5625,3,5,8,10
W2,確認,20260627_02_01,16,0.712781,1.9125494,1.7134472,7.6108446,1,3,0.5625,5,8,9,9
W2,確認,20260627_02_02,12,0.53556746,1.3822782,1.946924,9.337215,1,2,0.75,2,2,3,4
W2,確認,20260627_02_03,12,0.8584416,1.6362268,1.0272388,5.824841,1,1,0.75,1,5,7,7
W2,確認,20260627_02_04,16,0.50017226,1.2488183,1.6000234,9.620733,1,1,0.5625,3,7,8,9
W2,確認,20260627_02_05,8,0.51788646,1.4939327,1.2933905,7.0822325,1,3,1.125,0,0,0,1
W2,確認,20260627_02_06,11,0.7198767,1.6435212,1.5254154,7.6090374,0,1,0.8181818181818182,1,1,3,4
W2,確認,20260627_02_07,11,0.50017226,1.4614246,1.394489,7.6793523,0,0,0.8181818181818182,1,2,3,5
W2,確認,20260627_02_08,11,0.70900744,1.475312,1.4415554,7.6435547,1,2,0.8181818181818182,1,1,2,4
W2,確認,20260627_02_09,9,0.7198767,1.8922267,1.1876789,6.298323,1,2,1.0,0,0,3,3
W2,確認,20260627_02_10,11,0.51788646,1.4088795,1.3920399,7.5554924,1,2,0.8181818181818182,2,3,4,4
W2,確認,20260627_02_11,14,0.5186899,1.3657013,1.4720945,9.009423,0,2,0.6428571428571429,2,4,6,9
W2,確認,20260627_02_12,10,0.5096783,1.3402939,1.4662609,8.111401,1,2,0.9,0,1,2,3
W2,確認,20260627_03_02,15,0.70900744,1.6080402,1.1698362,6.819903,0,1,0.6,4,7,10,10
W2,確認,20260627_03_03,15,0.6724301,1.5855297,1.2819927,7.5141935,1,1,0.6,5,6,9,9
W2,確認,20260627_03_05,11,0.5170499,1.3923721,1.6511564,8.671409,1,2,0.8181818181818182,1,1,3,4
W2,確認,20260627_03_06,10,0.70900744,1.576005,1.4603401,7.362023,1,2,0.9,0,1,2,3
W2,確認,20260627_03_07,16,0.7870371,1.7582003,1.2401274,6.6199684,0,1,0.5625,6,9,10,11
W2,確認,20260627_03_08,16,0.7198767,1.8665216,1.6853545,7.7041306,1,2,0.5625,7,7,8,9
W2,確認,20260627_03_09,16,0.55657536,1.5513783,1.8503418,9.652794,1,1,0.5625,3,6,8,8
W2,確認,20260627_03_10,10,0.70900744,1.924324,0.8471321,5.5232096,0,2,0.9,2,3,5,6
W2,確認,20260627_03_11,9,0.7621053,1.5134692,1.1457826,6.3541365,1,2,1.0,0,0,2,4
W2,確認,20260627_03_12,16,0.7621053,1.4806393,1.6643023,8.373523,0,1,0.5625,3,5,10,10
W2,確認,20260627_10_02,14,0.712781,1.7575324,1.6274616,7.7990375,0,0,0.6428571428571429,5,5,6,7
W2,確認,20260627_10_03,16,0.53556746,1.5018438,1.7270782,9.101156,0,0,0.5625,6,7,8,9
W2,確認,20260627_10_04,16,0.4307089,1.194758,1.4842309,9.778556,0,1,0.5625,4,6,8,9
W2,確認,20260627_10_05,10,0.53556746,1.5027332,1.4544266,7.8030753,0,1,0.9,0,1,3,3
W2,確認,20260627_10_06,16,0.72463864,1.7232279,1.5229762,7.8793097,0,2,0.5625,4,6,10,11
W2,確認,20260627_10_07,16,0.71754295,1.5084879,1.5383011,8.165727,1,2,0.5625,5,6,9,10
W2,確認,20260627_10_08,9,0.70900744,1.4657421,1.2298337,6.6946507,1,2,1.0,1,1,1,2
W2,確認,20260627_10_09,8,0.7621053,1.8236816,1.3370992,6.5077004,1,2,1.125,0,0,1,1
W2,確認,20260627_10_10,13,0.4385198,1.2260346,1.746637,9.847239,0,1,0.6923076923076923,1,3,3,7
W2,確認,20260627_10_11,15,0.35588142,1.0310748,1.5868143,10.796429,1,1,0.6,1,5,7,10
W2,確認,20260627_10_12,8,0.70900744,1.5887814,1.0260665,5.858631,1,3,1.125,0,1,2,3
W2,確認,20260628_02_01,8,0.53556746,1.3334551,1.0950471,6.1292195,0,1,1.125,1,2,2,2
W2,確認,20260628_02_02,14,0.55657536,1.2903508,1.4633808,8.373492,1,2,0.6428571428571429,4,5,8,8
W2,確認,20260628_02_03,11,0.712781,1.783916,1.0284481,6.101756,1,3,0.8181818181818182,2,5,5,5
W2,確認,20260628_02_04,16,0.7621053,1.8968399,1.5200317,7.3447466,0,1,0.5625,7,8,8,9
W2,確認,20260628_02_06,16,0.712781,1.3175144,1.5656656,8.9731455,1,1,0.5625,2,5,10,12
W2,確認,20260628_02_07,10,0.44635513,1.1902417,1.1859227,7.7673573,1,1,0.9,0,2,4,4
W2,確認,20260628_02_08,13,0.70900744,1.4606537,1.479495,8.130085,0,1,0.6923076923076923,2,2,6,8
W2,確認,20260628_02_09,10,0.712781,1.7920382,1.7072605,7.2938004,1,2,0.9,2,2,2,2
W2,確認,20260628_02_10,10,0.712781,1.5037849,1.0338583,6.1991096,1,3,0.9,1,2,4,6
W2,確認,20260628_02_11,15,0.3314301,0.9485302,1.6881225,10.970608,0,0,0.6,4,4,7,7
W2,確認,20260628_02_12,14,0.4307089,1.1645056,1.8578292,10.485079,1,1,0.6428571428571429,2,3,5,6
W2,確認,20260628_03_02,13,0.78893095,1.5995038,0.7974526,5.514878,1,2,0.6923076923076923,4,6,9,10
W2,確認,20260628_03_04,14,0.51788646,1.3311933,1.7047262,10.064059,1,1,0.6428571428571429,1,2,6,8
W2,確認,20260628_03_05,14,0.6618681,1.6261096,1.9598446,9.714576,0,1,0.6428571428571429,0,2,5,8
W2,確認,20260628_03_06,16,0.70900744,1.7075967,1.4658357,7.677177,1,1,0.5625,6,7,9,10
W2,確認,20260628_03_07,15,0.7289676,1.7996205,1.0614909,6.042844,1,2,0.6,5,8,11,11
W2,確認,20260628_03_08,13,0.53556746,1.3084183,1.6304344,8.584137,1,3,0.6923076923076923,4,4,5,5
W2,確認,20260628_03_09,13,0.72463864,1.6401337,1.559223,7.60328,0,1,0.6923076923076923,2,5,6,7
W2,確認,20260628_03_10,11,0.712781,1.4380285,1.3512955,7.6291914,1,2,0.8181818181818182,0,0,4,6
W2,確認,20260628_03_11,16,0.35779905,1.052211,2.0937965,12.314155,1,2,0.5625,1,3,8,9
W2,確認,20260628_03_12,14,0.70900744,1.6253983,1.7792919,8.356342,0,1,0.6428571428571429,4,5,6,6
W2,確認,20260628_10_01,18,0.7621053,1.9603812,1.4849808,7.599521,0,0,0.5,4,8,14,14
W2,確認,20260628_10_02,16,0.53556746,1.3920722,1.1366143,7.6953974,1,3,0.5625,5,7,11,12
W2,確認,20260628_10_03,18,0.7621053,1.6975505,1.7658013,8.192957,1,2,0.5,7,8,12,12
W2,確認,20260628_10_04,16,0.7621053,1.658233,1.2995168,6.8953586,1,2,0.5625,7,9,10,11
W2,確認,20260628_10_05,10,0.53556746,1.4108896,1.4614624,8.069408,1,1,0.9,0,0,3,4
W2,確認,20260628_10_06,11,0.70900744,1.4556985,1.4665844,7.7961164,0,1,0.8181818181818182,0,2,2,3
W2,確認,20260628_10_07,10,0.70900744,1.6028473,1.5197011,7.3013153,0,2,0.9,0,2,3,3
W2,確認,20260628_10_09,8,0.70900744,1.7261742,1.2686622,6.4966,1,2,1.125,0,0,1,1
W2,確認,20260628_10_10,16,0.45247328,1.2461152,1.7896916,10.75124,1,1,0.5625,3,4,8,9
W2,確認,20260628_10_11,8,0.7198767,1.4794096,1.1852638,6.4507346,1,1,1.125,0,0,0,2
W2,確認,20260628_10_12,16,0.3629919,0.97135127,1.799546,11.90741,0,1,0.5625,0,6,6,10
W3,確認,20260301_06_01,16,0.51929605,1.5109104,1.2612005,7.6051254,0,2,0.5625,7,8,9,11
W3,確認,20260301_06_02,16,0.5015288,1.3232841,1.2192758,8.027459,1,2,0.5625,5,8,11,12
W3,確認,20260301_06_03,16,0.9088319,2.2125409,1.4914459,6.4766793,1,2,0.5625,6,7,10,11
W3,確認,20260301_06_04,8,0.52756476,1.519179,1.5333477,7.3070188,1,1,1.125,0,0,0,1
W3,確認,20260301_06_05,8,0.64081186,1.4490597,0.5945812,4.837951,1,2,1.125,2,3,3,4
W3,確認,20260301_06_06,8,0.6283776,1.4722111,0.816353,5.552099,1,3,1.125,1,1,3,4
W3,確認,20260301_06_07,8,0.6283776,1.6085485,0.9405732,6.0956864,1,2,1.125,0,0,2,3
W3,確認,20260301_06_08,8,0.39611363,1.0997294,0.768047,6.438026,0,2,1.125,0,1,2,3
W3,確認,20260301_06_09,8,0.53804797,1.4283118,1.1409991,6.7391367,1,3,1.125,0,0,1,3
W3,確認,20260301_06_10,8,0.4919442,1.2985281,0.90137076,6.0191374,1,3,1.125,1,1,2,3
W3,確認,20260301_06_11,8,0.49008545,1.201366,1.0053929,6.819203,0,2,1.125,0,0,2,2
W3,確認,20260301_06_12,8,0.5015288,1.2348542,0.5837159,5.4533787,1,2,1.125,1,1,4,5
W3,確認,20260301_09_01,13,0.64307433,1.4008827,1.3602576,7.685426,1,1,0.6923076923076923,4,4,6,7
W3,確認,20260301_09_02,16,0.64307433,1.7360085,1.4789902,7.569952,0,1,0.5625,7,8,8,11
W3,確認,20260301_09_03,12,0.5894003,1.5810145,1.3100926,7.6000094,0,1,0.75,1,3,4,8
W3,確認,20260301_09_04,8,0.9391784,1.942236,1.3975664,6.0055857,1,2,1.125,0,0,1,2
W3,確認,20260301_09_05,13,0.64081186,1.759275,1.4075371,6.997405,1,1,0.6923076923076923,4,4,7,8
W3,確認,20260301_09_06,8,0.7033538,1.8753916,0.7045319,4.871922,1,3,1.125,2,2,4,4
W3,確認,20260301_09_07,14,0.4296348,1.2242031,1.7395726,9.682161,1,2,0.6428571428571429,3,4,6,8
W3,確認,20260301_09_08,15,0.64081186,1.3704523,1.3804576,8.003045,1,2,0.6,4,6,8,10
W3,確認,20260301_09_09,9,0.7583334,1.8786552,1.2610017,6.0694733,1,3,1.0,0,2,3,4
W3,確認,20260301_09_10,14,0.49008545,1.2807317,1.6627324,9.672204,0,1,0.6428571428571429,2,2,7,9
W3,確認,20260301_09_11,15,0.396763,1.0023856,1.5701406,11.402473,1,1,0.6,2,3,8,11
W3,確認,20260301_09_12,16,0.49008545,1.2339019,1.8066151,10.551526,0,1,0.5625,3,3,7,11
W3,確認,20260301_10_01,14,0.6061008,1.4955189,1.8608315,8.940998,1,1,0.6428571428571429,4,4,5,7
W3,確認,20260301_10_02,16,0.9391784,1.6478598,1.2876675,6.6991496,1,2,0.5625,3,7,11,13
W3,確認,20260301_10_03,8,0.6283776,1.6621233,0.5121408,4.6316166,1,2,1.125,2,2,4,4
W3,確認,20260301_10_04,11,0.7583334,1.8396779,1.7524915,7.450072,1,2,0.8181818181818182,1,1,5,5
W3,確認,20260301_10_05,18,0.64081186,1.6438721,1.7517179,8.999296,1,1,0.5,8,8,10,11
W3,確認,20260301_10_06,15,0.64081186,1.6562147,1.190019,7.2015657,0,2,0.6,4,7,9,11
W3,確認,20260301_10_07,18,0.52977926,1.5141069,1.6596075,9.981207,0,0,0.5,4,5,10,14
W3,確認,20260301_10_08,15,0.5523122,1.5595642,1.5702697,8.620982,0,1,0.6,3,6,7,10
W3,確認,20260301_10_09,18,0.42510536,1.1847048,1.6143584,10.654084,0,0,0.5,5,9,11,12
W3,確認,20260301_10_10,18,0.43957758,1.0240872,1.7335402,12.562904,0,0,0.5,3,5,11,14
W3,確認,20260301_10_11,17,0.5894003,1.2928799,1.5157266,9.539476,1,2,0.5294117647058824,4,6,12,13
W3,確認,20260301_10_12,16,0.64081186,1.6467941,1.5747226,8.280451,1,2,0.5625,4,5,10,11
W3,確認,20260307_06_01,8,0.6061008,1.4521133,0.63250536,5.2694016,0,2,1.125,0,1,4,5
W3,確認,20260307_06_02,14,0.49008545,1.0806416,1.219093,9.066664,1,1,0.6428571428571429,2,4,9,11
W3,確認,20260307_06_03,16,0.9391784,2.0816975,1.1508721,5.8696375,1,2,0.5625,7,8,10,12
W3,確認,20260307_06_04,14,0.3685163,1.0535852,2.281649,12.2993145,0,1,0.6428571428571429,0,1,4,4
W3,確認,20260307_06_05,18,0.92850405,2.0594013,1.38368,6.4563994,0,2,0.5,9,10,12,13
W3,確認,20260307_06_06,18,0.64081186,1.7494324,1.7388908,7.980881,1,3,0.5,6,10,12,12
W3,確認,20260307_06_07,15,0.512012,1.385951,1.4232235,8.80014,0,2,0.6,3,5,9,11
W3,確認,20260307_06_08,14,0.9391784,1.9516741,1.2437922,6.091911,1,1,0.6428571428571429,4,6,7,10
W3,確認,20260307_06_09,12,0.64307433,1.5320226,1.3030832,7.3530083,1,2,0.75,2,2,6,8
W3,確認,20260307_06_10,13,0.42425957,1.1691006,1.9188293,10.152286,0,1,0.6923076923076923,2,2,5,6
W3,確認,20260307_06_11,16,0.49008545,1.3114917,1.8982058,10.975252,1,1,0.5625,2,3,7,9
W3,確認,20260307_06_12,16,0.49008545,1.3134031,1.6100124,9.528108,0,1,0.5625,3,5,9,10
W3,確認,20260307_09_01,14,0.7583334,1.4861732,1.5125479,7.830764,0,0,0.6428571428571429,3,4,7,8
W3,確認,20260307_09_02,16,0.8569801,2.1412785,1.3165076,6.5266204,1,3,0.5625,5,7,10,12
W3,確認,20260307_09_03,13,0.7583334,1.5409456,1.5777988,7.8792562,0,0,0.6923076923076923,3,3,6,6
W3,確認,20260307_09_04,13,0.6713025,1.7530107,1.1775067,6.5016427,1,1,0.6923076923076923,4,7,7,7
W3,確認,20260307_09_05,18,0.5015288,1.3589544,1.7488945,10.424848,1,2,0.5,3,5,13,13
W3,確認,20260307_09_06,12,0.49967006,1.4162431,1.7259235,8.676613,0,2,0.75,2,2,4,6
W3,確認,20260307_09_07,8,0.64081186,1.7387267,1.292865,6.2842765,1,2,1.125,0,0,2,3
W3,確認,20260307_09_08,10,0.64081186,1.422491,1.2690715,7.1653094,1,2,0.9,1,2,3,5
W3,確認,20260307_09_09,9,0.6283776,1.6085485,0.9276106,6.2131686,1,2,1.0,0,1,2,5
W3,確認,20260307_09_10,15,0.5015288,1.2711238,1.4473902,9.331857,1,2,0.6,2,4,8,11
W3,確認,20260307_09_11,18,0.43819538,0.9940496,1.6499109,12.223886,0,2,0.5,3,6,12,14
W3,確認,20260307_09_12,16,0.6283776,1.5123422,1.5894569,8.863295,1,2,0.5625,4,6,8,12
W3,確認,20260308_06_01,16,0.52241015,1.4092586,1.2026142,7.7825556,0,1,0.5625,7,9,10,11
W3,確認,20260308_06_02,16,0.59495586,1.4189174,1.8939035,9.17384,1,2,0.5625,5,7,7,9
W3,確認,20260308_06_03,14,0.64307433,1.6521851,1.1259477,6.470443,1,2,0.6428571428571429,6,6,9,10
W3,確認,20260308_06_04,14,0.7262821,1.7083118,2.0542626,9.021707,1,2,0.6428571428571429,0,2,6,8
W3,確認,20260308_06_05,16,0.5015288,1.2460667,1.7072835,9.790376,0,1,0.5625,4,5,8,10
W3,確認,20260308_06_06,16,0.6061008,1.4301819,1.745782,9.207553,1,2,0.5625,4,6,8,11
W3,確認,20260308_06_07,11,0.54366016,1.5475618,1.4815633,7.499517,1,1,0.8181818181818182,1,2,4,6
W3,確認,20260308_06_08,8,0.49008545,1.0598718,0.51292276,5.088746,1,2,1.125,0,2,5,6
W3,確認,20260308_06_09,16,0.54366016,1.3984408,1.356687,8.802554,1,3,0.5625,3,6,11,12
W3,確認,20260308_06_10,15,0.42510536,1.217982,2.0021417,10.722879,0,0,0.6,2,4,7,9
W3,確認,20260308_06_11,8,0.64081186,1.7735679,1.3624989,6.2773414,1,2,1.125,1,1,2,2
W3,確認,20260308_06_12,16,0.52977926,1.2690443,1.6789577,10.084122,0,0,0.5625,3,4,9,12
W3,確認,20260308_09_01,12,0.7583334,1.8291671,1.2752751,6.5694356,1,3,0.75,3,3,7,7
W3,確認,20260308_09_02,16,0.54366016,1.5467176,1.1027226,7.3789196,1,2,0.5625,6,8,11,12
W3,確認,20260308_09_03,14,0.6283776,1.6466687,1.1319913,7.1740403,1,2,0.6428571428571429,3,6,7,11
W3,確認,20260308_09_04,16,0.9391784,2.069085,1.1904113,5.993614,1,2,0.5625,6,8,11,12
W3,確認,20260308_09_05,16,0.4264876,1.1504347,1.6455994,10.314975,1,2,0.5625,4,5,8,11
W3,確認,20260308_09_06,9,0.6283776,1.5787045,1.2716131,6.638592,1,2,1.0,0,0,4,4
W3,確認,20260308_09_07,9,0.64081186,1.6342849,1.1898258,6.308213,1,2,1.0,1,1,3,4
W3,確認,20260308_09_08,9,0.7262821,1.7936983,1.2056104,6.0786414,0,1,1.0,1,2,3,3
W3,確認,20260308_09_10,14,0.5523122,1.381124,1.627064,9.678842,0,0,0.6428571428571429,1,1,7,9
W3,確認,20260308_09_11,12,0.54366016,1.4193112,1.5776982,8.504135,0,1,0.75,0,2,6,6
W3,確認,20260308_09_12,13,0.49008545,1.3431277,1.5841708,8.753685,1,1,0.6923076923076923,3,4,5,6
W3,確認,20260314_06_01,15,0.4919442,1.390381,1.6831577,8.763127,1,1,0.6,4,6,7,9
W3,確認,20260314_06_02,16,0.5972932,1.6007824,1.7207828,8.53348,1,1,0.5625,5,5,9,11
W3,確認,20260314_06_03,16,0.8106837,1.7667172,1.2482028,6.59969,1,2,0.5625,8,8,10,12
W3,確認,20260314_06_04,16,0.999999,1.9318482,1.0523056,5.559207,1,1,0.5625,5,7,11,12
W3,確認,20260314_06_05,16,0.7583334,1.6566252,1.4597406,7.387038,0,1,0.5625,5,7,11,11
W3,確認,20260314_06_06,16,0.49008545,1.4688742,1.89718,10.750935,0,1,0.5625,1,4,7,10
W3,確認,20260314_06_07,10,0.5982079,1.68836,1.2020088,6.517617,1,2,0.9,1,3,5,5
W3,確認,20260314_06_08,16,0.396763,1.1472741,1.5449859,10.589562,1,2,0.5625,4,5,8,12
W3,確認,20260314_06_09,10,0.64081186,1.6228415,1.3304266,7.0500126,1,1,0.9,1,2,3,4
W3,確認,20260314_06_10,16,0.6283776,1.5183803,1.5821025,8.585475,1,2,0.5625,4,5,10,11
W3,確認,20260314_06_11,16,0.6061008,0.96871656,1.6375198,9.942915,1,1,0.5625,2,3,7,15
W3,確認,20260314_06_12,16,0.53804797,1.3818815,1.6363244,9.327192,0,1,0.5625,3,6,10,11
W3,確認,20260314_07_01,10,0.6283776,1.506335,1.0871111,6.6092086,1,1,0.9,1,2,5,5
W3,確認,20260314_07_02,16,0.655605,1.3877966,1.6718189,8.922407,1,1,0.5625,5,6,8,10
W3,確認,20260314_07_03,13,0.64081186,1.4966402,1.6715043,8.278539,0,1,0.6923076923076923,1,3,7,7
W3,確認,20260314_07_04,16,0.4919442,1.4721152,1.3847641,8.7468605,0,2,0.5625,3,5,10,12
W3,確認,20260314_07_05,18,0.33132076,0.89884174,1.5945965,12.226918,0,1,0.5,5,6,9,15
W3,確認,20260314_07_06,16,0.551553,1.421111,1.9632239,9.770674,0,1,0.5625,5,5,8,9
W3,確認,20260314_07_07,16,0.64081186,1.4136419,1.503842,8.666602,0,1,0.5625,3,5,9,12
W3,確認,20260314_07_08,16,0.49008545,1.3798795,1.7485372,9.008159,0,1,0.5625,5,7,9,9
W3,確認,20260314_07_09,10,0.5015288,1.4596537,1.4075729,7.544908,0,1,0.9,1,1,2,4
W3,確認,20260314_07_10,10,0.3983197,1.1900202,1.4770961,7.7552485,1,1,0.9,1,2,4,4
W3,確認,20260314_07_11,14,0.9391784,1.6386466,1.0866205,5.6712112,1,2,0.6428571428571429,4,7,7,9
W3,確認,20260314_07_12,18,0.49008545,1.2823128,1.6385722,9.8532295,0,2,0.5,6,6,13,13
W3,確認,20260314_09_01,13,0.5015288,1.1930948,1.1203628,7.8965344,0,2,0.6923076923076923,2,4,8,10
W3,確認,20260314_09_02,8,0.6061008,1.6185964,0.627942,4.4779,0,1,1.125,3,4,4,4
W3,確認,20260314_09_03,13,0.9391784,2.2709098,1.4598852,6.27142,0,1,0.6923076923076923,4,6,7,7
W3,確認,20260314_09_04,18,0.5894003,1.3387077,1.7570757,9.434377,1,2,0.5,7,9,11,12
W3,確認,20260314_09_05,17,0.66904,1.7875031,1.5274642,7.9658046,1,2,0.5294117647058824,6,7,10,11
W3,確認,20260314_09_06,8,0.6061008,1.4499344,0.7283236,5.439664,0,1,1.125,0,2,3,4
W3,確認,20260314_09_07,16,0.5690127,1.5211984,1.7888142,9.125054,0,0,0.5625,2,6,9,11
W3,確認,20260314_09_08,10,0.54366016,1.4580052,1.763995,8.189847,1,2,0.9,0,1,2,3
W3,確認,20260314_09_09,15,0.396763,1.1059419,1.7780951,10.9156065,0,1,0.6,2,3,7,10
W3,確認,20260314_09_10,8,0.5015288,1.3587077,1.1024641,6.37028,1,2,1.125,1,1,2,2
W3,確認,20260314_09_11,8,0.49008545,0.962944,0.6085563,5.709873,1,3,1.125,0,2,4,5
W3,確認,20260314_09_12,8,0.9391784,1.9359473,1.192686,5.758527,1,3,1.125,0,0,1,2
W3,確認,20260315_06_01,16,0.64081186,1.6452324,1.3652893,7.6359353,1,3,0.5625,5,6,10,11
W3,確認,20260315_06_02,16,0.7583334,2.008611,1.4552416,6.769123,1,3,0.5625,6,8,10,11
W3,確認,20260315_06_03,16,0.7583334,1.6113882,1.3395565,7.6509404,1,2,0.5625,3,6,11,12
W3,確認,20260315_06_04,16,0.6061008,1.6398464,1.5980426,7.609314,0,1,0.5625,7,8,9,10
W3,確認,20260315_06_05,18,0.6713025,1.7599216,1.6234587,8.18791,0,2,0.5,7,9,10,12
W3,確認,20260315_06_06,15,0.5864435,1.5016342,1.3243554,7.693141,0,1,0.6,4,6,9,11
W3,確認,20260315_06_07,15,0.5015288,1.286347,1.4802574,9.37263,1,2,0.6,3,5,8,10
W3,確認,20260315_06_08,10,0.7583334,1.7499477,1.210205,6.505125,1,3,0.9,1,2,4,4
W3,確認,20260315_06_09,11,0.5171666,1.5087808,1.4103062,7.014756,0,1,0.8181818181818182,2,4,4,6
W3,確認,20260315_06_10,16,0.53804797,1.4902335,1.7241153,9.210047,0,2,0.5625,2,6,8,11
W3,確認,20260315_06_11,16,0.52241015,1.3455114,1.8751507,10.875315,0,1,0.5625,2,3,7,11
W3,確認,20260315_06_12,16,0.64081186,1.3483081,1.5608735,8.961758,0,1,0.5625,4,5,10,10
W3,確認,20260315_07_01,16,0.56111985,1.4479682,1.3741496,8.500759,1,2,0.5625,5,6,10,11
W3,確認,20260315_07_02,13,0.64081186,1.6228415,1.2197813,6.954095,1,2,0.6923076923076923,3,5,7,9
W3,確認,20260315_07_03,16,0.64307433,1.4335675,1.6841234,9.861155,1,2,0.5625,1,3,10,12
W3,確認,20260315_07_04,18,0.49008545,1.2352906,1.51982,9.760637,0,1,0.5,6,8,12,14
W3,確認,20260315_07_05,15,0.64307433,1.6603148,1.2899984,7.147233,1,2,0.6,5,5,10,11
W3,確認,20260315_07_06,16,0.49008545,1.3776448,1.9472052,9.985315,1,2,0.5625,3,4,9,10
W3,確認,20260315_07_07,15,0.49008545,1.3671962,1.9467059,9.7134905,0,2,0.6,3,3,7,9
W3,確認,20260315_07_08,12,0.7262821,1.5832865,1.6816721,7.50183,1,2,0.75,3,4,5,5
W3,確認,20260315_07_09,8,0.4602414,0.9073808,0.4165493,4.8853593,1,2,1.125,1,3,5,6
W3,確認,20260315_07_10,12,0.54366016,1.3602585,1.4478003,8.389642,0,1,0.75,1,3,4,5
W3,確認,20260315_07_11,14,0.49008545,1.4058127,1.6608496,9.702765,0,2,0.6428571428571429,1,2,6,9
W3,確認,20260315_07_12,18,0.4919442,1.1948407,1.8702013,11.496181,1,1,0.5,3,4,10,12
W3,確認,20260315_09_01,16,0.5171666,1.3849053,1.5763382,8.602046,1,1,0.5625,6,7,9,10
W3,確認,20260315_09_02,14,0.49008545,1.3777797,1.45942,8.764286,1,2,0.6428571428571429,2,3,8,9
W3,確認,20260315_09_03,16,0.6061008,1.4665322,1.5813102,8.771349,1,2,0.5625,3,7,9,10
W3,確認,20260315_09_04,14,0.64307433,1.3727148,1.4864497,8.47382,0,1,0.6428571428571429,2,4,8,8
W3,確認,20260315_09_05,16,0.53289336,1.5296623,1.5709604,8.757588,0,0,0.5625,4,6,9,10
W3,確認,20260315_09_06,11,0.64307433,1.6887527,1.3718166,6.9919724,1,2,0.8181818181818182,2,2,5,5
W3,確認,20260315_09_07,13,0.6283776,1.4743901,1.4949435,8.1631565,1,2,0.6923076923076923,2,3,5,8
W3,確認,20260315_09_08,11,0.52756476,1.5210377,1.1498435,7.0652757,0,1,0.8181818181818182,2,2,5,7
W3,確認,20260315_09_10,14,0.4602414,1.2096666,1.5818505,9.633979,0,0,0.6428571428571429,2,4,6,9
W3,確認,20260315_09_11,15,0.39760885,1.072898,1.4891918,10.829862,0,2,0.6,2,4,7,12
W3,確認,20260315_09_12,13,0.6283776,1.2365978,1.394537,8.567585,1,2,0.6923076923076923,1,2,6,9
W3,確認,20260321_06_01,16,0.45405126,1.142033,1.3199676,9.7000265,1,2,0.5625,5,6,9,13
W3,確認,20260321_06_02,12,0.8046296,1.892923,1.019636,6.118807,1,3,0.75,2,2,6,9
W3,確認,20260321_06_03,16,0.7301051,1.710276,1.6723709,7.6985207,0,1,0.5625,7,8,9,10
W3,確認,20260321_06_04,12,0.999999,2.5285778,0.9553399,5.015199,1,2,0.75,4,5,6,8
W3,確認,20260321_06_05,13,0.7262821,1.8571795,1.0197669,6.2673593,1,2,0.6923076923076923,2,4,8,10
W3,確認,20260321_06_06,13,0.6713025,1.6998936,1.8533437,7.4187646,1,2,0.6923076923076923,5,5,6,6
W3,確認,20260321_06_07,8,0.49008545,1.0160105,0.54201174,5.3003173,1,2,1.125,1,2,5,6
W3,確認,20260321_06_09,15,0.56111985,1.462615,1.4515549,8.181619,1,1,0.6,4,6,9,10
W3,確認,20260321_06_10,13,0.4919442,1.2708985,1.6475486,9.555379,1,2,0.6923076923076923,1,1,5,7
W3,確認,20260321_06_11,16,0.52241015,1.3753321,1.8817533,10.097469,1,1,0.5625,2,3,10,11
W3,確認,20260321_06_12,16,0.74836797,1.7062284,1.510184,7.6483464,1,2,0.5625,4,7,10,11
W3,確認,20260321_07_01,13,0.9391784,1.9259037,1.2976116,6.2554774,1,2,0.6923076923076923,3,5,7,8
W3,確認,20260321_07_02,16,0.53289336,1.5646589,1.7654008,8.550851,1,2,0.5625,4,6,9,11
W3,確認,20260321_07_03,13,0.9391784,1.7605846,1.0891511,5.6231766,1,2,0.6923076923076923,5,6,7,7
W3,確認,20260321_07_04,18,0.3983197,1.1913805,2.0487,10.287846,1,3,0.5,6,9,10,10
W3,確認,20260321_07_05,18,0.9391784,1.5580565,1.1755816,6.171668,1,1,0.5,6,10,14,15
W3,確認,20260321_07_06,18,0.6283776,1.5738965,1.848095,9.621258,1,2,0.5,5,7,9,12
W3,確認,20260321_07_07,16,0.6061008,1.3271891,2.0108676,10.31742,0,0,0.5625,4,4,7,8
W3,確認,20260321_07_08,13,0.49008545,1.3701072,1.3561226,8.17148,0,2,0.6923076923076923,2,3,6,8
W3,確認,20260321_07_09,10,0.5894003,1.5059733,1.4931351,7.5816536,0,0,0.9,1,1,2,4
W3,確認,20260321_07_10,16,0.5523122,1.296646,1.3998767,9.36877,0,1,0.5625,4,5,8,13
W3,確認,20260321_07_11,17,0.6283776,1.3597304,1.8100232,10.6882715,1,2,0.5294117647058824,2,2,10,12
W3,確認,20260321_07_12,14,0.8101852,1.6639384,1.1553515,6.3643436,1,1,0.6428571428571429,5,6,9,10
W3,確認,20260321_09_01,10,0.5227788,1.5099632,1.2047819,7.0870547,0,2,0.9,1,2,4,4
W3,確認,20260321_09_02,13,0.92436355,1.4802797,0.89588016,5.0130315,1,1,0.6923076923076923,4,5,8,10
W3,確認,20260321_09_03,10,0.64081186,1.897567,1.4422941,6.2316513,1,2,0.9,2,3,5,5
W3,確認,20260321_09_04,8,0.6061008,1.3713801,0.84135586,5.692653,1,2,1.125,1,1,3,4
W3,確認,20260321_09_05,18,0.6283776,1.6707753,2.1380184,8.867113,1,1,0.5,6,7,11,12
W3,確認,20260321_09_06,16,0.512012,1.2052273,2.0310032,11.034101,0,1,0.5625,3,4,6,9
W3,確認,20260321_09_07,11,0.6713025,1.6533321,1.0039301,6.3652177,1,2,0.8181818181818182,1,3,5,6
W3,確認,20260321_09_08,12,0.54366016,1.4235041,1.2249594,7.970292,1,1,0.75,1,1,6,8
W3,確認,20260321_09_09,8,0.5894003,1.5695713,1.0991156,6.287455,1,2,1.125,0,0,2,3
W3,確認,20260321_09_10,16,0.39611363,0.9204941,1.5486765,11.508182,0,1,0.5625,2,6,9,11
W3,確認,20260321_09_11,12,0.64307433,1.5588015,1.4816864,7.9699507,1,2,0.75,2,2,3,7
W3,確認,20260321_09_12,15,0.6283776,1.4219651,1.6310161,9.075408,0,1,0.6,1,5,8,9
W3,確認,20260322_06_01,16,0.64081186,1.4345342,1.6563293,8.732271,1,2,0.5625,6,6,7,10
W3,確認,20260322_06_02,8,0.641657,1.5000114,0.44692647,4.4166923,1,2,1.125,2,4,4,4
W3,確認,20260322_06_03,14,0.49008545,1.3777797,1.4634947,9.034795,1,2,0.6428571428571429,2,3,6,9
W3,確認,20260322_06_04,14,0.54366016,1.4311671,2.0846164,9.690642,0,0,0.6428571428571429,2,2,7,7
W3,確認,20260322_06_05,16,0.92364675,1.9038177,1.4327219,6.5451565,1,1,0.5625,6,9,11,11
W3,確認,20260322_06_06,18,0.5690127,1.5193396,1.9427379,9.495729,1,2,0.5,7,7,9,11
W3,確認,20260322_06_07,8,0.8257168,1.9487618,1.2294812,5.63561,1,2,1.125,1,1,2,2
W3,確認,20260322_06_08,15,0.6283776,1.680527,1.4287705,7.4709997,1,2,0.6,4,7,9,9
W3,確認,20260322_06_09,16,0.6283776,1.6131324,1.2119386,7.4972644,0,1,0.5625,5,7,10,13
W3,確認,20260322_06_10,8,0.6283776,1.5787045,1.0961012,6.0760875,0,1,1.125,1,1,2,3
W3,確認,20260322_06_11,16,0.49849853,1.2921835,1.4996301,9.701761,0,1,0.5625,4,5,10,12
W3,確認,20260322_06_12,16,0.42699727,1.125724,1.4872222,10.249599,0,2,0.5625,3,6,9,12
W3,確認,20260322_07_01,13,0.61853504,1.4794004,1.114247,7.0758505,1,1,0.6923076923076923,3,5,7,9
W3,確認,20260322_07_02,16,0.4919442,1.1920347,1.7599344,9.856452,1,1,0.5625,4,6,9,10
W3,確認,20260322_07_03,15,0.6283776,1.515226,1.7556145,8.699247,0,2,0.6,4,4,7,9
W3,確認,20260322_07_04,15,0.54366016,1.4900773,1.3572054,7.8466215,0,2,0.6,4,7,10,10
W3,確認,20260322_07_05,8,0.92436355,1.8105626,0.75067025,4.584145,1,1,1.125,1,2,4,4
W3,確認,20260322_07_06,17,0.6283776,1.4648055,1.656967,9.121269,1,1,0.5294117647058824,5,7,10,12
W3,確認,20260322_07_07,15,0.9391784,1.9307927,1.3753866,6.722244,0,1,0.6,3,4,11,11
W3,確認,20260322_07_08,18,0.64081186,1.6667984,1.5331165,8.253967,1,2,0.5,7,8,12,13
W3,確認,20260322_07_09,10,0.512012,1.4356159,1.408844,7.6861205,0,1,0.9,0,1,3,4
W3,確認,20260322_07_10,16,0.42655468,1.1634828,1.5766428,9.969882,0,1,0.5625,5,5,9,10
W3,確認,20260322_07_11,18,0.39760885,0.95920694,1.8490186,13.497727,0,0,0.5,3,4,11,15
W3,確認,20260322_07_12,16,0.5523122,1.4583725,1.4735036,8.622141,1,1,0.5625,4,6,10,12
W3,確認,20260322_09_01,14,0.7583334,1.4830683,1.1353705,6.8992186,1,1,0.6428571428571429,4,5,8,11
W3,確認,20260322_09_02,13,0.92364675,2.0216918,1.4087169,6.3988786,0,2,0.6923076923076923,3,4,7,8
W3,確認,20260322_09_03,13,0.6061008,1.6346918,1.1539811,6.7383275,0,2,0.6923076923076923,3,6,7,8
W3,確認,20260322_09_04,16,0.6061008,1.5051035,1.4226724,8.065667,1,2,0.5625,5,7,9,11
W3,確認,20260322_09_05,11,0.49008545,1.286014,1.655241,8.827206,0,1,0.8181818181818182,0,2,2,5
W3,確認,20260322_09_06,13,0.3983197,1.1856683,1.8345438,10.313798,0,0,0.6923076923076923,0,2,5,7
W3,確認,20260322_09_07,10,0.53804797,1.5200776,1.399343,7.201683,1,1,0.9,2,2,2,4
W3,確認,20260322_09_08,10,0.92436355,1.9176391,1.1919817,5.912634,0,1,0.9,1,1,4,5
W3,確認,20260322_09_09,8,0.64081186,1.6843091,1.0270236,5.662319,1,2,1.125,1,2,2,3
W3,確認,20260322_09_10,16,0.41279855,1.1640205,1.7800783,10.360323,0,0,0.5625,4,5,9,10
W3,確認,20260322_09_11,10,0.54366016,1.46439,1.4865235,7.4118657,1,2,0.9,1,1,3,4
W3,確認,20260322_09_12,12,0.53850555,1.4555551,1.6901401,8.270313,0,1,0.75,2,4,5,5
W3,確認,20260328_06_01,16,0.9393673,1.8270617,1.4735582,6.927299,1,2,0.5625,4,5,11,11
W3,確認,20260328_06_02,16,0.64307433,1.7615374,1.3188535,7.0064588,0,2,0.5625,8,9,9,10
W3,確認,20260328_06_03,16,0.9391784,1.9307927,1.3748275,6.7502437,1,3,0.5625,4,6,9,10
W3,確認,20260328_06_04,15,0.7583334,1.579356,0.97557837,6.3990455,1,2,0.6,5,8,11,12
W3,確認,20260328_06_05,16,0.6061008,1.4936602,1.134614,7.5081553,1,2,0.5625,7,8,10,13
W3,確認,20260328_06_06,11,0.9391784,2.0815191,1.1019536,5.4372525,1,3,0.8181818181818182,4,5,6,6
W3,確認,20260328_06_07,13,0.5982079,1.6024348,1.3111401,7.003839,1,3,0.6923076923076923,3,4,8,9
W3,確認,20260328_06_08,12,0.64081186,1.6236739,1.4777548,7.876413,0,2,0.75,1,1,7,7
W3,確認,20260328_06_09,16,0.7583334,1.692503,1.4659716,7.6483803,0,2,0.5625,6,7,8,11
W3,確認,20260328_06_10,10,0.5982079,1.5503935,1.6594505,8.224138,1,3,0.9,0,0,1,4
W3,確認,20260328_06_11,15,0.49008545,1.317776,1.7537704,9.753274,1,2,0.6,1,5,9,10
W3,確認,20260328_06_12,16,0.60284877,1.3780514,1.5883847,8.817907,0,1,0.5625,4,7,10,11
W3,確認,20260328_07_01,16,0.9391784,1.5519204,1.4112394,6.97084,1,1,0.5625,4,5,9,13
W3,確認,20260328_07_02,13,0.60284877,1.5830197,1.4193916,8.006074,0,1,0.6923076923076923,1,3,7,8
W3,確認,20260328_07_03,16,0.5982079,1.547283,1.4516271,7.6894455,0,2,0.5625,6,8,10,11
W3,確認,20260328_07_04,14,0.9391784,1.9768964,1.7742122,7.097681,1,2,0.6428571428571429,3,5,7,7
W3,確認,20260328_07_05,14,0.6061008,1.3018148,1.2543031,8.197323,0,1,0.6428571428571429,2,4,9,10
W3,確認,20260328_07_06,16,0.53804797,1.5350273,1.6050467,8.407908,1,2,0.5625,4,6,9,12
W3,確認,20260328_07_07,15,0.42655468,1.157956,1.4498991,9.843637,0,0,0.6,3,4,8,10
W3,確認,20260328_07_08,14,0.4919442,1.3209157,1.7581142,8.710408,1,1,0.6428571428571429,3,5,7,7
W3,確認,20260328_07_09,9,0.53804797,1.4902335,1.6282262,7.797742,1,2,1.0,0,0,1,2
W3,確認,20260328_07_10,8,0.5523122,1.3473948,1.1143541,6.3344646,0,1,1.125,0,2,2,3
W3,確認,20260328_07_11,16,0.4602414,1.3759162,1.840069,10.288566,1,1,0.5625,3,4,9,10
W3,確認,20260328_07_12,16,0.396763,1.1043843,1.3996904,10.737784,1,1,0.5625,2,4,12,13
W3,確認,20260328_09_01,16,0.5982079,1.4334425,1.4174043,8.740512,0,1,0.5625,3,7,10,12
W3,確認,20260328_09_02,11,0.7583334,1.6581523,1.0843116,6.0079675,1,2,0.8181818181818182,3,5,5,5
W3,確認,20260328_09_03,16,0.7583334,1.8813785,1.4068733,7.239707,1,3,0.5625,4,5,10,11
W3,確認,20260328_09_04,13,0.6283776,1.4235953,1.4130934,7.8415008,1,2,0.6923076923076923,3,3,6,7
W3,確認,20260328_09_05,18,0.5894003,1.2307208,1.4919105,9.631041,1,1,0.5,5,6,12,13
W3,確認,20260328_09_06,11,0.5523122,1.3467455,1.722745,8.341235,1,1,0.8181818181818182,1,1,3,5
W3,確認,20260328_09_07,12,0.64081186,1.5186052,1.2438793,7.3012795,0,1,0.75,2,3,7,8
W3,確認,20260328_09_10,11,0.75627536,1.7364463,1.1734867,6.491278,1,2,0.8181818181818182,1,3,4,7
W3,確認,20260328_09_12,14,0.5015288,1.2782955,1.5649472,9.061159,1,2,0.6428571428571429,4,5,7,7
W3,確認,20260329_06_01,16,0.7033538,1.6032023,1.5619807,7.495011,1,1,0.5625,8,8,10,10
W3,確認,20260329_06_02,16,0.5894003,1.5102288,1.4731952,8.275319,0,1,0.5625,6,6,10,11
W3,確認,20260329_06_03,15,0.9391784,1.911311,1.1619883,5.841025,1,3,0.6,6,7,8,11
W3,確認,20260329_06_04,16,0.5015288,1.3254786,1.7140217,9.24785,0,2,0.5625,4,6,8,10
W3,確認,20260329_06_05,13,0.64081186,1.6375808,2.0237114,8.661727,0,2,0.6923076923076923,3,4,5,5
W3,確認,20260329_06_06,13,0.64081186,1.4696237,1.1096803,7.092568,1,2,0.6923076923076923,3,5,6,9
W3,確認,20260329_06_07,15,0.49008545,1.4115336,1.4154792,8.349506,0,2,0.6,5,6,8,10
W3,確認,20260329_06_08,16,0.52756476,1.40738,1.6682374,9.32993,0,1,0.5625,2,7,10,10
W3,確認,20260329_06_10,15,0.5015288,1.2849869,1.5204061,9.486822,1,2,0.6,4,5,7,10
W3,確認,20260329_06_11,15,0.34634247,0.90134263,1.752405,12.093471,0,0,0.6,2,3,5,8
W3,確認,20260329_06_12,11,0.5972932,1.528815,1.3807485,7.6444736,1,1,0.8181818181818182,1,1,4,6
W3,確認,20260329_07_01,8,0.6283776,1.4808019,0.90211064,5.8075333,1,2,1.125,1,1,1,3
W3,確認,20260329_07_02,14,0.64081186,1.7418652,0.84474826,5.950712,0,1,0.6428571428571429,6,6,11,11
W3,確認,20260329_07_03,15,0.9391784,1.6204417,1.1637826,5.8743577,1,1,0.6,3,5,9,13
W3,確認,20260329_07_04,17,0.55180264,1.5292107,1.8746554,9.122107,1,2,0.5294117647058824,4,6,11,11
W3,確認,20260329_07_05,16,0.512012,1.5132108,1.3281496,7.921094,1,2,0.5625,7,8,10,11
W3,確認,20260329_07_06,13,0.5523122,1.4439162,1.7018049,8.644863,0,1,0.6923076923076923,3,3,5,6
W3,確認,20260329_07_07,13,0.53804797,1.4658188,1.391586,8.193711,1,2,0.6923076923076923,1,2,9,9
W3,確認,20260329_07_09,15,0.5015288,1.4912844,1.8359544,8.535205,0,1,0.6,5,6,7,7
W3,確認,20260329_07_10,14,0.5894003,1.6175338,1.2748798,7.4384437,1,2,0.6428571428571429,4,5,6,9
W3,確認,20260329_07_11,18,0.5141414,1.2290001,1.9111845,11.643778,1,1,0.5,2,6,11,12
W3,確認,20260329_07_12,16,0.58074826,1.4666291,1.8013636,9.202952,1,1,0.5625,5,5,8,9
W3,確認,20260329_09_01,14,0.64081186,1.275263,1.0940055,7.2305317,1,1,0.6428571428571429,2,5,9,11
W3,確認,20260329_09_02,9,0.9088319,1.782739,0.93010867,5.1695895,1,2,1.0,1,3,4,4
W3,確認,20260329_09_03,16,0.49008545,1.313336,1.3791842,8.826405,0,1,0.5625,5,6,11,12
W3,確認,20260329_09_04,14,0.4114097,1.0302877,1.2080094,9.442643,1,1,0.6428571428571429,2,4,7,11
W3,確認,20260329_09_05,12,0.9088319,1.7963631,1.4379678,6.599764,1,3,0.75,2,3,5,7
W3,確認,20260329_09_06,10,0.6061008,1.4941586,1.3802289,7.4834847,0,2,0.9,1,1,3,4
W3,確認,20260329_09_07,14,0.49008545,1.3028655,1.7687522,9.376229,0,2,0.6428571428571429,3,4,6,8
W3,確認,20260329_09_09,15,0.4919442,1.3781433,1.3085884,8.096452,0,0,0.6,4,6,9,11
W3,確認,20260329_09_10,11,0.64307433,1.5934012,1.227245,7.109649,1,1,0.8181818181818182,1,2,6,6
W3,確認,20260329_09_11,13,0.6061008,1.3615946,1.3798809,8.368754,1,1,0.6923076923076923,1,2,7,9
W3,確認,20260329_09_12,16,0.5015288,1.3539531,1.7706269,9.746191,0,1,0.5625,4,4,9,10
W3,確認,20260404_06_01,16,0.5523122,1.5439265,1.5643927,8.52676,1,2,0.5625,4,7,10,10
W3,確認,20260404_06_02,14,0.5141414,1.4396925,1.4502529,8.2318535,1,2,0.6428571428571429,4,4,7,9
W3,確認,20260404_06_03,16,0.64666027,1.5350654,1.6370293,8.052158,1,2,0.5625,6,7,9,10
W3,確認,20260404_06_04,14,0.48870325,1.2792277,2.1511536,10.690232,0,1,0.6428571428571429,2,2,3,7
W3,確認,20260404_06_05,16,0.64081186,1.3281521,1.2572881,7.8182774,1,2,0.5625,6,7,9,11
W3,確認,20260404_06_06,13,0.5982079,1.6021096,1.5496128,7.8008733,1,1,0.6923076923076923,4,4,6,7
W3,確認,20260404_06_07,12,0.9391784,1.9175355,1.2719703,6.0611496,1,2,0.75,2,4,6,7
W3,確認,20260404_06_08,11,0.4919442,1.4133923,1.8686638,8.384793,1,3,0.8181818181818182,1,2,3,4
W3,確認,20260404_06_09,12,0.4852775,1.2457228,1.4209892,8.97474,1,2,0.75,0,2,5,8
W3,確認,20260404_06_10,15,0.54366016,1.4000152,1.4694554,8.581572,1,3,0.6,5,5,6,9
W3,確認,20260404_06_11,15,0.49008545,1.2689389,1.6268361,9.616616,0,1,0.6,4,5,8,9
W3,確認,20260404_06_12,16,0.3983197,1.0833488,1.7550764,11.060972,0,0,0.5625,5,5,7,10
W3,確認,20260404_09_01,16,0.64081186,1.334969,1.6256133,9.205241,1,2,0.5625,4,5,8,11
W3,確認,20260404_09_02,16,0.7583334,1.865963,1.7147027,8.152131,0,2,0.5625,4,6,8,11
W3,確認,20260404_09_03,14,0.9391784,2.3684423,0.92750114,5.1554284,0,2,0.6428571428571429,5,6,10,11
W3,確認,20260404_09_04,18,0.64307433,1.6756626,1.7347771,8.284163,1,2,0.5,8,9,12,12
W3,確認,20260404_09_05,18,0.6283776,1.6104072,2.0283976,9.255269,1,1,0.5,6,7,11,12
W3,確認,20260404_09_06,16,0.64081186,1.2748755,1.8567189,10.178718,1,1,0.5625,2,3,7,10
W3,確認,20260404_09_07,9,0.69805384,1.7942401,1.537731,6.861438,1,3,1.0,1,1,1,2
W3,確認,20260404_09_08,9,0.5015288,1.4901128,1.2771089,6.8065486,1,3,1.0,0,1,4,4
W3,確認,20260404_09_09,9,0.5894003,1.6238225,1.8605733,7.302722,1,2,1.0,1,1,2,2
W3,確認,20260404_09_10,16,0.5972932,1.4856983,1.4079462,8.615685,1,2,0.5625,2,5,11,11
W3,確認,20260404_09_11,14,0.64081186,1.513768,1.7680337,8.958553,0,0,0.6428571428571429,2,3,6,8
W3,確認,20260404_09_12,15,0.49849853,1.4786694,1.7942628,8.866068,1,2,0.6,3,4,8,9
W3,確認,20260405_06_01,15,0.5894003,1.4892488,1.2765691,7.94923,1,2,0.6,4,6,8,11
W3,確認,20260405_06_02,16,0.9391784,1.9767532,1.2151291,6.0252004,1,2,0.5625,6,8,12,12
W3,確認,20260405_06_03,16,0.9391784,1.873271,0.8745131,5.305836,1,2,0.5625,7,8,13,13
W3,確認,20260405_06_04,13,0.5894003,1.3364475,1.5066726,8.88123,1,1,0.6923076923076923,0,2,7,8
W3,確認,20260405_06_05,15,0.54367745,1.4287004,1.4885074,8.645794,0,0,0.6,4,5,7,10
W3,確認,20260405_06_06,16,0.4919442,1.4721152,1.778061,9.224631,0,1,0.5625,4,6,10,11
W3,確認,20260405_06_07,14,0.49008545,1.2455869,2.1684766,10.039103,1,1,0.6428571428571429,2,4,5,6
W3,確認,20260405_06_08,16,0.512012,1.3416944,1.7703462,9.677594,0,1,0.5625,4,5,9,11
W3,確認,20260405_06_09,8,0.69805384,1.6782248,1.4363315,6.6338205,1,1,1.125,0,0,1,2
W3,確認,20260405_06_10,16,0.5015288,1.3865517,1.4905977,9.258159,1,2,0.5625,3,6,9,11
W3,確認,20260405_06_11,16,0.36667287,1.0443361,1.8577276,10.994817,1,2,0.5625,3,5,8,9
W3,確認,20260405_06_12,12,0.7262821,1.8164343,1.3040441,6.795527,1,3,0.75,2,4,6,7
W3,確認,20260405_09_01,15,0.49008545,1.2542373,1.7878077,9.917387,0,1,0.6,4,4,6,9
W3,確認,20260405_09_02,12,0.6283776,1.7582841,1.0628315,6.00176,1,2,0.75,4,4,8,8
W3,確認,20260405_09_03,16,0.9391784,1.8325812,1.5570163,7.198229,0,1,0.5625,5,5,9,11
W3,確認,20260405_09_04,15,0.64081186,1.672018,1.4057009,7.693446,1,2,0.6,5,5,7,10
W3,確認,20260405_09_05,13,0.5015288,1.4470477,1.7227912,9.263578,1,2,0.6923076923076923,1,2,5,7
W3,確認,20260405_09_06,9,0.4602414,1.2537674,1.5709633,7.74944,1,1,1.0,1,1,1,2
W3,確認,20260405_09_07,15,0.4919442,1.4085172,1.7587755,9.668047,0,1,0.6,2,3,8,11
W3,確認,20260405_09_08,11,0.58074826,1.6098418,1.4697967,7.4583855,0,0,0.8181818181818182,2,3,3,4
W3,確認,20260405_09_09,12,0.39760885,1.1674747,1.8369921,10.415455,1,1,0.75,1,1,1,3
W3,確認,20260405_09_10,18,0.512012,1.492183,1.8485862,10.345996,1,3,0.5,3,5,12,13
W3,確認,20260405_09_11,15,0.49008545,1.192561,1.7530571,9.832444,0,1,0.6,3,5,7,9
W3,確認,20260405_09_12,16,0.49849853,1.2881148,1.6914959,10.409913,0,2,0.5625,5,5,8,11
W3,確認,20260411_03_01,15,0.92436355,1.9110888,1.9160105,7.5257864,1,3,0.6,4,5,8,9
W3,確認,20260411_03_02,16,0.6061008,1.6071391,1.5882463,8.364179,1,3,0.5625,4,6,10,11
W3,確認,20260411_03_03,16,0.49008545,0.9766242,1.6439688,11.394316,0,0,0.5625,2,4,8,13
W3,確認,20260411_03_04,16,0.6283776,1.515226,1.5215493,8.205959,0,0,0.5625,5,7,11,11
W3,確認,20260411_03_05,16,0.7033538,1.3995261,1.940616,9.47007,1,1,0.5625,4,5,8,8
W3,確認,20260411_03_06,15,0.54366016,1.2596473,1.2798421,8.386261,0,2,0.6,4,5,9,12
W3,確認,20260411_03_07,15,0.4919442,1.4721152,1.6696965,7.9986916,0,2,0.6,5,5,10,10
W3,確認,20260411_03_08,16,0.53804797,1.346299,1.3160937,8.681191,0,1,0.5625,4,6,12,12
W3,確認,20260411_03_09,16,0.4919442,1.3153912,1.7708427,9.515101,0,1,0.5625,4,5,8,11
W3,確認,20260411_03_10,16,0.5894003,1.2207991,1.5568506,9.548107,1,3,0.5625,4,6,9,11
W3,確認,20260411_03_11,15,0.49008545,1.0893154,1.5586503,10.486346,0,1,0.6,2,3,6,11
W3,確認,20260411_03_12,16,0.39760885,1.1898361,1.8625855,10.608421,0,1,0.5625,2,4,9,11
W3,確認,20260411_06_01,16,0.64081186,1.4771525,0.9925884,6.947191,1,3,0.5625,5,8,12,13
W3,確認,20260411_06_02,16,0.5982079,1.4964997,1.4320341,8.173468,1,1,0.5625,5,7,10,11
W3,確認,20260411_06_03,13,0.8057913,1.6422192,0.9743338,6.0493736,0,2,0.6923076923076923,3,3,10,10
W3,確認,20260411_06_04,14,0.6283776,1.6085485,1.8504223,9.352373,1,2,0.6428571428571429,1,2,6,8
W3,確認,20260411_06_05,15,0.5523122,1.5324831,1.6190248,8.153709,1,2,0.6,5,6,8,9
W3,確認,20260411_06_06,18,0.49008545,1.3577756,1.4904295,9.405036,1,2,0.5,5,7,13,14
W3,確認,20260411_06_07,16,0.8046296,1.5023292,1.6454502,8.439912,1,1,0.5625,4,4,9,11
W3,確認,20260411_06_08,16,0.64081186,1.5911387,1.607435,8.15722,1,2,0.5625,5,7,9,9
W3,確認,20260411_06_10,13,0.4919442,1.0909674,1.4730604,9.62995,1,1,0.6923076923076923,1,2,6,8
W3,確認,20260411_06_11,15,0.7583334,1.7201036,1.6570227,8.235144,1,1,0.6,2,5,7,9
W3,確認,20260411_06_12,16,0.49008545,1.1224003,1.4808979,10.25577,0,0,0.5625,3,5,10,12
W3,確認,20260411_09_01,16,0.69781655,1.6353456,1.6221912,8.27938,1,2,0.5625,4,5,9,11
W3,確認,20260411_09_02,16,0.64081186,1.6960092,1.6447537,8.10217,1,2,0.5625,6,7,9,9
W3,確認,20260411_09_03,13,0.9391784,1.9557472,1.1556671,5.844978,1,1,0.6923076923076923,4,5,8,9
W3,確認,20260411_09_04,15,0.64307433,1.8361983,1.5726256,6.9490767,0,1,0.6,6,8,9,10
W3,確認,20260411_09_05,12,0.39760885,1.1918458,1.7915143,9.411969,0,1,0.75,1,2,3,5
W3,確認,20260411_09_06,15,0.6061008,1.6398464,1.7511151,8.852908,1,2,0.6,1,5,7,10
W3,確認,20260411_09_07,11,0.6061008,1.4076347,1.3714416,7.316429,1,2,0.8181818181818182,2,3,5,5
W3,確認,20260411_09_08,16,0.7583334,1.5514209,1.7728461,8.383753,1,1,0.5625,5,6,7,10
W3,確認,20260411_09_09,8,0.9391784,1.9625535,0.79490674,4.8717265,1,3,1.125,0,0,3,4
W3,確認,20260411_09_10,13,0.9391784,2.0064778,1.2161779,6.310452,1,2,0.6923076923076923,1,3,7,9
W3,確認,20260411_09_11,10,0.53289336,1.3907436,1.2468171,7.5263247,1,2,0.9,0,1,3,5
W3,確認,20260411_09_12,16,0.4919442,1.1230568,1.7223366,10.658354,0,0,0.5625,4,4,7,11
W3,確認,20260412_03_01,15,0.7262821,1.6149893,1.2944827,7.0662436,1,2,0.6,5,7,8,11
W3,確認,20260412_03_02,16,0.42564178,1.2198787,1.4711893,9.7286415,1,2,0.5625,5,6,9,11
W3,確認,20260412_03_03,15,0.64081186,1.5417175,1.3183644,7.997686,1,2,0.6,2,4,9,11
W3,確認,20260412_03_04,15,0.64081186,1.3407571,1.3048072,8.068707,1,2,0.6,4,7,8,11
W3,確認,20260412_03_05,16,0.33132076,0.9755918,1.523616,10.684744,0,2,0.5625,3,6,7,11
W3,確認,20260412_03_06,15,0.49008545,1.217916,1.303293,9.287142,1,3,0.6,3,4,9,12
W3,確認,20260412_03_07,15,0.5894003,1.2393943,1.4397504,8.9462595,0,2,0.6,4,4,8,10
W3,確認,20260412_03_08,16,0.4919442,1.3439473,1.8676429,10.736338,1,1,0.5625,2,3,8,11
W3,確認,20260412_03_09,13,0.4919442,1.4062892,1.7010616,9.049398,0,1,0.6923076923076923,1,2,6,7
W3,確認,20260412_03_10,16,0.396763,1.0112541,1.604346,11.546103,1,1,0.5625,3,4,7,13
W3,確認,20260412_03_11,15,0.39558697,1.0862005,1.7402501,10.389287,0,0,0.6,3,4,7,8
W3,確認,20260412_03_12,15,0.4588592,1.253942,1.49343,9.122115,1,2,0.6,5,6,8,10
W3,確認,20260412_06_01,15,0.9391784,2.0230525,1.1040561,5.884031,1,3,0.6,5,6,10,11
W3,確認,20260412_06_02,14,0.64081186,1.757802,1.7114987,7.713936,0,1,0.6428571428571429,5,6,7,7
W3,確認,20260412_06_03,14,0.49008545,1.3478007,1.5393395,8.613148,0,1,0.6428571428571429,4,5,7,8
W3,確認,20260412_06_04,14,0.5894003,1.538345,2.096532,9.496021,0,0,0.6428571428571429,4,4,5,5
W3,確認,20260412_06_05,18,0.58224463,1.3888285,1.4839536,8.883336,0,1,0.5,7,8,10,13
W3,確認,20260412_06_06,11,0.54366016,1.4113503,1.4975097,8.30721,0,1,0.8181818181818182,0,1,4,5
W3,確認,20260412_06_07,15,0.52756476,1.3639927,1.5269237,9.269132,1,2,0.6,3,4,8,10
W3,確認,20260412_06_08,10,0.5015288,1.4950018,1.3837082,7.2200284,1,1,0.9,1,2,3,4
W3,確認,20260412_06_09,12,0.64081186,1.5073259,1.2954155,7.272099,1,2,0.75,2,4,5,5
W3,確認,20260412_06_10,12,0.58074826,1.5087646,1.337766,7.24843,0,2,0.75,3,4,5,6
W3,確認,20260412_06_11,16,0.4919442,1.0842316,1.4000037,9.962633,0,0,0.5625,3,5,10,13
W3,確認,20260412_06_12,13,0.49008545,1.2251875,1.701944,10.16054,0,2,0.6923076923076923,0,0,6,7
W3,確認,20260412_09_01,16,0.59495586,1.5769855,2.0766597,9.774902,1,1,0.5625,3,6,8,9
W3,確認,20260412_09_02,16,0.5171666,1.5087808,1.70704,9.255635,0,1,0.5625,4,5,8,9
W3,確認,20260412_09_03,16,0.49008545,1.4495926,1.5871043,8.703619,1,3,0.5625,4,5,11,11
W3,確認,20260412_09_04,18,0.6283776,1.485382,1.9288546,10.308715,1,1,0.5,2,6,12,13
W3,確認,20260412_09_05,16,0.42564178,1.1590096,2.1113002,11.713663,1,1,0.5625,2,4,7,8
W3,確認,20260412_09_06,10,0.9391784,2.0595002,1.1671507,5.7929497,0,1,0.9,1,1,3,6
W3,確認,20260412_09_07,11,0.9391784,1.7487684,0.9687564,5.435338,1,1,0.8181818181818182,1,1,7,8
W3,確認,20260412_09_08,11,0.64081186,1.6185195,1.300111,7.139073,1,2,0.8181818181818182,1,2,4,7
W3,確認,20260412_09_09,14,0.64081186,1.5046796,1.7972295,9.084871,0,1,0.6428571428571429,2,4,6,7
W3,確認,20260412_09_10,15,0.6283776,1.3788887,1.3858589,8.400689,0,2,0.6,3,5,8,10
W3,確認,20260412_09_11,18,0.53804797,1.0886961,1.8075981,11.980497,0,1,0.5,1,5,11,15
W3,確認,20260412_09_12,13,0.51365906,1.417013,1.7434005,9.307823,0,1,0.6923076923076923,1,2,5,7
W3,確認,20260418_03_01,16,0.6713025,1.7563438,1.3674521,7.342051,0,1,0.5625,4,9,11,11
W3,確認,20260418_03_02,16,0.45221242,1.3051876,1.423335,9.659949,0,0,0.5625,4,4,10,12
W3,確認,20260418_03_03,16,0.52756476,1.3059807,1.7352695,10.271379,1,2,0.5625,3,5,9,10
W3,確認,20260418_03_04,15,0.60284877,1.4074061,1.5156686,8.611442,1,2,0.6,3,5,8,8
W3,確認,20260418_03_05,16,0.53804797,1.5182189,1.4389607,7.655584,0,2,0.5625,7,8,11,11
W3,確認,20260418_03_06,15,0.9391784,1.7632749,1.5018901,6.856502,1,2,0.6,4,6,8,10
W3,確認,20260418_03_07,15,0.4694217,1.2350817,1.7341726,10.07918,0,2,0.6,3,3,8,9
W3,確認,20260418_03_08,15,0.5523122,1.3755628,1.6655954,8.897533,1,3,0.6,5,5,8,9
W3,確認,20260418_03_09,9,0.42425957,1.2193424,1.4337769,7.6508913,0,1,1.0,0,1,1,3
W3,確認,20260418_03_10,8,0.59495586,1.4826502,1.367325,6.866272,1,1,1.125,0,0,1,2
W3,確認,20260418_03_11,15,0.58074826,1.4566829,1.380272,8.1597805,1,1,0.6,3,7,10,10
W3,確認,20260418_03_12,16,0.49008545,1.2851682,1.6885966,9.662314,1,2,0.5625,2,7,11,11
W3,確認,20260418_06_01,14,0.6713025,1.8021998,1.2730598,6.555426,1,2,0.6428571428571429,4,5,9,9
W3,確認,20260418_06_02,11,0.6061008,1.567871,1.7794865,7.659957,1,2,0.8181818181818182,2,4,4,4
W3,確認,20260418_06_03,14,0.9391784,1.990689,1.0700473,5.585833,0,2,0.6428571428571429,5,8,9,10
W3,確認,20260418_06_04,13,0.7583334,2.1450443,1.450072,6.076047,0,2,0.6923076923076923,6,6,7,8
W3,確認,20260418_06_05,16,0.7583334,1.4497341,1.2797344,7.2514834,0,1,0.5625,6,7,10,12
W3,確認,20260418_06_07,10,0.54366016,1.5853662,1.3579646,7.1860323,0,1,0.9,1,2,2,4
W3,確認,20260418_06_08,16,0.4919442,1.4383613,1.399959,8.97123,1,2,0.5625,4,7,9,11
W3,確認,20260418_06_09,12,0.5015288,1.3961016,1.3336632,8.408096,0,0,0.75,1,2,5,8
W3,確認,20260418_06_10,13,0.39760885,1.1926916,1.7444283,9.174532,1,1,0.6923076923076923,2,3,6,7
W3,確認,20260418_06_11,10,0.6061008,1.5360175,1.4487183,7.182101,1,2,0.9,1,3,3,4
W3,確認,20260418_06_12,13,0.4919442,1.3787926,1.5773475,8.185638,1,2,0.6923076923076923,3,4,5,7
W3,確認,20260418_09_01,15,0.64081186,1.771913,1.4692781,7.2597094,1,2,0.6,5,7,9,10
W3,確認,20260418_09_02,16,0.8101852,1.9766109,1.3063049,6.854964,1,3,0.5625,5,7,9,11
W3,確認,20260418_09_03,15,0.7583334,1.92671,1.6352165,7.5412703,1,2,0.6,4,6,7,10
W3,確認,20260418_09_04,18,0.9391784,1.9550663,1.631022,7.597713,1,2,0.5,4,7,10,14
W3,確認,20260418_09_06,14,0.5894003,1.4789534,1.66529,8.789772,1,1,0.6428571428571429,2,3,8,9
W3,確認,20260418_09_07,14,0.64307433,1.4809203,1.5071493,8.1964035,1,2,0.6428571428571429,3,5,7,7
W3,確認,20260418_09_08,9,0.6283776,1.6565111,1.4215099,6.896617,1,3,1.0,0,0,2,4
W3,確認,20260418_09_09,14,0.49008545,1.3768145,1.9157733,9.623891,1,1,0.6428571428571429,2,4,5,7
W3,確認,20260418_09_10,9,0.58074826,1.6568441,1.2529954,6.3627996,1,3,1.0,1,2,2,3
W3,確認,20260418_09_11,16,0.49008545,1.2331909,1.6529291,11.053164,0,1,0.5625,1,4,9,13
W3,確認,20260418_09_12,15,0.49008545,1.3121502,1.7644857,9.530494,0,0,0.6,3,5,9,9
W3,確認,20260419_03_01,16,0.49008545,1.2747196,1.6841782,9.84712,1,1,0.5625,4,5,8,10
W3,確認,20260419_03_02,15,0.64307433,1.6091096,1.5068054,7.96499,1,2,0.6,4,5,9,10
W3,確認,20260419_03_03,16,0.4264876,1.1206448,1.5547129,10.689149,1,1,0.5625,3,3,10,12
W3,確認,20260419_03_04,15,0.5015288,1.4311918,1.6868091,8.2653,0,1,0.6,6,7,8,9
W3,確認,20260419_03_05,16,0.49008545,1.2677906,1.7453762,10.12897,1,2,0.5625,2,5,9,11
W3,確認,20260419_03_06,13,0.52241015,1.4438583,1.923608,8.834951,1,1,0.6923076923076923,3,3,4,6
W3,確認,20260419_03_07,10,0.64081186,1.7174766,1.249661,6.3118105,0,2,0.9,3,3,4,4
W3,確認,20260419_03_08,15,0.49008545,1.281786,1.9110069,9.552702,1,2,0.6,4,4,8,8
W3,確認,20260419_03_09,16,0.64081186,1.5303649,1.8919902,9.59371,0,1,0.5625,2,4,9,11
W3,確認,20260419_03_10,13,0.49008545,1.1686445,1.3272194,9.0199,1,2,0.6923076923076923,0,2,7,10
W3,確認,20260419_03_11,16,0.49008545,1.4702563,1.5152072,9.37506,0,1,0.5625,3,4,10,12
W3,確認,20260419_03_12,15,0.6283776,1.51146,1.4979,7.977005,1,2,0.6,4,5,10,10
W3,確認,20260419_06_01,12,0.69805384,1.8312136,1.1250708,6.3089504,1,2,0.75,3,4,7,8
W3,確認,20260419_06_02,16,0.4919442,1.4721152,1.6014173,8.679386,0,1,0.5625,4,8,9,11
W3,確認,20260419_06_03,14,0.7262821,1.7663164,1.6714915,7.2674284,0,2,0.6428571428571429,3,7,8,9
W3,確認,20260419_06_04,16,0.9606834,2.3316004,1.2726312,6.0373926,1,1,0.5625,7,9,10,10
W3,確認,20260419_06_05,10,0.8101852,1.6994636,0.8109293,5.0467477,0,2,0.9,4,4,5,5
W3,確認,20260419_06_07,13,0.6283776,1.4485536,1.4894549,8.264209,0,0,0.6923076923076923,2,3,7,7
W3,確認,20260419_06_08,11,0.5141414,1.4943123,1.2021832,7.204526,0,1,0.8181818181818182,2,2,5,6
W3,確認,20260419_06_09,12,0.7583334,1.8844228,1.2863523,6.7884264,1,2,0.75,2,3,6,7
W3,確認,20260419_06_10,15,0.39695942,1.0955125,1.6000582,11.354023,1,1,0.6,1,2,7,12
W3,確認,20260419_06_11,18,0.39558697,1.0866559,2.0835466,13.674081,0,0,0.5,1,3,11,12
W3,確認,20260419_06_12,18,0.34634247,0.9110963,1.5485129,11.679117,0,0,0.5,5,7,9,14
W3,確認,20260419_09_01,16,0.5982079,1.7100184,1.6664943,7.7121196,1,2,0.5625,6,9,10,10
W3,確認,20260419_09_02,16,0.49008545,1.4365026,1.5326355,8.10805,0,1,0.5625,7,7,10,10
W3,確認,20260419_09_03,16,0.52977926,1.4594423,1.57733,9.065852,0,0,0.5625,5,5,10,11
W3,確認,20260419_09_04,14,0.49008545,1.3565995,1.3852375,8.81118,1,2,0.6428571428571429,1,4,8,9
W3,確認,20260419_09_05,13,0.49008545,1.3265134,1.3329606,8.219146,1,1,0.6923076923076923,3,4,6,9
W3,確認,20260419_09_06,15,0.49008545,1.3065094,1.9328916,10.673722,0,1,0.6,1,2,7,10
W3,確認,20260419_09_07,8,0.5111111,1.491282,1.5547396,7.0212717,1,1,1.125,0,0,1,2
W3,確認,20260419_09_08,11,0.64081186,1.5473762,1.626089,8.190884,1,2,0.8181818181818182,1,1,2,4
W3,確認,20260419_09_09,10,0.5015288,1.3882577,1.146414,7.306105,1,2,0.9,1,1,3,5
W3,確認,20260419_09_10,13,0.6283776,1.5147423,1.3197069,8.133705,1,3,0.6923076923076923,1,2,6,10
W3,確認,20260419_09_11,10,0.49008545,1.3126867,1.5832652,8.2979145,1,1,0.9,1,1,1,4
W3,確認,20260419_09_12,10,0.64081186,1.4351836,1.2532192,7.327629,1,1,0.9,0,1,3,5
W3,確認,20260425_03_01,15,0.53289336,1.5226489,1.2352201,7.264992,0,1,0.6,7,8,8,10
W3,確認,20260425_03_02,16,0.64081186,1.5573848,1.4916179,8.509586,0,1,0.5625,4,6,10,11
W3,確認,20260425_03_03,16,0.5015288,1.3042029,1.7417022,9.993114,0,1,0.5625,4,6,9,11
W3,確認,20260425_03_04,16,0.7033538,1.8964779,1.3925098,7.2526727,1,1,0.5625,6,6,10,12
W3,確認,20260425_03_05,16,0.6997514,1.6118748,1.1710026,6.7927155,1,1,0.5625,6,7,10,11
W3,確認,20260425_03_06,15,0.53804797,1.4237204,1.7066147,8.911935,0,1,0.6,5,5,7,8
W3,確認,20260425_03_07,12,0.4919442,1.3842591,1.3511152,8.114917,0,2,0.75,1,3,6,6
W3,確認,20260425_03_08,15,0.6713025,1.5589968,1.6094363,8.695592,0,1,0.6,1,5,8,8
W3,確認,20260425_03_09,16,0.5894003,1.2988925,1.4409792,8.997849,0,1,0.5625,2,4,9,13
W3,確認,20260425_03_10,16,0.5015288,1.3729596,1.7805115,9.961059,1,2,0.5625,2,6,9,10
W3,確認,20260425_03_11,11,0.39760885,1.0569016,1.6162121,9.711975,0,1,0.8181818181818182,0,0,2,5
W3,確認,20260425_03_12,16,0.52756476,1.2865148,1.6709461,9.351086,0,1,0.5625,4,5,10,10
W3,確認,20260425_05_01,14,0.8046296,1.7212697,1.3449923,6.738022,1,2,0.6428571428571429,5,6,8,8
W3,確認,20260425_05_02,16,0.4919442,1.3748306,1.6720827,9.379366,1,1,0.5625,4,4,8,11
W3,確認,20260425_05_03,13,0.49008545,1.27828,1.254865,8.280572,1,2,0.6923076923076923,3,4,7,8
W3,確認,20260425_05_04,15,0.999999,1.9919491,1.0581968,5.5433636,1,1,0.6,4,7,10,11
W3,確認,20260425_05_05,18,0.77863246,1.6663268,1.8709941,8.60454,1,1,0.5,5,7,10,12
W3,確認,20260425_05_06,16,0.64307433,1.6629391,1.7081219,8.987289,1,2,0.5625,3,4,8,12
W3,確認,20260425_05_07,16,0.39760885,1.083863,1.8216827,11.810255,1,1,0.5625,2,3,8,10
W3,確認,20260425_05_08,8,0.5894003,1.5581658,1.1649004,6.3409376,0,2,1.125,1,1,1,1
W3,確認,20260425_05_09,9,0.64081186,1.7484415,1.3423216,6.2048454,1,2,1.0,1,2,3,4
W3,確認,20260425_05_10,15,0.6283776,1.4142977,1.4555646,8.810769,1,2,0.6,3,4,9,10
W3,確認,20260425_05_11,17,0.64081186,1.5276603,1.815665,9.418592,1,1,0.5294117647058824,4,5,11,12
W3,確認,20260425_05_12,13,0.6283776,1.6199919,1.3757857,7.4619904,0,1,0.6923076923076923,3,4,6,8
W3,確認,20260425_08_01,16,0.9391784,1.921208,1.4129382,6.740243,0,2,0.5625,5,6,10,12
W3,確認,20260425_08_02,16,0.9391784,1.9487468,1.4482558,6.3584003,1,1,0.5625,8,8,10,10
W3,確認,20260425_08_03,14,0.64081186,1.5218871,1.6044601,8.29342,1,2,0.6428571428571429,3,4,7,8
W3,確認,20260425_08_04,10,0.5894003,1.5810145,1.7268944,7.9316783,1,3,0.9,0,1,2,3
W3,確認,20260425_08_05,12,0.4919442,1.4721152,1.235332,7.562139,1,2,0.75,3,4,6,6
W3,確認,20260425_08_06,16,0.64081186,1.6305674,1.6869156,7.91411,1,1,0.5625,6,7,10,10
W3,確認,20260425_08_07,14,0.36283645,1.0703326,1.7899474,10.151018,1,3,0.6428571428571429,3,3,5,7
W3,確認,20260425_08_09,16,0.49008545,1.347511,1.5344107,9.129205,1,2,0.5625,5,6,9,11
W3,確認,20260425_08_10,11,0.5015288,1.3883772,1.5847044,8.647033,1,2,0.8181818181818182,0,1,3,4
W3,確認,20260425_08_11,12,0.43207347,1.1407549,1.3501188,8.655309,0,1,0.75,2,2,4,7
W3,確認,20260425_08_12,11,0.64307433,1.6251041,1.2250885,7.0136395,1,2,0.8181818181818182,2,2,3,7
W3,確認,20260426_03_01,8,0.1290917,0.38594276,0.32421845,6.4409304,0,0,1.125,3,4,8,8
W3,確認,20260426_03_02,8,0.12842552,0.2560149,0.075797305,4.183857,0,0,1.125,6,7,8,8
W3,確認,20260426_03_04,8,0.14197834,0.400535,0.38392213,6.647724,0,0,1.125,2,3,8,8
W3,確認,20260426_03_11,8,0.2654083,0.589358,0.40813622,5.972063,0,0,1.125,1,3,6,7
W3,確認,20260426_03_12,8,0.396763,0.9207755,0.044498447,2.8144302,0,0,1.125,5,5,6,6
W3,確認,20260426_05_03,8,0.30302858,0.5471719,0.07522858,3.0848103,0,0,1.125,4,5,7,7
W3,確認,20260426_05_05,10,0.2785667,0.53541774,0.1704334,4.244767,0,0,0.9,7,7,9,9
W3,確認,20260426_05_07,8,0.19390815,0.46431202,0.16676995,4.8344784,0,0,1.125,4,5,7,8
W3,確認,20260426_05_09,8,0.3714273,0.70414627,0.18145598,3.7396774,0,0,1.125,4,4,6,6
W3,確認,20260426_05_12,8,0.18568958,0.3573655,0.089379504,3.5984764,0,0,1.125,5,6,7,8
W3,確認,20260426_08_01,8,0.23680802,0.4048545,0.20604005,4.621223,0,0,1.125,3,7,7,7
W3,確認,20260426_08_03,10,0.13611817,0.3427938,0.19885345,5.5499635,0,0,0.9,5,8,10,10
W3,確認,20260426_08_10,10,0.2654083,0.6080334,0.4803015,6.489543,0,0,0.9,4,5,6,9
W3,確認,20260426_08_11,10,0.31295025,0.70678407,0.4920045,6.1896415,0,0,0.9,2,5,8,8
